country_iso3,country_name,year,pathway,vulnerability,resilience,risk,vulnerability_level,resilience_level,risk_level,n_indicators
DZA,Algeria,2005,Climate,0.1512,0.0751,0.5381,very low,very low,moderate,2
DZA,Algeria,2006,Climate,0.1467,0.0502,0.5482,very low,very low,moderate,2
DZA,Algeria,2007,Climate,0.1457,0.0254,0.5602,very low,very low,moderate,2
DZA,Algeria,2008,Climate,0.1276,0.0005,0.5635,very low,very low,moderate,2
DZA,Algeria,2009,Climate,0.1852,0.0,0.5926,very low,very low,moderate,2
DZA,Algeria,2010,Climate,0.1739,0.0,0.587,very low,very low,moderate,2
DZA,Algeria,2011,Climate,0.1635,0.0,0.5817,very low,very low,moderate,2
DZA,Algeria,2012,Climate,0.1855,0.0,0.5928,very low,very low,moderate,2
DZA,Algeria,2013,Climate,0.2111,0.0,0.6055,low,very low,high,2
DZA,Algeria,2014,Climate,0.2178,0.0,0.6089,low,very low,high,2
DZA,Algeria,2015,Climate,0.2441,0.0,0.6221,low,very low,high,2
DZA,Algeria,2016,Climate,0.2567,0.0,0.6283,low,very low,high,2
DZA,Algeria,2017,Climate,0.2558,0.0,0.6279,low,very low,high,2
DZA,Algeria,2018,Climate,0.2608,0.0,0.6304,low,very low,high,2
DZA,Algeria,2019,Climate,0.2663,0.0,0.6331,low,very low,high,2
DZA,Algeria,2020,Climate,0.298,0.0,0.649,low,very low,high,2
DZA,Algeria,2021,Climate,0.2606,0.0,0.6303,low,very low,high,2
DZA,Algeria,2022,Climate,0.2468,0.0,0.6234,low,very low,high,2
DZA,Algeria,2023,Climate,0.3105,0.0,0.6552,low,very low,high,2
DZA,Algeria,2024,Climate,0.3243,0.0,0.6621,low,very low,high,2
DZA,Algeria,2005,Conflict,0.2285,0.442,0.3932,low,moderate,low,7
DZA,Algeria,2006,Conflict,0.2421,0.4401,0.401,low,moderate,moderate,7
DZA,Algeria,2007,Conflict,0.4132,0.4412,0.486,moderate,moderate,moderate,7
DZA,Algeria,2008,Conflict,0.4063,0.4395,0.4834,moderate,moderate,moderate,7
DZA,Algeria,2009,Conflict,0.3382,0.445,0.4466,low,moderate,moderate,7
DZA,Algeria,2010,Conflict,0.3422,0.4334,0.4544,low,moderate,moderate,7
DZA,Algeria,2011,Conflict,0.3506,0.4453,0.4526,low,moderate,moderate,7
DZA,Algeria,2012,Conflict,0.3403,0.4495,0.4454,low,moderate,moderate,7
DZA,Algeria,2013,Conflict,0.5084,0.4549,0.5267,moderate,moderate,moderate,7
DZA,Algeria,2014,Conflict,0.4969,0.4686,0.5142,moderate,moderate,moderate,7
DZA,Algeria,2015,Conflict,0.5718,0.4778,0.547,moderate,moderate,moderate,7
DZA,Algeria,2016,Conflict,0.5764,0.4764,0.55,moderate,moderate,moderate,7
DZA,Algeria,2017,Conflict,0.4796,0.4692,0.5052,moderate,moderate,moderate,7
DZA,Algeria,2018,Conflict,0.4597,0.457,0.5013,moderate,moderate,moderate,7
DZA,Algeria,2019,Conflict,0.4875,0.4549,0.5163,moderate,moderate,moderate,7
DZA,Algeria,2020,Conflict,0.476,0.4703,0.5028,moderate,moderate,moderate,7
DZA,Algeria,2021,Conflict,0.3934,0.455,0.4692,low,moderate,moderate,7
DZA,Algeria,2022,Conflict,0.3872,0.4395,0.4738,low,moderate,moderate,7
DZA,Algeria,2023,Conflict,0.3821,0.4962,0.4429,low,moderate,moderate,7
DZA,Algeria,2024,Conflict,0.2129,0.5044,0.3542,low,moderate,low,7
DZA,Algeria,2005,Development,0.3084,0.3751,0.4666,low,low,moderate,8
DZA,Algeria,2006,Development,0.2787,0.342,0.4684,low,low,moderate,8
DZA,Algeria,2007,Development,0.2888,0.3493,0.4697,low,low,moderate,8
DZA,Algeria,2008,Development,0.281,0.3423,0.4694,low,low,moderate,8
DZA,Algeria,2009,Development,0.2764,0.3193,0.4785,low,low,moderate,8
DZA,Algeria,2010,Development,0.2598,0.3688,0.4455,low,low,moderate,8
DZA,Algeria,2011,Development,0.2605,0.3423,0.4591,low,low,moderate,8
DZA,Algeria,2012,Development,0.2688,0.3364,0.4662,low,low,moderate,8
DZA,Algeria,2013,Development,0.2588,0.3493,0.4548,low,low,moderate,8
DZA,Algeria,2014,Development,0.2798,0.3562,0.4618,low,low,moderate,8
DZA,Algeria,2015,Development,0.2859,0.3376,0.4741,low,low,moderate,8
DZA,Algeria,2016,Development,0.281,0.3474,0.4668,low,low,moderate,8
DZA,Algeria,2017,Development,0.2834,0.317,0.4832,low,low,moderate,8
DZA,Algeria,2018,Development,0.2841,0.3172,0.4835,low,low,moderate,8
DZA,Algeria,2019,Development,0.29,0.3115,0.4893,low,low,moderate,8
DZA,Algeria,2020,Development,0.3015,0.2432,0.5291,low,low,moderate,8
DZA,Algeria,2021,Development,0.2996,0.3561,0.4718,low,low,moderate,8
DZA,Algeria,2022,Development,0.2907,0.3511,0.4698,low,low,moderate,8
DZA,Algeria,2023,Development,0.2862,0.3649,0.4607,low,low,moderate,8
DZA,Algeria,2024,Development,0.2825,0.3644,0.4591,low,low,moderate,8
DZA,Algeria,2005,Overall,0.2293,0.2974,0.466,low,low,moderate,17
DZA,Algeria,2006,Overall,0.2225,0.2774,0.4725,low,low,moderate,17
DZA,Algeria,2007,Overall,0.2826,0.272,0.5053,low,low,moderate,17
DZA,Algeria,2008,Overall,0.2716,0.2608,0.5054,low,low,moderate,17
DZA,Algeria,2009,Overall,0.2666,0.2548,0.5059,low,low,moderate,17
DZA,Algeria,2010,Overall,0.2587,0.2674,0.4956,low,low,moderate,17
DZA,Algeria,2011,Overall,0.2582,0.2625,0.4978,low,low,moderate,17
DZA,Algeria,2012,Overall,0.2649,0.262,0.5014,low,low,moderate,17
DZA,Algeria,2013,Overall,0.3261,0.2681,0.529,low,low,moderate,17
DZA,Algeria,2014,Overall,0.3315,0.2749,0.5283,low,low,moderate,17
DZA,Algeria,2015,Overall,0.3673,0.2718,0.5477,low,low,moderate,17
DZA,Algeria,2016,Overall,0.3714,0.2746,0.5484,low,low,moderate,17
DZA,Algeria,2017,Overall,0.3396,0.2621,0.5388,low,low,moderate,17
DZA,Algeria,2018,Overall,0.3349,0.2581,0.5384,low,low,moderate,17
DZA,Algeria,2019,Overall,0.3479,0.2554,0.5462,low,low,moderate,17
DZA,Algeria,2020,Overall,0.3585,0.2378,0.5603,low,low,moderate,17
DZA,Algeria,2021,Overall,0.3179,0.2703,0.5238,low,low,moderate,17
DZA,Algeria,2022,Overall,0.3082,0.2635,0.5223,low,low,moderate,17
DZA,Algeria,2023,Overall,0.3262,0.287,0.5196,low,low,moderate,17
DZA,Algeria,2024,Overall,0.2732,0.2896,0.4918,low,low,moderate,17
BHR,Bahrain,2005,Climate,,0.0,1.0,,very low,very high,1
BHR,Bahrain,2006,Climate,0.0041,0.0,0.502,very low,very low,moderate,2
BHR,Bahrain,2007,Climate,0.0046,0.0,0.5023,very low,very low,moderate,2
BHR,Bahrain,2008,Climate,0.004,0.0,0.502,very low,very low,moderate,2
BHR,Bahrain,2009,Climate,0.0057,0.0,0.5028,very low,very low,moderate,2
BHR,Bahrain,2010,Climate,0.0045,0.0,0.5022,very low,very low,moderate,2
BHR,Bahrain,2011,Climate,0.0043,0.0,0.5022,very low,very low,moderate,2
BHR,Bahrain,2012,Climate,0.004,0.0,0.502,very low,very low,moderate,2
BHR,Bahrain,2013,Climate,0.004,0.0,0.502,very low,very low,moderate,2
BHR,Bahrain,2014,Climate,0.0045,0.0,0.5023,very low,very low,moderate,2
BHR,Bahrain,2015,Climate,0.0049,0.0,0.5024,very low,very low,moderate,2
BHR,Bahrain,2016,Climate,0.0052,0.0,0.5026,very low,very low,moderate,2
BHR,Bahrain,2017,Climate,0.0043,0.0,0.5021,very low,very low,moderate,2
BHR,Bahrain,2018,Climate,0.0042,0.0,0.5021,very low,very low,moderate,2
BHR,Bahrain,2019,Climate,0.0041,0.0,0.502,very low,very low,moderate,2
BHR,Bahrain,2020,Climate,0.0049,0.0,0.5024,very low,very low,moderate,2
BHR,Bahrain,2021,Climate,0.0041,0.0,0.502,very low,very low,moderate,2
BHR,Bahrain,2022,Climate,0.0036,0.0,0.5018,very low,very low,moderate,2
BHR,Bahrain,2023,Climate,0.0037,0.0,0.5018,very low,very low,moderate,2
BHR,Bahrain,2024,Climate,0.0035,0.0,0.5018,very low,very low,moderate,2
BHR,Bahrain,2005,Conflict,0.1701,0.487,0.3416,very low,moderate,low,7
BHR,Bahrain,2006,Conflict,0.185,0.4687,0.3582,very low,moderate,low,7
BHR,Bahrain,2007,Conflict,0.1787,0.4608,0.359,very low,moderate,low,7
BHR,Bahrain,2008,Conflict,0.181,0.4511,0.365,very low,moderate,low,7
BHR,Bahrain,2009,Conflict,0.1801,0.4592,0.3604,very low,moderate,low,7
BHR,Bahrain,2010,Conflict,0.2158,0.4399,0.388,low,moderate,low,7
BHR,Bahrain,2011,Conflict,0.2452,0.4321,0.4065,low,moderate,moderate,7
BHR,Bahrain,2012,Conflict,0.2357,0.4327,0.4015,low,moderate,moderate,7
BHR,Bahrain,2013,Conflict,0.2528,0.4331,0.4099,low,moderate,moderate,7
BHR,Bahrain,2014,Conflict,0.2363,0.437,0.3997,low,moderate,low,7
BHR,Bahrain,2015,Conflict,0.2306,0.4439,0.3934,low,moderate,low,7
BHR,Bahrain,2016,Conflict,0.2273,0.4367,0.3953,low,moderate,low,7
BHR,Bahrain,2017,Conflict,0.2338,0.4259,0.404,low,moderate,moderate,7
BHR,Bahrain,2018,Conflict,0.2245,0.4175,0.4035,low,moderate,moderate,7
BHR,Bahrain,2019,Conflict,0.2069,0.4187,0.3941,low,moderate,low,7
BHR,Bahrain,2020,Conflict,0.2064,0.4209,0.3928,low,moderate,low,7
BHR,Bahrain,2021,Conflict,0.2003,0.4097,0.3953,low,moderate,low,7
BHR,Bahrain,2022,Conflict,0.1988,0.4081,0.3954,very low,moderate,low,7
BHR,Bahrain,2023,Conflict,0.2,0.4087,0.3957,low,moderate,low,7
BHR,Bahrain,2024,Conflict,0.1851,0.3991,0.393,very low,low,low,7
BHR,Bahrain,2005,Development,0.2468,0.4534,0.3967,low,moderate,low,7
BHR,Bahrain,2006,Development,0.2508,0.4417,0.4045,low,moderate,moderate,7
BHR,Bahrain,2007,Development,0.2507,0.4661,0.3923,low,moderate,low,7
BHR,Bahrain,2008,Development,0.2587,0.4524,0.4032,low,moderate,moderate,7
BHR,Bahrain,2009,Development,0.2533,0.4127,0.4203,low,moderate,moderate,7
BHR,Bahrain,2010,Development,0.2461,0.4202,0.413,low,moderate,moderate,7
BHR,Bahrain,2011,Development,0.2422,0.392,0.4251,low,low,moderate,7
BHR,Bahrain,2012,Development,0.2449,0.399,0.4229,low,low,moderate,7
BHR,Bahrain,2013,Development,0.2416,0.413,0.4143,low,moderate,moderate,7
BHR,Bahrain,2014,Development,0.2629,0.4016,0.4307,low,moderate,moderate,7
BHR,Bahrain,2015,Development,0.2571,0.398,0.4295,low,low,moderate,7
BHR,Bahrain,2016,Development,0.2699,0.4043,0.4328,low,moderate,moderate,7
BHR,Bahrain,2017,Development,0.2754,0.4157,0.4299,low,moderate,moderate,7
BHR,Bahrain,2018,Development,0.2753,0.392,0.4416,low,low,moderate,7
BHR,Bahrain,2019,Development,0.2699,0.412,0.4289,low,moderate,moderate,7
BHR,Bahrain,2020,Development,0.2755,0.329,0.4733,low,low,moderate,7
BHR,Bahrain,2021,Development,0.2436,0.4318,0.4059,low,moderate,moderate,7
BHR,Bahrain,2022,Development,0.2478,0.4535,0.3972,low,moderate,low,7
BHR,Bahrain,2023,Development,0.2368,0.4418,0.3975,low,moderate,low,7
BHR,Bahrain,2024,Development,0.2357,0.4385,0.3986,low,moderate,low,7
BHR,Bahrain,2005,Overall,0.2085,0.3135,0.4475,low,low,moderate,15
BHR,Bahrain,2006,Overall,0.1466,0.3035,0.4216,very low,low,moderate,16
BHR,Bahrain,2007,Overall,0.1447,0.3089,0.4179,very low,low,moderate,16
BHR,Bahrain,2008,Overall,0.1479,0.3012,0.4234,very low,low,moderate,16
BHR,Bahrain,2009,Overall,0.1463,0.2907,0.4278,very low,low,moderate,16
BHR,Bahrain,2010,Overall,0.1555,0.2867,0.4344,very low,low,moderate,16
BHR,Bahrain,2011,Overall,0.1639,0.2747,0.4446,very low,low,moderate,16
BHR,Bahrain,2012,Overall,0.1615,0.2772,0.4421,very low,low,moderate,16
BHR,Bahrain,2013,Overall,0.1661,0.282,0.4421,very low,low,moderate,16
BHR,Bahrain,2014,Overall,0.1679,0.2795,0.4442,very low,low,moderate,16
BHR,Bahrain,2015,Overall,0.1642,0.2806,0.4418,very low,low,moderate,16
BHR,Bahrain,2016,Overall,0.1675,0.2803,0.4436,very low,low,moderate,16
BHR,Bahrain,2017,Overall,0.1712,0.2805,0.4453,very low,low,moderate,16
BHR,Bahrain,2018,Overall,0.168,0.2698,0.4491,very low,low,moderate,16
BHR,Bahrain,2019,Overall,0.1603,0.2769,0.4417,very low,low,moderate,16
BHR,Bahrain,2020,Overall,0.1623,0.25,0.4562,very low,low,moderate,16
BHR,Bahrain,2021,Overall,0.1493,0.2805,0.4344,very low,low,moderate,16
BHR,Bahrain,2022,Overall,0.1501,0.2872,0.4314,very low,low,moderate,16
BHR,Bahrain,2023,Overall,0.1469,0.2835,0.4317,very low,low,moderate,16
BHR,Bahrain,2024,Overall,0.1414,0.2792,0.4311,very low,low,moderate,16
COM,Comoros,2005,Climate,0.6848,0.9917,0.3466,high,very high,low,2
COM,Comoros,2006,Climate,0.6848,0.9917,0.3466,high,very high,low,2
COM,Comoros,2007,Climate,0.675,0.9917,0.3417,high,very high,low,2
COM,Comoros,2008,Climate,0.6793,0.9917,0.3438,high,very high,low,2
COM,Comoros,2009,Climate,0.7002,0.9917,0.3543,high,very high,low,2
COM,Comoros,2010,Climate,0.7092,0.9917,0.3587,high,very high,low,2
COM,Comoros,2011,Climate,0.7126,0.9917,0.3605,high,very high,low,2
COM,Comoros,2012,Climate,0.7035,0.9917,0.3559,high,very high,low,2
COM,Comoros,2013,Climate,0.7179,0.9917,0.3631,high,very high,low,2
COM,Comoros,2014,Climate,0.6997,0.9917,0.354,high,very high,low,2
COM,Comoros,2015,Climate,0.7134,0.9917,0.3609,high,very high,low,2
COM,Comoros,2016,Climate,0.7314,0.9917,0.3699,high,very high,low,2
COM,Comoros,2017,Climate,0.7438,0.9917,0.3761,high,very high,low,2
COM,Comoros,2018,Climate,0.7864,0.9917,0.3974,high,very high,low,2
COM,Comoros,2019,Climate,0.8309,0.9917,0.4196,very high,very high,moderate,2
COM,Comoros,2020,Climate,0.835,0.9917,0.4217,very high,very high,moderate,2
COM,Comoros,2021,Climate,0.822,0.9917,0.4152,very high,very high,moderate,2
COM,Comoros,2022,Climate,0.8202,0.9917,0.4143,very high,very high,moderate,2
COM,Comoros,2023,Climate,0.7966,0.9917,0.4025,high,very high,moderate,2
COM,Comoros,2024,Climate,0.8413,0.9917,0.4248,very high,very high,moderate,2
COM,Comoros,2005,Conflict,0.2128,0.6849,0.2639,low,high,low,5
COM,Comoros,2006,Conflict,0.1928,0.7093,0.2418,very low,high,low,5
COM,Comoros,2007,Conflict,0.2331,0.6976,0.2677,low,high,low,5
COM,Comoros,2008,Conflict,0.2331,0.697,0.2681,low,high,low,5
COM,Comoros,2009,Conflict,0.2004,0.6924,0.254,low,high,low,5
COM,Comoros,2010,Conflict,0.1988,0.6903,0.2543,very low,high,low,5
COM,Comoros,2011,Conflict,0.2018,0.6971,0.2524,low,high,low,5
COM,Comoros,2012,Conflict,0.193,0.6941,0.2495,very low,high,low,5
COM,Comoros,2013,Conflict,0.1826,0.6866,0.248,very low,high,low,5
COM,Comoros,2014,Conflict,0.1677,0.689,0.2394,very low,high,low,5
COM,Comoros,2015,Conflict,0.1731,0.681,0.246,very low,high,low,5
COM,Comoros,2016,Conflict,0.184,0.6778,0.2531,very low,high,low,5
COM,Comoros,2017,Conflict,0.18,0.6781,0.251,very low,high,low,5
COM,Comoros,2018,Conflict,0.1938,0.667,0.2634,very low,high,low,5
COM,Comoros,2019,Conflict,0.197,0.6291,0.2839,very low,high,low,5
COM,Comoros,2020,Conflict,0.1971,0.6269,0.2851,very low,high,low,5
COM,Comoros,2021,Conflict,0.1932,0.6183,0.2875,very low,high,low,5
COM,Comoros,2022,Conflict,0.1917,0.6173,0.2872,very low,high,low,5
COM,Comoros,2023,Conflict,0.1916,0.6176,0.287,very low,high,low,5
COM,Comoros,2024,Conflict,0.1814,0.6217,0.2798,very low,high,low,5
COM,Comoros,2005,Development,0.3242,0.3511,0.4865,low,low,moderate,8
COM,Comoros,2006,Development,0.3159,0.2587,0.5286,low,low,moderate,8
COM,Comoros,2007,Development,0.3176,0.2912,0.5132,low,low,moderate,8
COM,Comoros,2008,Development,0.3327,0.324,0.5044,low,low,moderate,8
COM,Comoros,2009,Development,0.3351,0.3033,0.5159,low,low,moderate,8
COM,Comoros,2010,Development,0.3248,0.3211,0.5018,low,low,moderate,8
COM,Comoros,2011,Development,0.3288,0.3264,0.5012,low,low,moderate,8
COM,Comoros,2012,Development,0.3375,0.3146,0.5114,low,low,moderate,8
COM,Comoros,2013,Development,0.3336,0.3375,0.498,low,low,moderate,8
COM,Comoros,2014,Development,0.3457,0.3236,0.5111,low,low,moderate,8
COM,Comoros,2015,Development,0.3475,0.3156,0.516,low,low,moderate,8
COM,Comoros,2016,Development,0.335,0.3455,0.4947,low,low,moderate,8
COM,Comoros,2017,Development,0.3449,0.343,0.5009,low,low,moderate,8
COM,Comoros,2018,Development,0.3635,0.3322,0.5157,low,low,moderate,8
COM,Comoros,2019,Development,0.3743,0.3019,0.5362,low,low,moderate,8
COM,Comoros,2020,Development,0.4116,0.2689,0.5713,moderate,low,moderate,8
COM,Comoros,2021,Development,0.437,0.2935,0.5718,moderate,low,moderate,8
COM,Comoros,2022,Development,0.4257,0.2907,0.5675,moderate,low,moderate,8
COM,Comoros,2023,Development,0.4077,0.3049,0.5514,moderate,low,moderate,8
COM,Comoros,2024,Development,0.4062,0.307,0.5496,moderate,low,moderate,8
COM,Comoros,2005,Overall,0.4073,0.6759,0.3657,moderate,high,low,15
COM,Comoros,2006,Overall,0.3979,0.6532,0.3723,low,high,low,15
COM,Comoros,2007,Overall,0.4086,0.6601,0.3742,moderate,high,low,15
COM,Comoros,2008,Overall,0.415,0.6709,0.3721,moderate,high,low,15
COM,Comoros,2009,Overall,0.4119,0.6624,0.3747,moderate,high,low,15
COM,Comoros,2010,Overall,0.4109,0.6677,0.3716,moderate,high,low,15
COM,Comoros,2011,Overall,0.4144,0.6717,0.3714,moderate,high,low,15
COM,Comoros,2012,Overall,0.4113,0.6668,0.3723,moderate,high,low,15
COM,Comoros,2013,Overall,0.4114,0.6719,0.3697,moderate,high,low,15
COM,Comoros,2014,Overall,0.4044,0.6681,0.3681,moderate,high,low,15
COM,Comoros,2015,Overall,0.4113,0.6628,0.3743,moderate,high,low,15
COM,Comoros,2016,Overall,0.4168,0.6717,0.3726,moderate,high,low,15
COM,Comoros,2017,Overall,0.4229,0.6709,0.376,moderate,high,low,15
COM,Comoros,2018,Overall,0.4479,0.6636,0.3922,moderate,high,low,15
COM,Comoros,2019,Overall,0.4674,0.6409,0.4133,moderate,high,moderate,15
COM,Comoros,2020,Overall,0.4812,0.6292,0.426,moderate,high,moderate,15
COM,Comoros,2021,Overall,0.4841,0.6345,0.4248,moderate,high,moderate,15
COM,Comoros,2022,Overall,0.4792,0.6332,0.423,moderate,high,moderate,15
COM,Comoros,2023,Overall,0.4653,0.638,0.4136,moderate,high,moderate,15
COM,Comoros,2024,Overall,0.4763,0.6401,0.4181,moderate,high,moderate,15
DJI,Djibouti,2005,Climate,,0.9367,0.0633,,very high,very low,1
DJI,Djibouti,2006,Climate,,0.9367,0.0633,,very high,very low,1
DJI,Djibouti,2007,Climate,,0.9367,0.0633,,very high,very low,1
DJI,Djibouti,2008,Climate,,0.9367,0.0633,,very high,very low,1
DJI,Djibouti,2009,Climate,,0.9367,0.0633,,very high,very low,1
DJI,Djibouti,2010,Climate,,0.9367,0.0633,,very high,very low,1
DJI,Djibouti,2011,Climate,,0.9367,0.0633,,very high,very low,1
DJI,Djibouti,2012,Climate,,0.9367,0.0633,,very high,very low,1
DJI,Djibouti,2013,Climate,0.0257,0.9367,0.0445,very low,very high,very low,2
DJI,Djibouti,2014,Climate,0.0264,0.9367,0.0449,very low,very high,very low,2
DJI,Djibouti,2015,Climate,0.0226,0.9367,0.0429,very low,very high,very low,2
DJI,Djibouti,2016,Climate,0.0211,0.9367,0.0422,very low,very high,very low,2
DJI,Djibouti,2017,Climate,0.0281,0.9367,0.0457,very low,very high,very low,2
DJI,Djibouti,2018,Climate,0.0309,0.9367,0.0471,very low,very high,very low,2
DJI,Djibouti,2019,Climate,0.0333,0.9367,0.0483,very low,very high,very low,2
DJI,Djibouti,2020,Climate,0.0445,0.9367,0.0539,very low,very high,very low,2
DJI,Djibouti,2021,Climate,0.0681,0.9367,0.0657,very low,very high,very low,2
DJI,Djibouti,2022,Climate,0.0593,0.9367,0.0613,very low,very high,very low,2
DJI,Djibouti,2023,Climate,0.0563,0.9367,0.0598,very low,very high,very low,2
DJI,Djibouti,2024,Climate,0.0565,0.9367,0.0599,very low,very high,very low,2
DJI,Djibouti,2005,Conflict,0.2975,0.541,0.3782,low,moderate,low,7
DJI,Djibouti,2006,Conflict,0.3425,0.5453,0.3986,low,moderate,low,7
DJI,Djibouti,2007,Conflict,0.3334,0.4963,0.4186,low,moderate,moderate,7
DJI,Djibouti,2008,Conflict,0.4224,0.4966,0.4629,moderate,moderate,moderate,7
DJI,Djibouti,2009,Conflict,0.2973,0.4912,0.403,low,moderate,moderate,7
DJI,Djibouti,2010,Conflict,0.3094,0.4844,0.4125,low,moderate,moderate,7
DJI,Djibouti,2011,Conflict,0.3255,0.4696,0.4279,low,moderate,moderate,7
DJI,Djibouti,2012,Conflict,0.3255,0.466,0.4297,low,moderate,moderate,7
DJI,Djibouti,2013,Conflict,0.353,0.457,0.448,low,moderate,moderate,7
DJI,Djibouti,2014,Conflict,0.359,0.5583,0.4003,low,moderate,moderate,6
DJI,Djibouti,2015,Conflict,0.3662,0.5569,0.4047,low,moderate,moderate,6
DJI,Djibouti,2016,Conflict,0.4638,0.5622,0.4508,moderate,moderate,moderate,6
DJI,Djibouti,2017,Conflict,0.3003,0.5559,0.3722,low,moderate,low,6
DJI,Djibouti,2018,Conflict,0.2698,0.5606,0.3546,low,moderate,low,6
DJI,Djibouti,2019,Conflict,0.359,0.5489,0.405,low,moderate,moderate,6
DJI,Djibouti,2020,Conflict,0.3639,0.5506,0.4067,low,moderate,moderate,6
DJI,Djibouti,2021,Conflict,0.3685,0.5483,0.4101,low,moderate,moderate,6
DJI,Djibouti,2022,Conflict,0.3652,0.5518,0.4067,low,moderate,moderate,6
DJI,Djibouti,2023,Conflict,0.3643,0.5482,0.408,low,moderate,moderate,6
DJI,Djibouti,2024,Conflict,0.2038,0.5461,0.3288,low,moderate,low,6
DJI,Djibouti,2005,Development,0.4354,0.1535,0.6409,moderate,very low,high,7
DJI,Djibouti,2006,Development,0.4428,0.1584,0.6422,moderate,very low,high,7
DJI,Djibouti,2007,Development,0.4252,0.1639,0.6306,moderate,very low,high,7
DJI,Djibouti,2008,Development,0.4095,0.1778,0.6158,moderate,very low,high,7
DJI,Djibouti,2009,Development,0.4268,0.1784,0.6242,moderate,very low,high,7
DJI,Djibouti,2010,Development,0.4183,0.1764,0.6209,moderate,very low,high,7
DJI,Djibouti,2011,Development,0.4166,0.1686,0.624,moderate,very low,high,7
DJI,Djibouti,2012,Development,0.4144,0.1689,0.6227,moderate,very low,high,7
DJI,Djibouti,2013,Development,0.4089,0.1668,0.621,moderate,very low,high,7
DJI,Djibouti,2014,Development,0.4147,0.367,0.5238,moderate,low,moderate,8
DJI,Djibouti,2015,Development,0.4119,0.3711,0.5204,moderate,low,moderate,8
DJI,Djibouti,2016,Development,0.409,0.3691,0.52,moderate,low,moderate,8
DJI,Djibouti,2017,Development,0.408,0.3477,0.5301,moderate,low,moderate,8
DJI,Djibouti,2018,Development,0.4165,0.3418,0.5374,moderate,low,moderate,8
DJI,Djibouti,2019,Development,0.4305,0.3496,0.5404,moderate,low,moderate,8
DJI,Djibouti,2020,Development,0.4269,0.2916,0.5677,moderate,low,moderate,8
DJI,Djibouti,2021,Development,0.4272,0.3335,0.5469,moderate,low,moderate,8
DJI,Djibouti,2022,Development,0.4076,0.3442,0.5317,moderate,low,moderate,8
DJI,Djibouti,2023,Development,0.4128,0.3634,0.5247,moderate,low,moderate,8
DJI,Djibouti,2024,Development,0.41,0.3689,0.5205,moderate,low,moderate,8
DJI,Djibouti,2005,Overall,0.3664,0.5437,0.4113,low,moderate,moderate,15
DJI,Djibouti,2006,Overall,0.3926,0.5468,0.4229,low,moderate,moderate,15
DJI,Djibouti,2007,Overall,0.3793,0.5323,0.4235,low,moderate,moderate,15
DJI,Djibouti,2008,Overall,0.4159,0.537,0.4394,moderate,moderate,moderate,15
DJI,Djibouti,2009,Overall,0.3621,0.5354,0.4133,low,moderate,moderate,15
DJI,Djibouti,2010,Overall,0.3639,0.5325,0.4157,low,moderate,moderate,15
DJI,Djibouti,2011,Overall,0.371,0.5249,0.423,low,moderate,moderate,15
DJI,Djibouti,2012,Overall,0.3699,0.5239,0.423,low,moderate,moderate,15
DJI,Djibouti,2013,Overall,0.2625,0.5202,0.3712,low,moderate,low,16
DJI,Djibouti,2014,Overall,0.2667,0.6207,0.323,low,high,low,16
DJI,Djibouti,2015,Overall,0.2669,0.6215,0.3227,low,high,low,16
DJI,Djibouti,2016,Overall,0.298,0.6227,0.3377,low,high,low,16
DJI,Djibouti,2017,Overall,0.2455,0.6134,0.316,low,high,low,16
DJI,Djibouti,2018,Overall,0.2391,0.613,0.313,low,high,low,16
DJI,Djibouti,2019,Overall,0.2743,0.6117,0.3313,low,high,low,16
DJI,Djibouti,2020,Overall,0.2785,0.5929,0.3428,low,moderate,low,16
DJI,Djibouti,2021,Overall,0.2879,0.6061,0.3409,low,high,low,16
DJI,Djibouti,2022,Overall,0.2774,0.6109,0.3332,low,high,low,16
DJI,Djibouti,2023,Overall,0.2778,0.6161,0.3308,low,high,low,16
DJI,Djibouti,2024,Overall,0.2234,0.6172,0.3031,low,high,low,16
EGY,Egypt,2005,Climate,0.3248,0.0,0.6624,low,very low,high,2
EGY,Egypt,2006,Climate,0.3074,0.0,0.6537,low,very low,high,2
EGY,Egypt,2007,Climate,0.3117,0.0,0.6558,low,very low,high,2
EGY,Egypt,2008,Climate,0.2932,0.0,0.6466,low,very low,high,2
EGY,Egypt,2009,Climate,0.3018,0.0,0.6509,low,very low,high,2
EGY,Egypt,2010,Climate,0.3098,0.0,0.6549,low,very low,high,2
EGY,Egypt,2011,Climate,0.3222,0.0,0.6611,low,very low,high,2
EGY,Egypt,2012,Climate,0.2614,0.0,0.6307,low,very low,high,2
EGY,Egypt,2013,Climate,0.2615,0.0,0.6307,low,very low,high,2
EGY,Egypt,2014,Climate,0.263,0.0,0.6315,low,very low,high,2
EGY,Egypt,2015,Climate,0.2643,0.0,0.6321,low,very low,high,2
EGY,Egypt,2016,Climate,0.2731,0.0,0.6365,low,very low,high,2
EGY,Egypt,2017,Climate,0.2547,0.0,0.6274,low,very low,high,2
EGY,Egypt,2018,Climate,0.2511,0.0,0.6255,low,very low,high,2
EGY,Egypt,2019,Climate,0.248,0.0,0.624,low,very low,high,2
EGY,Egypt,2020,Climate,0.259,0.0,0.6295,low,very low,high,2
EGY,Egypt,2021,Climate,0.2653,0.0,0.6326,low,very low,high,2
EGY,Egypt,2022,Climate,0.2538,0.0,0.6269,low,very low,high,2
EGY,Egypt,2023,Climate,0.2457,0.0,0.6229,low,very low,high,2
EGY,Egypt,2024,Climate,0.3185,0.0,0.6592,low,very low,high,2
EGY,Egypt,2005,Conflict,0.3797,0.428,0.4758,low,moderate,moderate,7
EGY,Egypt,2006,Conflict,0.3784,0.4304,0.474,low,moderate,moderate,7
EGY,Egypt,2007,Conflict,0.3634,0.4235,0.4699,low,moderate,moderate,7
EGY,Egypt,2008,Conflict,0.3621,0.417,0.4726,low,moderate,moderate,7
EGY,Egypt,2009,Conflict,0.3714,0.4166,0.4774,low,moderate,moderate,7
EGY,Egypt,2010,Conflict,0.4,0.4059,0.4971,moderate,moderate,moderate,7
EGY,Egypt,2011,Conflict,0.5293,0.4072,0.561,moderate,moderate,moderate,7
EGY,Egypt,2012,Conflict,0.4393,0.4147,0.5123,moderate,moderate,moderate,7
EGY,Egypt,2013,Conflict,0.4538,0.3965,0.5287,moderate,low,moderate,7
EGY,Egypt,2014,Conflict,0.5185,0.3908,0.5638,moderate,low,moderate,7
EGY,Egypt,2015,Conflict,0.4397,0.3884,0.5256,moderate,low,moderate,7
EGY,Egypt,2016,Conflict,0.4383,0.3835,0.5274,moderate,low,moderate,7
EGY,Egypt,2017,Conflict,0.4346,0.3808,0.5269,moderate,low,moderate,7
EGY,Egypt,2018,Conflict,0.5051,0.369,0.568,moderate,low,moderate,7
EGY,Egypt,2019,Conflict,0.4171,0.3659,0.5256,moderate,low,moderate,7
EGY,Egypt,2020,Conflict,0.4944,0.3637,0.5654,moderate,low,moderate,7
EGY,Egypt,2021,Conflict,0.4051,0.3601,0.5225,moderate,low,moderate,7
EGY,Egypt,2022,Conflict,0.3983,0.3596,0.5194,low,low,moderate,7
EGY,Egypt,2023,Conflict,0.3933,0.358,0.5176,low,low,moderate,7
EGY,Egypt,2024,Conflict,0.2319,0.3558,0.438,low,low,moderate,7
EGY,Egypt,2005,Development,0.3148,0.4455,0.4347,low,moderate,moderate,9
EGY,Egypt,2006,Development,0.3041,0.4704,0.4168,low,moderate,moderate,9
EGY,Egypt,2007,Development,0.2961,0.4705,0.4128,low,moderate,moderate,9
EGY,Egypt,2008,Development,0.2939,0.4774,0.4082,low,moderate,moderate,9
EGY,Egypt,2009,Development,0.2826,0.4599,0.4113,low,moderate,moderate,9
EGY,Egypt,2010,Development,0.2968,0.4464,0.4252,low,moderate,moderate,9
EGY,Egypt,2011,Development,0.3123,0.395,0.4586,low,low,moderate,9
EGY,Egypt,2012,Development,0.3183,0.3857,0.4663,low,low,moderate,9
EGY,Egypt,2013,Development,0.3233,0.3673,0.478,low,low,moderate,9
EGY,Egypt,2014,Development,0.3229,0.3605,0.4812,low,low,moderate,9
EGY,Egypt,2015,Development,0.3165,0.3751,0.4707,low,low,moderate,9
EGY,Egypt,2016,Development,0.3052,0.3742,0.4655,low,low,moderate,9
EGY,Egypt,2017,Development,0.3188,0.3784,0.4702,low,low,moderate,9
EGY,Egypt,2018,Development,0.3129,0.3916,0.4606,low,low,moderate,9
EGY,Egypt,2019,Development,0.3061,0.3933,0.4564,low,low,moderate,9
EGY,Egypt,2020,Development,0.3122,0.3734,0.4694,low,low,moderate,9
EGY,Egypt,2021,Development,0.3103,0.3426,0.4839,low,low,moderate,8
EGY,Egypt,2022,Development,0.2957,0.3893,0.4532,low,low,moderate,8
EGY,Egypt,2023,Development,0.2919,0.3517,0.4701,low,low,moderate,8
EGY,Egypt,2024,Development,0.306,0.337,0.4845,low,low,moderate,8
EGY,Egypt,2005,Overall,0.3397,0.2911,0.5243,low,low,moderate,18
EGY,Egypt,2006,Overall,0.33,0.3002,0.5149,low,low,moderate,18
EGY,Egypt,2007,Overall,0.3237,0.298,0.5129,low,low,moderate,18
EGY,Egypt,2008,Overall,0.3164,0.2981,0.5091,low,low,moderate,18
EGY,Egypt,2009,Overall,0.3186,0.2922,0.5132,low,low,moderate,18
EGY,Egypt,2010,Overall,0.3355,0.2841,0.5257,low,low,moderate,18
EGY,Egypt,2011,Overall,0.3879,0.2674,0.5602,low,low,moderate,18
EGY,Egypt,2012,Overall,0.3397,0.2668,0.5364,low,low,moderate,18
EGY,Egypt,2013,Overall,0.3462,0.2546,0.5458,low,low,moderate,18
EGY,Egypt,2014,Overall,0.3681,0.2504,0.5588,low,low,moderate,18
EGY,Egypt,2015,Overall,0.3402,0.2545,0.5428,low,low,moderate,18
EGY,Egypt,2016,Overall,0.3389,0.2526,0.5431,low,low,moderate,18
EGY,Egypt,2017,Overall,0.3361,0.2531,0.5415,low,low,moderate,18
EGY,Egypt,2018,Overall,0.3563,0.2536,0.5514,low,low,moderate,18
EGY,Egypt,2019,Overall,0.3237,0.253,0.5353,low,low,moderate,18
EGY,Egypt,2020,Overall,0.3552,0.2457,0.5548,low,low,moderate,18
EGY,Egypt,2021,Overall,0.3269,0.2342,0.5463,low,low,moderate,17
EGY,Egypt,2022,Overall,0.3159,0.2496,0.5331,low,low,moderate,17
EGY,Egypt,2023,Overall,0.3103,0.2366,0.5369,low,low,moderate,17
EGY,Egypt,2024,Overall,0.2854,0.2309,0.5273,low,low,moderate,17
IRQ,Iraq,2005,Climate,0.1589,0.2036,0.4776,very low,low,moderate,2
IRQ,Iraq,2006,Climate,0.1341,0.2297,0.4522,very low,low,moderate,2
IRQ,Iraq,2007,Climate,0.1131,0.2558,0.4287,very low,low,moderate,2
IRQ,Iraq,2008,Climate,0.0878,0.2818,0.403,very low,low,moderate,2
IRQ,Iraq,2009,Climate,0.1201,0.3079,0.4061,very low,low,moderate,2
IRQ,Iraq,2010,Climate,0.1185,0.334,0.3923,very low,low,low,2
IRQ,Iraq,2011,Climate,0.1045,0.3601,0.3722,very low,low,low,2
IRQ,Iraq,2012,Climate,0.0943,0.3863,0.354,very low,low,low,2
IRQ,Iraq,2013,Climate,0.1093,0.4124,0.3485,very low,moderate,low,2
IRQ,Iraq,2014,Climate,0.1131,0.4384,0.3373,very low,moderate,low,2
IRQ,Iraq,2015,Climate,0.0958,0.5098,0.293,very low,moderate,low,2
IRQ,Iraq,2016,Climate,0.0908,0.4591,0.3158,very low,moderate,low,2
IRQ,Iraq,2017,Climate,0.0674,0.3952,0.3361,very low,low,low,2
IRQ,Iraq,2018,Climate,0.0637,0.5286,0.2675,very low,moderate,low,2
IRQ,Iraq,2019,Climate,0.086,0.2048,0.4406,very low,low,moderate,2
IRQ,Iraq,2020,Climate,0.1402,0.3674,0.3864,very low,low,low,2
IRQ,Iraq,2021,Climate,0.0745,0.4042,0.3352,very low,moderate,low,2
IRQ,Iraq,2022,Climate,0.0459,0.4042,0.3209,very low,moderate,low,2
IRQ,Iraq,2023,Climate,0.0704,0.4042,0.3331,very low,moderate,low,2
IRQ,Iraq,2024,Climate,0.0772,0.4042,0.3365,very low,moderate,low,2
IRQ,Iraq,2005,Conflict,0.5612,0.3657,0.5978,moderate,low,moderate,7
IRQ,Iraq,2006,Conflict,0.5914,0.3939,0.5987,moderate,low,moderate,7
IRQ,Iraq,2007,Conflict,0.5519,0.3242,0.6138,moderate,low,high,7
IRQ,Iraq,2008,Conflict,0.534,0.4018,0.5661,moderate,moderate,moderate,7
IRQ,Iraq,2009,Conflict,0.4971,0.468,0.5146,moderate,moderate,moderate,7
IRQ,Iraq,2010,Conflict,0.5004,0.5112,0.4946,moderate,moderate,moderate,7
IRQ,Iraq,2011,Conflict,0.5621,0.5027,0.5297,moderate,moderate,moderate,7
IRQ,Iraq,2012,Conflict,0.4763,0.5129,0.4817,moderate,moderate,moderate,7
IRQ,Iraq,2013,Conflict,0.5089,0.3785,0.5652,moderate,low,moderate,7
IRQ,Iraq,2014,Conflict,0.6519,0.3158,0.668,high,low,high,7
IRQ,Iraq,2015,Conflict,0.6779,0.3409,0.6685,high,low,high,7
IRQ,Iraq,2016,Conflict,0.818,0.3259,0.746,very high,low,high,7
IRQ,Iraq,2017,Conflict,0.7309,0.3534,0.6887,high,low,high,7
IRQ,Iraq,2018,Conflict,0.5758,0.3852,0.5953,moderate,low,moderate,7
IRQ,Iraq,2019,Conflict,0.5729,0.4052,0.5838,moderate,moderate,moderate,7
IRQ,Iraq,2020,Conflict,0.5728,0.4262,0.5733,moderate,moderate,moderate,7
IRQ,Iraq,2021,Conflict,0.5724,0.4127,0.5798,moderate,moderate,moderate,7
IRQ,Iraq,2022,Conflict,0.5704,0.4053,0.5826,moderate,moderate,moderate,7
IRQ,Iraq,2023,Conflict,0.568,0.4149,0.5766,moderate,moderate,moderate,7
IRQ,Iraq,2024,Conflict,0.3043,0.4197,0.4423,low,moderate,moderate,7
IRQ,Iraq,2005,Development,0.4074,0.2272,0.5901,moderate,low,moderate,8
IRQ,Iraq,2006,Development,0.3602,0.287,0.5366,low,low,moderate,8
IRQ,Iraq,2007,Development,0.353,0.2342,0.5594,low,low,moderate,8
IRQ,Iraq,2008,Development,0.3461,0.3297,0.5082,low,low,moderate,8
IRQ,Iraq,2009,Development,0.3269,0.2707,0.5281,low,low,moderate,8
IRQ,Iraq,2010,Development,0.3171,0.3078,0.5047,low,low,moderate,8
IRQ,Iraq,2011,Development,0.3107,0.3398,0.4855,low,low,moderate,8
IRQ,Iraq,2012,Development,0.3101,0.3691,0.4705,low,low,moderate,8
IRQ,Iraq,2013,Development,0.3175,0.3378,0.4898,low,low,moderate,8
IRQ,Iraq,2014,Development,0.3308,0.2218,0.5545,low,low,moderate,9
IRQ,Iraq,2015,Development,0.3363,0.2213,0.5575,low,low,moderate,9
IRQ,Iraq,2016,Development,0.337,0.2831,0.527,low,low,moderate,9
IRQ,Iraq,2017,Development,0.3496,0.1882,0.5807,low,very low,moderate,9
IRQ,Iraq,2018,Development,0.354,0.2336,0.5602,low,low,moderate,9
IRQ,Iraq,2019,Development,0.3549,0.2591,0.5479,low,low,moderate,9
IRQ,Iraq,2020,Development,0.3598,0.1138,0.623,low,very low,high,9
IRQ,Iraq,2021,Development,0.3613,0.2181,0.5716,low,low,moderate,9
IRQ,Iraq,2022,Development,0.3559,0.2727,0.5416,low,low,moderate,9
IRQ,Iraq,2023,Development,0.3581,0.2053,0.5764,low,low,moderate,9
IRQ,Iraq,2024,Development,0.343,0.2025,0.5703,low,low,moderate,9
IRQ,Iraq,2005,Overall,0.3758,0.2655,0.5552,low,low,moderate,17
IRQ,Iraq,2006,Overall,0.3619,0.3035,0.5292,low,low,moderate,17
IRQ,Iraq,2007,Overall,0.3393,0.2714,0.534,low,low,moderate,17
IRQ,Iraq,2008,Overall,0.3226,0.3378,0.4924,low,low,moderate,17
IRQ,Iraq,2009,Overall,0.3147,0.3489,0.4829,low,low,moderate,17
IRQ,Iraq,2010,Overall,0.312,0.3843,0.4638,low,low,moderate,17
IRQ,Iraq,2011,Overall,0.3258,0.4009,0.4625,low,moderate,moderate,17
IRQ,Iraq,2012,Overall,0.2935,0.4228,0.4354,low,moderate,moderate,17
IRQ,Iraq,2013,Overall,0.3119,0.3762,0.4678,low,low,moderate,17
IRQ,Iraq,2014,Overall,0.3653,0.3254,0.52,low,low,moderate,18
IRQ,Iraq,2015,Overall,0.37,0.3573,0.5063,low,low,moderate,18
IRQ,Iraq,2016,Overall,0.4153,0.3561,0.5296,moderate,low,moderate,18
IRQ,Iraq,2017,Overall,0.3826,0.3123,0.5352,low,low,moderate,18
IRQ,Iraq,2018,Overall,0.3311,0.3824,0.4743,low,low,moderate,18
IRQ,Iraq,2019,Overall,0.3379,0.2897,0.5241,low,low,moderate,18
IRQ,Iraq,2020,Overall,0.3576,0.3025,0.5275,low,low,moderate,18
IRQ,Iraq,2021,Overall,0.3361,0.345,0.4955,low,low,moderate,18
IRQ,Iraq,2022,Overall,0.3241,0.3607,0.4817,low,low,moderate,18
IRQ,Iraq,2023,Overall,0.3322,0.3414,0.4954,low,low,moderate,18
IRQ,Iraq,2024,Overall,0.2415,0.3421,0.4497,low,low,moderate,18
JOR,Jordan,2005,Climate,0.0623,0.0406,0.5108,very low,very low,moderate,2
JOR,Jordan,2006,Climate,0.0582,0.0,0.5291,very low,very low,moderate,2
JOR,Jordan,2007,Climate,0.057,0.0,0.5285,very low,very low,moderate,2
JOR,Jordan,2008,Climate,0.0949,0.0,0.5474,very low,very low,moderate,2
JOR,Jordan,2009,Climate,0.1012,0.0442,0.5285,very low,very low,moderate,2
JOR,Jordan,2010,Climate,0.114,0.011,0.5515,very low,very low,moderate,2
JOR,Jordan,2011,Climate,0.1052,0.1184,0.4934,very low,very low,moderate,2
JOR,Jordan,2012,Climate,0.0909,0.0597,0.5156,very low,very low,moderate,2
JOR,Jordan,2013,Climate,0.0908,0.0021,0.5444,very low,very low,moderate,2
JOR,Jordan,2014,Climate,0.0971,0.0,0.5486,very low,very low,moderate,2
JOR,Jordan,2015,Climate,0.1014,0.0384,0.5315,very low,very low,moderate,2
JOR,Jordan,2016,Climate,0.1065,0.0,0.5533,very low,very low,moderate,2
JOR,Jordan,2017,Climate,0.1046,0.0,0.5523,very low,very low,moderate,2
JOR,Jordan,2018,Climate,0.1023,0.0,0.5512,very low,very low,moderate,2
JOR,Jordan,2019,Climate,0.1006,0.0,0.5503,very low,very low,moderate,2
JOR,Jordan,2020,Climate,0.1085,0.0,0.5542,very low,very low,moderate,2
JOR,Jordan,2021,Climate,0.1107,0.0,0.5554,very low,very low,moderate,2
JOR,Jordan,2022,Climate,0.1093,0.0,0.5547,very low,very low,moderate,2
JOR,Jordan,2023,Climate,0.1137,0.0,0.5569,very low,very low,moderate,2
JOR,Jordan,2024,Climate,0.1204,0.0,0.5602,very low,very low,moderate,2
JOR,Jordan,2005,Conflict,0.3518,0.5846,0.3836,low,moderate,low,7
JOR,Jordan,2006,Conflict,0.3826,0.5096,0.4365,low,moderate,moderate,7
JOR,Jordan,2007,Conflict,0.3526,0.5155,0.4185,low,moderate,moderate,7
JOR,Jordan,2008,Conflict,0.3587,0.5154,0.4216,low,moderate,moderate,7
JOR,Jordan,2009,Conflict,0.3621,0.5195,0.4213,low,moderate,moderate,7
JOR,Jordan,2010,Conflict,0.3605,0.506,0.4272,low,moderate,moderate,7
JOR,Jordan,2011,Conflict,0.4589,0.4994,0.4797,moderate,moderate,moderate,7
JOR,Jordan,2012,Conflict,0.4565,0.5097,0.4734,moderate,moderate,moderate,7
JOR,Jordan,2013,Conflict,0.3791,0.4626,0.4583,low,moderate,moderate,7
JOR,Jordan,2014,Conflict,0.4573,0.4603,0.4985,moderate,moderate,moderate,7
JOR,Jordan,2015,Conflict,0.376,0.4539,0.4611,low,moderate,moderate,7
JOR,Jordan,2016,Conflict,0.3715,0.4514,0.46,low,moderate,moderate,7
JOR,Jordan,2017,Conflict,0.363,0.4515,0.4557,low,moderate,moderate,7
JOR,Jordan,2018,Conflict,0.4382,0.4341,0.502,moderate,moderate,moderate,7
JOR,Jordan,2019,Conflict,0.4356,0.4459,0.4949,moderate,moderate,moderate,7
JOR,Jordan,2020,Conflict,0.4384,0.4432,0.4976,moderate,moderate,moderate,7
JOR,Jordan,2021,Conflict,0.4427,0.4411,0.5008,moderate,moderate,moderate,7
JOR,Jordan,2022,Conflict,0.4374,0.4424,0.4975,moderate,moderate,moderate,7
JOR,Jordan,2023,Conflict,0.4367,0.4449,0.4959,moderate,moderate,moderate,7
JOR,Jordan,2024,Conflict,0.19,0.45,0.37,very low,moderate,low,7
JOR,Jordan,2005,Development,0.3601,0.585,0.3875,low,moderate,low,9
JOR,Jordan,2006,Development,0.3467,0.5846,0.381,low,moderate,low,9
JOR,Jordan,2007,Development,0.3446,0.5987,0.3729,low,moderate,low,9
JOR,Jordan,2008,Development,0.3026,0.5287,0.3869,low,moderate,low,9
JOR,Jordan,2009,Development,0.3079,0.4924,0.4078,low,moderate,moderate,9
JOR,Jordan,2010,Development,0.307,0.4609,0.423,low,moderate,moderate,9
JOR,Jordan,2011,Development,0.2973,0.4681,0.4146,low,moderate,moderate,9
JOR,Jordan,2012,Development,0.2963,0.4692,0.4136,low,moderate,moderate,9
JOR,Jordan,2013,Development,0.3143,0.4675,0.4234,low,moderate,moderate,9
JOR,Jordan,2014,Development,0.3243,0.4736,0.4254,low,moderate,moderate,9
JOR,Jordan,2015,Development,0.3006,0.4663,0.4171,low,moderate,moderate,9
JOR,Jordan,2016,Development,0.3064,0.4667,0.4199,low,moderate,moderate,9
JOR,Jordan,2017,Development,0.3229,0.4706,0.4261,low,moderate,moderate,9
JOR,Jordan,2018,Development,0.3264,0.4608,0.4328,low,moderate,moderate,9
JOR,Jordan,2019,Development,0.3172,0.4605,0.4283,low,moderate,moderate,9
JOR,Jordan,2020,Development,0.3324,0.4392,0.4466,low,moderate,moderate,9
JOR,Jordan,2021,Development,0.3443,0.4811,0.4316,low,moderate,moderate,9
JOR,Jordan,2022,Development,0.3231,0.4782,0.4224,low,moderate,moderate,9
JOR,Jordan,2023,Development,0.3054,0.4836,0.4109,low,moderate,moderate,9
JOR,Jordan,2024,Development,0.2935,0.4836,0.4049,low,moderate,moderate,9
JOR,Jordan,2005,Overall,0.2581,0.4034,0.4273,low,moderate,moderate,18
JOR,Jordan,2006,Overall,0.2625,0.3647,0.4489,low,low,moderate,18
JOR,Jordan,2007,Overall,0.2514,0.3714,0.44,low,low,moderate,18
JOR,Jordan,2008,Overall,0.252,0.348,0.452,low,low,moderate,18
JOR,Jordan,2009,Overall,0.2571,0.352,0.4525,low,low,moderate,18
JOR,Jordan,2010,Overall,0.2605,0.326,0.4673,low,low,moderate,18
JOR,Jordan,2011,Overall,0.2871,0.362,0.4626,low,low,moderate,18
JOR,Jordan,2012,Overall,0.2812,0.3462,0.4675,low,low,moderate,18
JOR,Jordan,2013,Overall,0.2614,0.3107,0.4753,low,low,moderate,18
JOR,Jordan,2014,Overall,0.2929,0.3113,0.4908,low,low,moderate,18
JOR,Jordan,2015,Overall,0.2594,0.3196,0.4699,low,low,moderate,18
JOR,Jordan,2016,Overall,0.2615,0.306,0.4777,low,low,moderate,18
JOR,Jordan,2017,Overall,0.2635,0.3074,0.4781,low,low,moderate,18
JOR,Jordan,2018,Overall,0.289,0.2983,0.4953,low,low,moderate,18
JOR,Jordan,2019,Overall,0.2845,0.3021,0.4912,low,low,moderate,18
JOR,Jordan,2020,Overall,0.2931,0.2941,0.4995,low,low,moderate,18
JOR,Jordan,2021,Overall,0.2993,0.3074,0.4959,low,low,moderate,18
JOR,Jordan,2022,Overall,0.2899,0.3069,0.4915,low,low,moderate,18
JOR,Jordan,2023,Overall,0.2853,0.3095,0.4879,low,low,moderate,18
JOR,Jordan,2024,Overall,0.2013,0.3112,0.445,low,low,moderate,18
KWT,Kuwait,2005,Climate,0.0048,0.0,0.5024,very low,very low,moderate,2
KWT,Kuwait,2006,Climate,0.0033,0.0,0.5017,very low,very low,moderate,2
KWT,Kuwait,2007,Climate,0.0028,0.0,0.5014,very low,very low,moderate,2
KWT,Kuwait,2008,Climate,0.0015,0.0,0.5008,very low,very low,moderate,2
KWT,Kuwait,2009,Climate,0.0039,0.0,0.502,very low,very low,moderate,2
KWT,Kuwait,2010,Climate,0.0084,0.0,0.5042,very low,very low,moderate,2
KWT,Kuwait,2011,Climate,0.0081,0.0,0.504,very low,very low,moderate,2
KWT,Kuwait,2012,Climate,0.0062,0.0,0.5031,very low,very low,moderate,2
KWT,Kuwait,2013,Climate,0.0061,0.0,0.5031,very low,very low,moderate,2
KWT,Kuwait,2014,Climate,0.0083,0.0,0.5042,very low,very low,moderate,2
KWT,Kuwait,2015,Climate,0.0104,0.0,0.5052,very low,very low,moderate,2
KWT,Kuwait,2016,Climate,0.0099,0.0,0.505,very low,very low,moderate,2
KWT,Kuwait,2017,Climate,0.0101,0.0,0.505,very low,very low,moderate,2
KWT,Kuwait,2018,Climate,0.0082,0.0,0.5041,very low,very low,moderate,2
KWT,Kuwait,2019,Climate,0.0065,0.0,0.5032,very low,very low,moderate,2
KWT,Kuwait,2020,Climate,0.0094,0.0,0.5047,very low,very low,moderate,2
KWT,Kuwait,2021,Climate,0.0089,0.0,0.5044,very low,very low,moderate,2
KWT,Kuwait,2022,Climate,0.0072,0.0,0.5036,very low,very low,moderate,2
KWT,Kuwait,2023,Climate,0.0088,0.0,0.5044,very low,very low,moderate,2
KWT,Kuwait,2024,Climate,0.0093,0.0,0.5046,very low,very low,moderate,2
KWT,Kuwait,2005,Conflict,0.2319,0.4711,0.3804,low,moderate,low,7
KWT,Kuwait,2006,Conflict,0.2232,0.4504,0.3864,low,moderate,low,7
KWT,Kuwait,2007,Conflict,0.2051,0.4357,0.3847,low,moderate,low,7
KWT,Kuwait,2008,Conflict,0.2112,0.4261,0.3925,low,moderate,low,7
KWT,Kuwait,2009,Conflict,0.2148,0.4522,0.3813,low,moderate,low,7
KWT,Kuwait,2010,Conflict,0.2115,0.4466,0.3825,low,moderate,low,7
KWT,Kuwait,2011,Conflict,0.2282,0.4393,0.3944,low,moderate,low,7
KWT,Kuwait,2012,Conflict,0.2435,0.4307,0.4064,low,moderate,moderate,7
KWT,Kuwait,2013,Conflict,0.2427,0.4249,0.4089,low,moderate,moderate,7
KWT,Kuwait,2014,Conflict,0.2443,0.4289,0.4077,low,moderate,moderate,7
KWT,Kuwait,2015,Conflict,0.2598,0.4514,0.4042,low,moderate,moderate,7
KWT,Kuwait,2016,Conflict,0.2514,0.4655,0.393,low,moderate,low,7
KWT,Kuwait,2017,Conflict,0.2499,0.4619,0.394,low,moderate,low,7
KWT,Kuwait,2018,Conflict,0.2343,0.4537,0.3903,low,moderate,low,7
KWT,Kuwait,2019,Conflict,0.2336,0.4556,0.389,low,moderate,low,7
KWT,Kuwait,2020,Conflict,0.2396,0.4735,0.3831,low,moderate,low,7
KWT,Kuwait,2021,Conflict,0.2397,0.4668,0.3864,low,moderate,low,7
KWT,Kuwait,2022,Conflict,0.2431,0.4365,0.4033,low,moderate,moderate,7
KWT,Kuwait,2023,Conflict,0.2306,0.4417,0.3944,low,moderate,low,7
KWT,Kuwait,2024,Conflict,0.1471,0.4337,0.3567,very low,moderate,low,7
KWT,Kuwait,2005,Development,0.2203,0.6314,0.2944,low,high,low,6
KWT,Kuwait,2006,Development,0.2492,0.6019,0.3236,low,high,low,6
KWT,Kuwait,2007,Development,0.2594,0.5973,0.3311,low,moderate,low,6
KWT,Kuwait,2008,Development,0.2596,0.5731,0.3432,low,moderate,low,6
KWT,Kuwait,2009,Development,0.258,0.4054,0.4263,low,moderate,moderate,6
KWT,Kuwait,2010,Development,0.1716,0.4692,0.3512,very low,moderate,low,7
KWT,Kuwait,2011,Development,0.1855,0.6391,0.2732,very low,high,low,7
KWT,Kuwait,2012,Development,0.1901,0.6105,0.2898,very low,high,low,7
KWT,Kuwait,2013,Development,0.1905,0.5327,0.3289,very low,moderate,low,7
KWT,Kuwait,2014,Development,0.2026,0.4848,0.3589,low,moderate,low,7
KWT,Kuwait,2015,Development,0.1969,0.4509,0.373,very low,moderate,low,7
KWT,Kuwait,2016,Development,0.2028,0.4673,0.3678,low,moderate,low,7
KWT,Kuwait,2017,Development,0.2069,0.3773,0.4148,low,low,moderate,7
KWT,Kuwait,2018,Development,0.1989,0.4811,0.3589,very low,moderate,low,7
KWT,Kuwait,2019,Development,0.1896,0.4826,0.3535,very low,moderate,low,7
KWT,Kuwait,2020,Development,0.1981,0.3872,0.4054,very low,low,moderate,7
KWT,Kuwait,2021,Development,0.1941,0.4859,0.3541,very low,moderate,low,7
KWT,Kuwait,2022,Development,0.1748,0.5737,0.3006,very low,moderate,low,7
KWT,Kuwait,2023,Development,0.1685,0.4518,0.3583,very low,moderate,low,7
KWT,Kuwait,2024,Development,0.1653,0.455,0.3551,very low,moderate,low,7
KWT,Kuwait,2005,Overall,0.1523,0.3675,0.3924,very low,low,low,15
KWT,Kuwait,2006,Overall,0.1586,0.3508,0.4039,very low,low,moderate,15
KWT,Kuwait,2007,Overall,0.1558,0.3443,0.4057,very low,low,moderate,15
KWT,Kuwait,2008,Overall,0.1574,0.3331,0.4122,very low,low,moderate,15
KWT,Kuwait,2009,Overall,0.1589,0.2859,0.4365,very low,low,moderate,15
KWT,Kuwait,2010,Overall,0.1305,0.3053,0.4126,very low,low,moderate,16
KWT,Kuwait,2011,Overall,0.1406,0.3595,0.3906,very low,low,low,16
KWT,Kuwait,2012,Overall,0.1466,0.3471,0.3998,very low,low,low,16
KWT,Kuwait,2013,Overall,0.1464,0.3192,0.4136,very low,low,moderate,16
KWT,Kuwait,2014,Overall,0.1517,0.3046,0.4236,very low,low,moderate,16
KWT,Kuwait,2015,Overall,0.1557,0.3008,0.4274,very low,low,moderate,16
KWT,Kuwait,2016,Overall,0.1547,0.3109,0.4219,very low,low,moderate,16
KWT,Kuwait,2017,Overall,0.1556,0.2797,0.438,very low,low,moderate,16
KWT,Kuwait,2018,Overall,0.1471,0.3116,0.4178,very low,low,moderate,16
KWT,Kuwait,2019,Overall,0.1432,0.3127,0.4152,very low,low,moderate,16
KWT,Kuwait,2020,Overall,0.149,0.2869,0.4311,very low,low,moderate,16
KWT,Kuwait,2021,Overall,0.1475,0.3176,0.415,very low,low,moderate,16
KWT,Kuwait,2022,Overall,0.1417,0.3367,0.4025,very low,low,moderate,16
KWT,Kuwait,2023,Overall,0.136,0.2979,0.4191,very low,low,moderate,16
KWT,Kuwait,2024,Overall,0.1072,0.2962,0.4055,very low,low,moderate,16
LBN,Lebanon,2005,Climate,0.0815,0.6444,0.2186,very low,high,low,2
LBN,Lebanon,2006,Climate,0.1023,0.6212,0.2406,very low,high,low,2
LBN,Lebanon,2007,Climate,0.1122,0.5979,0.2572,very low,moderate,low,2
LBN,Lebanon,2008,Climate,0.1036,0.5747,0.2644,very low,moderate,low,2
LBN,Lebanon,2009,Climate,0.0902,0.5515,0.2694,very low,moderate,low,2
LBN,Lebanon,2010,Climate,0.0881,0.5282,0.2799,very low,moderate,low,2
LBN,Lebanon,2011,Climate,0.0868,0.505,0.2909,very low,moderate,low,2
LBN,Lebanon,2012,Climate,0.0858,0.4818,0.302,very low,moderate,low,2
LBN,Lebanon,2013,Climate,0.0903,0.4585,0.3159,very low,moderate,low,2
LBN,Lebanon,2014,Climate,0.0919,0.4353,0.3283,very low,moderate,low,2
LBN,Lebanon,2015,Climate,0.0746,0.4121,0.3313,very low,moderate,low,2
LBN,Lebanon,2016,Climate,0.0616,0.4121,0.3248,very low,moderate,low,2
LBN,Lebanon,2017,Climate,0.0631,0.4121,0.3255,very low,moderate,low,2
LBN,Lebanon,2018,Climate,0.0734,0.4121,0.3307,very low,moderate,low,2
LBN,Lebanon,2019,Climate,0.0719,0.4121,0.3299,very low,moderate,low,2
LBN,Lebanon,2020,Climate,0.0698,0.4121,0.3289,very low,moderate,low,2
LBN,Lebanon,2021,Climate,0.0305,0.4121,0.3092,very low,moderate,low,2
LBN,Lebanon,2022,Climate,0.0256,0.4121,0.3068,very low,moderate,low,2
LBN,Lebanon,2023,Climate,0.0204,0.4121,0.3042,very low,moderate,low,2
LBN,Lebanon,2024,Climate,0.0222,0.4121,0.3051,very low,moderate,low,2
LBN,Lebanon,2005,Conflict,0.3163,0.5456,0.3854,low,moderate,low,7
LBN,Lebanon,2006,Conflict,0.3506,0.5026,0.424,low,moderate,moderate,7
LBN,Lebanon,2007,Conflict,0.3719,0.5129,0.4295,low,moderate,moderate,7
LBN,Lebanon,2008,Conflict,0.3503,0.5127,0.4188,low,moderate,moderate,7
LBN,Lebanon,2009,Conflict,0.337,0.5093,0.4138,low,moderate,moderate,7
LBN,Lebanon,2010,Conflict,0.3456,0.5168,0.4144,low,moderate,moderate,7
LBN,Lebanon,2011,Conflict,0.4304,0.5141,0.4582,moderate,moderate,moderate,7
LBN,Lebanon,2012,Conflict,0.4386,0.4907,0.474,moderate,moderate,moderate,7
LBN,Lebanon,2013,Conflict,0.3574,0.3793,0.489,low,low,moderate,7
LBN,Lebanon,2014,Conflict,0.4462,0.3487,0.5488,moderate,low,moderate,7
LBN,Lebanon,2015,Conflict,0.3508,0.3518,0.4995,low,low,moderate,7
LBN,Lebanon,2016,Conflict,0.3389,0.3647,0.4871,low,low,moderate,7
LBN,Lebanon,2017,Conflict,0.3469,0.3567,0.4951,low,low,moderate,7
LBN,Lebanon,2018,Conflict,0.4143,0.3717,0.5213,moderate,low,moderate,7
LBN,Lebanon,2019,Conflict,0.4227,0.3667,0.528,moderate,low,moderate,7
LBN,Lebanon,2020,Conflict,0.4233,0.3432,0.5401,moderate,low,moderate,7
LBN,Lebanon,2021,Conflict,0.4215,0.3198,0.5509,moderate,low,moderate,7
LBN,Lebanon,2022,Conflict,0.4228,0.3198,0.5515,moderate,low,moderate,7
LBN,Lebanon,2023,Conflict,0.4184,0.3296,0.5444,moderate,low,moderate,7
LBN,Lebanon,2024,Conflict,0.2593,0.3316,0.4638,low,low,moderate,7
LBN,Lebanon,2005,Development,0.3794,0.4299,0.4747,low,moderate,moderate,9
LBN,Lebanon,2006,Development,0.4091,0.4054,0.5018,moderate,moderate,moderate,9
LBN,Lebanon,2007,Development,0.4125,0.4598,0.4763,moderate,moderate,moderate,9
LBN,Lebanon,2008,Development,0.4096,0.4785,0.4655,moderate,moderate,moderate,9
LBN,Lebanon,2009,Development,0.381,0.4765,0.4523,low,moderate,moderate,9
LBN,Lebanon,2010,Development,0.364,0.4594,0.4523,low,moderate,moderate,9
LBN,Lebanon,2011,Development,0.3572,0.4148,0.4712,low,moderate,moderate,9
LBN,Lebanon,2012,Development,0.3561,0.4178,0.4691,low,moderate,moderate,9
LBN,Lebanon,2013,Development,0.3654,0.4106,0.4774,low,moderate,moderate,9
LBN,Lebanon,2014,Development,0.3714,0.391,0.4902,low,low,moderate,9
LBN,Lebanon,2015,Development,0.368,0.3586,0.5047,low,low,moderate,9
LBN,Lebanon,2016,Development,0.3751,0.3644,0.5054,low,low,moderate,9
LBN,Lebanon,2017,Development,0.3707,0.3752,0.4978,low,low,moderate,9
LBN,Lebanon,2018,Development,0.381,0.3576,0.5117,low,low,moderate,9
LBN,Lebanon,2019,Development,0.3923,0.3069,0.5427,low,low,moderate,9
LBN,Lebanon,2020,Development,0.4406,0.2263,0.6071,moderate,low,high,9
LBN,Lebanon,2021,Development,0.477,0.2188,0.6291,moderate,low,high,9
LBN,Lebanon,2022,Development,0.4825,0.2684,0.6071,moderate,low,high,9
LBN,Lebanon,2023,Development,0.5014,0.2635,0.619,moderate,low,high,9
LBN,Lebanon,2024,Development,0.505,0.2474,0.6288,moderate,low,high,9
LBN,Lebanon,2005,Overall,0.2591,0.54,0.3596,low,moderate,low,18
LBN,Lebanon,2006,Overall,0.2873,0.5097,0.3888,low,moderate,low,18
LBN,Lebanon,2007,Overall,0.2989,0.5235,0.3877,low,moderate,low,18
LBN,Lebanon,2008,Overall,0.2878,0.522,0.3829,low,moderate,low,18
LBN,Lebanon,2009,Overall,0.2694,0.5124,0.3785,low,moderate,low,18
LBN,Lebanon,2010,Overall,0.2659,0.5015,0.3822,low,moderate,low,18
LBN,Lebanon,2011,Overall,0.2915,0.478,0.4068,low,moderate,moderate,18
LBN,Lebanon,2012,Overall,0.2935,0.4634,0.415,low,moderate,moderate,18
LBN,Lebanon,2013,Overall,0.271,0.4162,0.4274,low,moderate,moderate,18
LBN,Lebanon,2014,Overall,0.3032,0.3917,0.4558,low,low,moderate,18
LBN,Lebanon,2015,Overall,0.2645,0.3742,0.4452,low,low,moderate,18
LBN,Lebanon,2016,Overall,0.2585,0.3804,0.4391,low,low,moderate,18
LBN,Lebanon,2017,Overall,0.2602,0.3813,0.4394,low,low,moderate,18
LBN,Lebanon,2018,Overall,0.2896,0.3804,0.4546,low,low,moderate,18
LBN,Lebanon,2019,Overall,0.2956,0.3619,0.4669,low,low,moderate,18
LBN,Lebanon,2020,Overall,0.3112,0.3272,0.492,low,low,moderate,18
LBN,Lebanon,2021,Overall,0.3097,0.3169,0.4964,low,low,moderate,18
LBN,Lebanon,2022,Overall,0.3103,0.3334,0.4885,low,low,moderate,18
LBN,Lebanon,2023,Overall,0.3134,0.335,0.4892,low,low,moderate,18
LBN,Lebanon,2024,Overall,0.2622,0.3304,0.4659,low,low,moderate,18
LBY,Libya,2005,Climate,0.0565,0.0,0.5283,very low,very low,moderate,2
LBY,Libya,2006,Climate,0.0333,0.0,0.5166,very low,very low,moderate,2
LBY,Libya,2007,Climate,0.0338,0.0,0.5169,very low,very low,moderate,2
LBY,Libya,2008,Climate,0.0302,0.0,0.5151,very low,very low,moderate,2
LBY,Libya,2009,Climate,0.0483,0.0,0.5241,very low,very low,moderate,2
LBY,Libya,2010,Climate,0.0399,0.0,0.5199,very low,very low,moderate,2
LBY,Libya,2011,Climate,0.0693,0.0,0.5347,very low,very low,moderate,2
LBY,Libya,2012,Climate,0.0403,0.0,0.5201,very low,very low,moderate,2
LBY,Libya,2013,Climate,0.0543,0.0,0.5271,very low,very low,moderate,2
LBY,Libya,2014,Climate,0.08,0.0,0.54,very low,very low,moderate,2
LBY,Libya,2015,Climate,0.1004,0.0,0.5502,very low,very low,moderate,2
LBY,Libya,2016,Climate,0.1057,0.0,0.5528,very low,very low,moderate,2
LBY,Libya,2017,Climate,0.0884,0.0,0.5442,very low,very low,moderate,2
LBY,Libya,2018,Climate,0.0834,0.0,0.5417,very low,very low,moderate,2
LBY,Libya,2019,Climate,0.0456,0.0,0.5228,very low,very low,moderate,2
LBY,Libya,2020,Climate,0.099,0.0,0.5495,very low,very low,moderate,2
LBY,Libya,2021,Climate,0.0429,0.0,0.5215,very low,very low,moderate,2
LBY,Libya,2022,Climate,0.0372,0.0,0.5186,very low,very low,moderate,2
LBY,Libya,2023,Climate,0.0392,0.0,0.5196,very low,very low,moderate,2
LBY,Libya,2024,Climate,0.0537,0.0,0.5269,very low,very low,moderate,2
LBY,Libya,2005,Conflict,0.4008,0.3845,0.5082,moderate,low,moderate,7
LBY,Libya,2006,Conflict,0.4036,0.381,0.5113,moderate,low,moderate,7
LBY,Libya,2007,Conflict,0.4667,0.3749,0.5459,moderate,low,moderate,7
LBY,Libya,2008,Conflict,0.4656,0.3806,0.5425,moderate,low,moderate,7
LBY,Libya,2009,Conflict,0.3818,0.3781,0.5019,low,low,moderate,7
LBY,Libya,2010,Conflict,0.4486,0.3751,0.5367,moderate,low,moderate,7
LBY,Libya,2011,Conflict,0.7756,0.3773,0.6991,high,low,high,7
LBY,Libya,2012,Conflict,0.4383,0.3849,0.5267,moderate,low,moderate,7
LBY,Libya,2013,Conflict,0.5468,0.4502,0.5483,moderate,moderate,moderate,7
LBY,Libya,2014,Conflict,0.6794,0.52,0.5797,high,moderate,moderate,7
LBY,Libya,2015,Conflict,0.6753,0.5093,0.583,high,moderate,moderate,7
LBY,Libya,2016,Conflict,0.8192,0.5408,0.6392,very high,moderate,high,7
LBY,Libya,2017,Conflict,0.6929,0.5385,0.5772,high,moderate,moderate,7
LBY,Libya,2018,Conflict,0.6565,0.5421,0.5572,high,moderate,moderate,7
LBY,Libya,2019,Conflict,0.7237,0.5244,0.5996,high,moderate,moderate,7
LBY,Libya,2020,Conflict,0.7114,0.3784,0.6665,high,low,high,6
LBY,Libya,2021,Conflict,0.6471,0.3841,0.6315,high,low,high,6
LBY,Libya,2022,Conflict,0.6336,0.3531,0.6403,high,low,high,7
LBY,Libya,2023,Conflict,0.5528,0.3711,0.5909,moderate,low,moderate,7
LBY,Libya,2024,Conflict,0.2931,0.3605,0.4663,low,low,moderate,7
LBY,Libya,2005,Development,0.3595,0.4012,0.4791,low,moderate,moderate,8
LBY,Libya,2006,Development,0.3595,0.3648,0.4974,low,low,moderate,8
LBY,Libya,2007,Development,0.3561,0.3711,0.4925,low,low,moderate,8
LBY,Libya,2008,Development,0.3543,0.3032,0.5256,low,low,moderate,8
LBY,Libya,2009,Development,0.3611,0.2236,0.5687,low,low,moderate,8
LBY,Libya,2010,Development,0.3621,0.3447,0.5087,low,low,moderate,8
LBY,Libya,2011,Development,0.3688,0.148,0.6104,low,very low,high,8
LBY,Libya,2012,Development,0.3525,0.4303,0.4611,low,moderate,moderate,7
LBY,Libya,2013,Development,0.366,0.1376,0.6142,low,very low,high,7
LBY,Libya,2014,Development,0.3786,0.1106,0.634,low,very low,high,7
LBY,Libya,2015,Development,0.3884,0.2057,0.5914,low,low,moderate,7
LBY,Libya,2016,Development,0.3877,0.2036,0.5921,low,low,moderate,7
LBY,Libya,2017,Development,0.3866,0.3615,0.5125,low,low,moderate,7
LBY,Libya,2018,Development,0.3781,0.3428,0.5177,low,low,moderate,7
LBY,Libya,2019,Development,0.3814,0.1104,0.6355,low,very low,high,7
LBY,Libya,2020,Development,0.3835,0.1015,0.641,low,very low,high,7
LBY,Libya,2021,Development,0.3874,0.3546,0.5164,low,low,moderate,7
LBY,Libya,2022,Development,0.3816,0.1103,0.6357,low,very low,high,7
LBY,Libya,2023,Development,0.3898,0.3466,0.5216,low,low,moderate,7
LBY,Libya,2024,Development,0.381,0.2436,0.5687,low,low,moderate,7
LBY,Libya,2005,Overall,0.2723,0.2619,0.5052,low,low,moderate,17
LBY,Libya,2006,Overall,0.2655,0.2486,0.5084,low,low,moderate,17
LBY,Libya,2007,Overall,0.2855,0.2487,0.5184,low,low,moderate,17
LBY,Libya,2008,Overall,0.2834,0.2279,0.5277,low,low,moderate,17
LBY,Libya,2009,Overall,0.2637,0.2006,0.5316,low,low,moderate,17
LBY,Libya,2010,Overall,0.2835,0.24,0.5218,low,low,moderate,17
LBY,Libya,2011,Overall,0.4046,0.1751,0.6147,moderate,very low,high,17
LBY,Libya,2012,Overall,0.277,0.2717,0.5027,low,low,moderate,16
LBY,Libya,2013,Overall,0.3224,0.1959,0.5632,low,very low,moderate,16
LBY,Libya,2014,Overall,0.3794,0.2102,0.5846,low,low,moderate,16
LBY,Libya,2015,Overall,0.388,0.2383,0.5749,low,low,moderate,16
LBY,Libya,2016,Overall,0.4375,0.2481,0.5947,moderate,low,moderate,16
LBY,Libya,2017,Overall,0.3893,0.3,0.5447,low,low,moderate,16
LBY,Libya,2018,Overall,0.3727,0.2949,0.5389,low,low,moderate,16
LBY,Libya,2019,Overall,0.3835,0.2116,0.586,low,low,moderate,16
LBY,Libya,2020,Overall,0.398,0.16,0.619,low,very low,high,15
LBY,Libya,2021,Overall,0.3592,0.2462,0.5565,low,low,moderate,15
LBY,Libya,2022,Overall,0.3508,0.1544,0.5982,low,very low,moderate,16
LBY,Libya,2023,Overall,0.3273,0.2392,0.544,low,low,moderate,16
LBY,Libya,2024,Overall,0.2426,0.2014,0.5206,low,low,moderate,16
MRT,Mauritania,2005,Climate,0.4672,0.8675,0.2998,moderate,very high,low,2
MRT,Mauritania,2006,Climate,0.3862,0.8675,0.2593,low,very high,low,2
MRT,Mauritania,2007,Climate,0.4289,0.8675,0.2807,moderate,very high,low,2
MRT,Mauritania,2008,Climate,0.4319,0.8675,0.2822,moderate,very high,low,2
MRT,Mauritania,2009,Climate,0.4463,0.8675,0.2894,moderate,very high,low,2
MRT,Mauritania,2010,Climate,0.3891,0.8675,0.2608,low,very high,low,2
MRT,Mauritania,2011,Climate,0.3373,0.8675,0.2349,low,very high,low,2
MRT,Mauritania,2012,Climate,0.374,0.8675,0.2532,low,very high,low,2
MRT,Mauritania,2013,Climate,0.3786,0.8675,0.2555,low,very high,low,2
MRT,Mauritania,2014,Climate,0.4378,0.8675,0.2851,moderate,very high,low,2
MRT,Mauritania,2015,Climate,0.4803,0.8675,0.3064,moderate,very high,low,2
MRT,Mauritania,2016,Climate,0.5062,0.8675,0.3193,moderate,very high,low,2
MRT,Mauritania,2017,Climate,0.5291,0.8675,0.3308,moderate,very high,low,2
MRT,Mauritania,2018,Climate,0.5511,0.8675,0.3418,moderate,very high,low,2
MRT,Mauritania,2019,Climate,0.4646,0.8675,0.2985,moderate,very high,low,2
MRT,Mauritania,2020,Climate,0.4457,0.8675,0.2891,moderate,very high,low,2
MRT,Mauritania,2021,Climate,0.4456,0.8675,0.2891,moderate,very high,low,2
MRT,Mauritania,2022,Climate,0.4943,0.8675,0.3134,moderate,very high,low,2
MRT,Mauritania,2023,Climate,0.4459,0.8675,0.2892,moderate,very high,low,2
MRT,Mauritania,2024,Climate,0.4499,0.8675,0.2912,moderate,very high,low,2
MRT,Mauritania,2005,Conflict,0.2787,0.4235,0.4276,low,moderate,moderate,7
MRT,Mauritania,2006,Conflict,0.2413,0.427,0.4072,low,moderate,moderate,7
MRT,Mauritania,2007,Conflict,0.3439,0.4298,0.4571,low,moderate,moderate,7
MRT,Mauritania,2008,Conflict,0.3789,0.4151,0.4819,low,moderate,moderate,7
MRT,Mauritania,2009,Conflict,0.3708,0.4122,0.4793,low,moderate,moderate,7
MRT,Mauritania,2010,Conflict,0.3101,0.4223,0.4439,low,moderate,moderate,7
MRT,Mauritania,2011,Conflict,0.4002,0.4226,0.4888,moderate,moderate,moderate,7
MRT,Mauritania,2012,Conflict,0.4066,0.3832,0.5117,moderate,low,moderate,7
MRT,Mauritania,2013,Conflict,0.4093,0.3749,0.5172,moderate,low,moderate,7
MRT,Mauritania,2014,Conflict,0.3841,0.3833,0.5004,low,low,moderate,7
MRT,Mauritania,2015,Conflict,0.3851,0.3817,0.5017,low,low,moderate,7
MRT,Mauritania,2016,Conflict,0.3938,0.3816,0.5061,low,low,moderate,7
MRT,Mauritania,2017,Conflict,0.3843,0.3782,0.503,low,low,moderate,7
MRT,Mauritania,2018,Conflict,0.3832,0.3778,0.5027,low,low,moderate,7
MRT,Mauritania,2019,Conflict,0.293,0.378,0.4575,low,low,moderate,7
MRT,Mauritania,2020,Conflict,0.3751,0.3864,0.4944,low,low,moderate,7
MRT,Mauritania,2021,Conflict,0.2848,0.379,0.4529,low,low,moderate,7
MRT,Mauritania,2022,Conflict,0.27,0.3769,0.4465,low,low,moderate,7
MRT,Mauritania,2023,Conflict,0.2836,0.3812,0.4512,low,low,moderate,7
MRT,Mauritania,2024,Conflict,0.204,0.3688,0.4176,low,low,moderate,7
MRT,Mauritania,2005,Development,0.3216,0.4047,0.4585,low,moderate,moderate,7
MRT,Mauritania,2006,Development,0.312,0.4281,0.4419,low,moderate,moderate,7
MRT,Mauritania,2007,Development,0.3156,0.2931,0.5112,low,low,moderate,7
MRT,Mauritania,2008,Development,0.3353,0.2663,0.5345,low,low,moderate,7
MRT,Mauritania,2009,Development,0.3274,0.2854,0.521,low,low,moderate,7
MRT,Mauritania,2010,Development,0.3107,0.3211,0.4948,low,low,moderate,7
MRT,Mauritania,2011,Development,0.3048,0.3357,0.4845,low,low,moderate,7
MRT,Mauritania,2012,Development,0.3182,0.3357,0.4913,low,low,moderate,7
MRT,Mauritania,2013,Development,0.3139,0.3239,0.495,low,low,moderate,7
MRT,Mauritania,2014,Development,0.3216,0.3329,0.4943,low,low,moderate,7
MRT,Mauritania,2015,Development,0.329,0.3479,0.4906,low,low,moderate,7
MRT,Mauritania,2016,Development,0.3188,0.3023,0.5082,low,low,moderate,7
MRT,Mauritania,2017,Development,0.3158,0.3759,0.4699,low,low,moderate,8
MRT,Mauritania,2018,Development,0.3189,0.3557,0.4816,low,low,moderate,8
MRT,Mauritania,2019,Development,0.3223,0.3396,0.4913,low,low,moderate,8
MRT,Mauritania,2020,Development,0.3243,0.3035,0.5104,low,low,moderate,8
MRT,Mauritania,2021,Development,0.3147,0.3009,0.5069,low,low,moderate,8
MRT,Mauritania,2022,Development,0.3104,0.3791,0.4657,low,low,moderate,8
MRT,Mauritania,2023,Development,0.3087,0.3791,0.4648,low,low,moderate,8
MRT,Mauritania,2024,Development,0.3131,0.3718,0.4706,low,low,moderate,8
MRT,Mauritania,2005,Overall,0.3558,0.5652,0.3953,low,moderate,low,16
MRT,Mauritania,2006,Overall,0.3132,0.5742,0.3695,low,moderate,low,16
MRT,Mauritania,2007,Overall,0.3628,0.5301,0.4163,low,moderate,moderate,16
MRT,Mauritania,2008,Overall,0.382,0.5163,0.4329,low,moderate,moderate,16
MRT,Mauritania,2009,Overall,0.3815,0.5217,0.4299,low,moderate,moderate,16
MRT,Mauritania,2010,Overall,0.3366,0.537,0.3998,low,moderate,low,16
MRT,Mauritania,2011,Overall,0.3474,0.5419,0.4028,low,moderate,moderate,16
MRT,Mauritania,2012,Overall,0.3663,0.5288,0.4187,low,moderate,moderate,16
MRT,Mauritania,2013,Overall,0.3673,0.5221,0.4226,low,moderate,moderate,16
MRT,Mauritania,2014,Overall,0.3812,0.5279,0.4266,low,moderate,moderate,16
MRT,Mauritania,2015,Overall,0.3981,0.5324,0.4329,low,moderate,moderate,16
MRT,Mauritania,2016,Overall,0.4063,0.5172,0.4446,moderate,moderate,moderate,16
MRT,Mauritania,2017,Overall,0.4097,0.5406,0.4346,moderate,moderate,moderate,17
MRT,Mauritania,2018,Overall,0.4177,0.5337,0.442,moderate,moderate,moderate,17
MRT,Mauritania,2019,Overall,0.3599,0.5284,0.4158,low,moderate,moderate,17
MRT,Mauritania,2020,Overall,0.3817,0.5191,0.4313,low,moderate,moderate,17
MRT,Mauritania,2021,Overall,0.3484,0.5158,0.4163,low,moderate,moderate,17
MRT,Mauritania,2022,Overall,0.3582,0.5412,0.4085,low,moderate,moderate,17
MRT,Mauritania,2023,Overall,0.3461,0.5426,0.4017,low,moderate,moderate,17
MRT,Mauritania,2024,Overall,0.3223,0.5361,0.3931,low,moderate,low,17
MAR,Morocco,2005,Climate,0.248,0.3653,0.4414,low,low,moderate,2
MAR,Morocco,2006,Climate,0.2856,0.3907,0.4474,low,low,moderate,2
MAR,Morocco,2007,Climate,0.2288,0.4162,0.4063,low,moderate,moderate,2
MAR,Morocco,2008,Climate,0.2519,0.4416,0.4051,low,moderate,moderate,2
MAR,Morocco,2009,Climate,0.2776,0.467,0.4053,low,moderate,moderate,2
MAR,Morocco,2010,Climate,0.2776,0.4925,0.3925,low,moderate,low,2
MAR,Morocco,2011,Climate,0.2804,0.4925,0.3939,low,moderate,low,2
MAR,Morocco,2012,Climate,0.2628,0.4925,0.3851,low,moderate,low,2
MAR,Morocco,2013,Climate,0.2868,0.4925,0.3972,low,moderate,low,2
MAR,Morocco,2014,Climate,0.2399,0.4925,0.3737,low,moderate,low,2
MAR,Morocco,2015,Climate,0.2737,0.4925,0.3906,low,moderate,low,2
MAR,Morocco,2016,Climate,0.2392,0.4925,0.3734,low,moderate,low,2
MAR,Morocco,2017,Climate,0.2588,0.4925,0.3832,low,moderate,low,2
MAR,Morocco,2018,Climate,0.2622,0.4925,0.3849,low,moderate,low,2
MAR,Morocco,2019,Climate,0.2514,0.4925,0.3794,low,moderate,low,2
MAR,Morocco,2020,Climate,0.2472,0.4925,0.3774,low,moderate,low,2
MAR,Morocco,2021,Climate,0.2779,0.4925,0.3927,low,moderate,low,2
MAR,Morocco,2022,Climate,0.2269,0.4925,0.3672,low,moderate,low,2
MAR,Morocco,2023,Climate,0.2581,0.4925,0.3828,low,moderate,low,2
MAR,Morocco,2024,Climate,0.2449,0.4925,0.3762,low,moderate,low,2
MAR,Morocco,2005,Conflict,0.2876,0.4365,0.4256,low,moderate,moderate,7
MAR,Morocco,2006,Conflict,0.2753,0.4363,0.4195,low,moderate,moderate,7
MAR,Morocco,2007,Conflict,0.2776,0.4336,0.422,low,moderate,moderate,7
MAR,Morocco,2008,Conflict,0.2841,0.4322,0.426,low,moderate,moderate,7
MAR,Morocco,2009,Conflict,0.2785,0.4333,0.4226,low,moderate,moderate,7
MAR,Morocco,2010,Conflict,0.3627,0.4435,0.4596,low,moderate,moderate,7
MAR,Morocco,2011,Conflict,0.2837,0.4407,0.4215,low,moderate,moderate,7
MAR,Morocco,2012,Conflict,0.2884,0.4413,0.4235,low,moderate,moderate,7
MAR,Morocco,2013,Conflict,0.2964,0.4405,0.4279,low,moderate,moderate,7
MAR,Morocco,2014,Conflict,0.2773,0.4351,0.4211,low,moderate,moderate,7
MAR,Morocco,2015,Conflict,0.2803,0.4288,0.4257,low,moderate,moderate,7
MAR,Morocco,2016,Conflict,0.2814,0.4331,0.4242,low,moderate,moderate,7
MAR,Morocco,2017,Conflict,0.2838,0.4303,0.4267,low,moderate,moderate,7
MAR,Morocco,2018,Conflict,0.2784,0.4251,0.4267,low,moderate,moderate,7
MAR,Morocco,2019,Conflict,0.1927,0.4249,0.3839,very low,moderate,low,7
MAR,Morocco,2020,Conflict,0.2773,0.4429,0.4172,low,moderate,moderate,7
MAR,Morocco,2021,Conflict,0.1979,0.439,0.3794,very low,moderate,low,7
MAR,Morocco,2022,Conflict,0.1995,0.44,0.3797,very low,moderate,low,7
MAR,Morocco,2023,Conflict,0.2023,0.4349,0.3837,low,moderate,low,7
MAR,Morocco,2024,Conflict,0.1961,0.4335,0.3813,very low,moderate,low,7
MAR,Morocco,2005,Development,0.3152,0.4474,0.4339,low,moderate,moderate,9
MAR,Morocco,2006,Development,0.2986,0.4948,0.4019,low,moderate,moderate,9
MAR,Morocco,2007,Development,0.2968,0.4742,0.4113,low,moderate,moderate,9
MAR,Morocco,2008,Development,0.2957,0.501,0.3973,low,moderate,low,9
MAR,Morocco,2009,Development,0.2882,0.473,0.4076,low,moderate,moderate,9
MAR,Morocco,2010,Development,0.2832,0.4707,0.4062,low,moderate,moderate,9
MAR,Morocco,2011,Development,0.2969,0.4907,0.4031,low,moderate,moderate,9
MAR,Morocco,2012,Development,0.294,0.4785,0.4077,low,moderate,moderate,9
MAR,Morocco,2013,Development,0.2889,0.4684,0.4102,low,moderate,moderate,9
MAR,Morocco,2014,Development,0.2941,0.461,0.4165,low,moderate,moderate,9
MAR,Morocco,2015,Development,0.2853,0.4683,0.4085,low,moderate,moderate,9
MAR,Morocco,2016,Development,0.2797,0.4469,0.4164,low,moderate,moderate,9
MAR,Morocco,2017,Development,0.2844,0.4789,0.4027,low,moderate,moderate,9
MAR,Morocco,2018,Development,0.2854,0.4683,0.4085,low,moderate,moderate,9
MAR,Morocco,2019,Development,0.281,0.4649,0.4081,low,moderate,moderate,9
MAR,Morocco,2020,Development,0.2961,0.3818,0.4571,low,low,moderate,9
MAR,Morocco,2021,Development,0.3031,0.495,0.404,low,moderate,moderate,9
MAR,Morocco,2022,Development,0.302,0.4574,0.4223,low,moderate,moderate,9
MAR,Morocco,2023,Development,0.2996,0.47,0.4148,low,moderate,moderate,9
MAR,Morocco,2024,Development,0.2969,0.4742,0.4114,low,moderate,moderate,9
MAR,Morocco,2005,Overall,0.2836,0.4164,0.4336,low,moderate,moderate,18
MAR,Morocco,2006,Overall,0.2865,0.4406,0.4229,low,moderate,moderate,18
MAR,Morocco,2007,Overall,0.2677,0.4413,0.4132,low,moderate,moderate,18
MAR,Morocco,2008,Overall,0.2772,0.4583,0.4095,low,moderate,moderate,18
MAR,Morocco,2009,Overall,0.2815,0.4578,0.4118,low,moderate,moderate,18
MAR,Morocco,2010,Overall,0.3078,0.4689,0.4195,low,moderate,moderate,18
MAR,Morocco,2011,Overall,0.287,0.4746,0.4062,low,moderate,moderate,18
MAR,Morocco,2012,Overall,0.2817,0.4708,0.4055,low,moderate,moderate,18
MAR,Morocco,2013,Overall,0.2907,0.4671,0.4118,low,moderate,moderate,18
MAR,Morocco,2014,Overall,0.2704,0.4629,0.4038,low,moderate,moderate,18
MAR,Morocco,2015,Overall,0.2798,0.4632,0.4083,low,moderate,moderate,18
MAR,Morocco,2016,Overall,0.2668,0.4575,0.4046,low,moderate,moderate,18
MAR,Morocco,2017,Overall,0.2757,0.4672,0.4042,low,moderate,moderate,18
MAR,Morocco,2018,Overall,0.2753,0.462,0.4067,low,moderate,moderate,18
MAR,Morocco,2019,Overall,0.2417,0.4608,0.3905,low,moderate,low,18
MAR,Morocco,2020,Overall,0.2735,0.4391,0.4172,low,moderate,moderate,18
MAR,Morocco,2021,Overall,0.2596,0.4755,0.3921,low,moderate,low,18
MAR,Morocco,2022,Overall,0.2428,0.4633,0.3897,low,moderate,low,18
MAR,Morocco,2023,Overall,0.2533,0.4658,0.3938,low,moderate,low,18
MAR,Morocco,2024,Overall,0.246,0.4667,0.3896,low,moderate,low,18
OMN,Oman,2005,Climate,0.0309,0.0889,0.471,very low,very low,moderate,2
OMN,Oman,2006,Climate,0.0265,0.0569,0.4848,very low,very low,moderate,2
OMN,Oman,2007,Climate,0.0259,0.0249,0.5005,very low,very low,moderate,2
OMN,Oman,2008,Climate,0.0206,0.0,0.5103,very low,very low,moderate,2
OMN,Oman,2009,Climate,0.0279,0.0,0.514,very low,very low,moderate,2
OMN,Oman,2010,Climate,0.027,0.0,0.5135,very low,very low,moderate,2
OMN,Oman,2011,Climate,0.0235,0.0,0.5118,very low,very low,moderate,2
OMN,Oman,2012,Climate,0.0215,0.0,0.5108,very low,very low,moderate,2
OMN,Oman,2013,Climate,0.0245,0.0,0.5123,very low,very low,moderate,2
OMN,Oman,2014,Climate,0.0238,0.0,0.5119,very low,very low,moderate,2
OMN,Oman,2015,Climate,0.0383,0.0,0.5191,very low,very low,moderate,2
OMN,Oman,2016,Climate,0.0442,0.0,0.5221,very low,very low,moderate,2
OMN,Oman,2017,Climate,0.0442,0.0,0.5221,very low,very low,moderate,2
OMN,Oman,2018,Climate,0.0411,0.0,0.5205,very low,very low,moderate,2
OMN,Oman,2019,Climate,0.0444,0.0,0.5222,very low,very low,moderate,2
OMN,Oman,2020,Climate,0.0555,0.0,0.5278,very low,very low,moderate,2
OMN,Oman,2021,Climate,0.0537,0.0,0.5269,very low,very low,moderate,2
OMN,Oman,2022,Climate,0.0471,0.0,0.5236,very low,very low,moderate,2
OMN,Oman,2023,Climate,0.0543,0.0,0.5271,very low,very low,moderate,2
OMN,Oman,2024,Climate,0.0587,0.0,0.5293,very low,very low,moderate,2
OMN,Oman,2005,Conflict,0.1036,0.5655,0.269,very low,moderate,low,7
OMN,Oman,2006,Conflict,0.1104,0.548,0.2812,very low,moderate,low,7
OMN,Oman,2007,Conflict,0.1077,0.5393,0.2842,very low,moderate,low,7
OMN,Oman,2008,Conflict,0.1099,0.5092,0.3003,very low,moderate,low,7
OMN,Oman,2009,Conflict,0.194,0.5235,0.3353,very low,moderate,low,7
OMN,Oman,2010,Conflict,0.2109,0.5123,0.3493,low,moderate,low,7
OMN,Oman,2011,Conflict,0.2292,0.5124,0.3584,low,moderate,low,7
OMN,Oman,2012,Conflict,0.2242,0.5653,0.3294,low,moderate,low,7
OMN,Oman,2013,Conflict,0.2277,0.5439,0.3419,low,moderate,low,7
OMN,Oman,2014,Conflict,0.212,0.5266,0.3427,low,moderate,low,7
OMN,Oman,2015,Conflict,0.209,0.539,0.335,low,moderate,low,7
OMN,Oman,2016,Conflict,0.2162,0.5539,0.3312,low,moderate,low,7
OMN,Oman,2017,Conflict,0.2135,0.5162,0.3487,low,moderate,low,7
OMN,Oman,2018,Conflict,0.214,0.5103,0.3519,low,moderate,low,7
OMN,Oman,2019,Conflict,0.2155,0.497,0.3593,low,moderate,low,7
OMN,Oman,2020,Conflict,0.2187,0.5119,0.3534,low,moderate,low,7
OMN,Oman,2021,Conflict,0.224,0.4832,0.3704,low,moderate,low,7
OMN,Oman,2022,Conflict,0.2207,0.4603,0.3802,low,moderate,low,7
OMN,Oman,2023,Conflict,0.2132,0.4662,0.3735,low,moderate,low,7
OMN,Oman,2024,Conflict,0.1249,0.4614,0.3317,very low,moderate,low,7
OMN,Oman,2005,Development,0.1595,0.4733,0.3431,very low,moderate,low,8
OMN,Oman,2006,Development,0.1615,0.5027,0.3294,very low,moderate,low,8
OMN,Oman,2007,Development,0.1733,0.5092,0.332,very low,moderate,low,8
OMN,Oman,2008,Development,0.171,0.584,0.2935,very low,moderate,low,8
OMN,Oman,2009,Development,0.1721,0.537,0.3176,very low,moderate,low,8
OMN,Oman,2010,Development,0.1732,0.5011,0.3361,very low,moderate,low,8
OMN,Oman,2011,Development,0.1941,0.4932,0.3505,very low,moderate,low,8
OMN,Oman,2012,Development,0.1922,0.5737,0.3093,very low,moderate,low,8
OMN,Oman,2013,Development,0.1937,0.5193,0.3372,very low,moderate,low,8
OMN,Oman,2014,Development,0.188,0.4646,0.3617,very low,moderate,low,8
OMN,Oman,2015,Development,0.1886,0.5018,0.3434,very low,moderate,low,8
OMN,Oman,2016,Development,0.1892,0.4993,0.345,very low,moderate,low,7
OMN,Oman,2017,Development,0.185,0.4375,0.3737,very low,moderate,low,7
OMN,Oman,2018,Development,0.1808,0.4549,0.3629,very low,moderate,low,7
OMN,Oman,2019,Development,0.1701,0.4308,0.3697,very low,moderate,low,7
OMN,Oman,2020,Development,0.1843,0.3966,0.3938,very low,low,low,7
OMN,Oman,2021,Development,0.1783,0.4741,0.3521,very low,moderate,low,7
OMN,Oman,2022,Development,0.1862,0.5632,0.3115,very low,moderate,low,7
OMN,Oman,2023,Development,0.1717,0.4752,0.3483,very low,moderate,low,7
OMN,Oman,2024,Development,0.1532,0.4867,0.3333,very low,moderate,low,7
OMN,Oman,2005,Overall,0.098,0.3759,0.3611,very low,low,low,17
OMN,Oman,2006,Overall,0.0994,0.3692,0.3651,very low,low,low,17
OMN,Oman,2007,Overall,0.1023,0.3578,0.3723,very low,low,low,17
OMN,Oman,2008,Overall,0.1005,0.3644,0.368,very low,low,low,17
OMN,Oman,2009,Overall,0.1314,0.3535,0.3889,very low,low,low,17
OMN,Oman,2010,Overall,0.137,0.3378,0.3996,very low,low,low,17
OMN,Oman,2011,Overall,0.1489,0.3352,0.4069,very low,low,moderate,17
OMN,Oman,2012,Overall,0.146,0.3797,0.3832,very low,low,low,17
OMN,Oman,2013,Overall,0.1487,0.3544,0.3971,very low,low,low,17
OMN,Oman,2014,Overall,0.1413,0.3304,0.4054,very low,low,moderate,17
OMN,Oman,2015,Overall,0.1453,0.3469,0.3992,very low,low,low,17
OMN,Oman,2016,Overall,0.1499,0.351,0.3994,very low,low,low,16
OMN,Oman,2017,Overall,0.1476,0.3179,0.4148,very low,low,moderate,16
OMN,Oman,2018,Overall,0.1453,0.3217,0.4118,very low,low,moderate,16
OMN,Oman,2019,Overall,0.1434,0.3092,0.4171,very low,low,moderate,16
OMN,Oman,2020,Overall,0.1529,0.3029,0.425,very low,low,moderate,16
OMN,Oman,2021,Overall,0.152,0.3191,0.4165,very low,low,moderate,16
OMN,Oman,2022,Overall,0.1513,0.3412,0.4051,very low,low,moderate,16
OMN,Oman,2023,Overall,0.1464,0.3138,0.4163,very low,low,moderate,16
OMN,Oman,2024,Overall,0.1122,0.316,0.3981,very low,low,low,16
QAT,Qatar,2005,Climate,0.0009,0.0,0.5005,very low,very low,moderate,2
QAT,Qatar,2006,Climate,0.0006,0.0,0.5003,very low,very low,moderate,2
QAT,Qatar,2007,Climate,0.0004,0.0,0.5002,very low,very low,moderate,2
QAT,Qatar,2008,Climate,0.0007,0.0,0.5004,very low,very low,moderate,2
QAT,Qatar,2009,Climate,0.0007,0.0,0.5003,very low,very low,moderate,2
QAT,Qatar,2010,Climate,0.0006,0.0,0.5003,very low,very low,moderate,2
QAT,Qatar,2011,Climate,0.0001,0.0,0.5,very low,very low,moderate,2
QAT,Qatar,2012,Climate,0.0,0.0,0.5,very low,very low,moderate,2
QAT,Qatar,2013,Climate,0.0,0.0,0.5,very low,very low,moderate,2
QAT,Qatar,2014,Climate,0.0005,0.0,0.5003,very low,very low,moderate,2
QAT,Qatar,2015,Climate,0.0016,0.0,0.5008,very low,very low,moderate,2
QAT,Qatar,2016,Climate,0.0021,0.0,0.501,very low,very low,moderate,2
QAT,Qatar,2017,Climate,0.0028,0.0,0.5014,very low,very low,moderate,2
QAT,Qatar,2018,Climate,0.0029,0.0,0.5015,very low,very low,moderate,2
QAT,Qatar,2019,Climate,0.0039,0.0,0.5019,very low,very low,moderate,2
QAT,Qatar,2020,Climate,0.0057,0.0,0.5029,very low,very low,moderate,2
QAT,Qatar,2021,Climate,0.0048,0.0,0.5024,very low,very low,moderate,2
QAT,Qatar,2022,Climate,0.0038,0.0,0.5019,very low,very low,moderate,2
QAT,Qatar,2023,Climate,0.0046,0.0,0.5023,very low,very low,moderate,2
QAT,Qatar,2024,Climate,0.0046,0.0,0.5023,very low,very low,moderate,2
QAT,Qatar,2005,Conflict,0.095,0.4175,0.3387,very low,moderate,low,7
QAT,Qatar,2006,Conflict,0.098,0.4057,0.3461,very low,moderate,low,7
QAT,Qatar,2007,Conflict,0.0985,0.3966,0.3509,very low,low,low,7
QAT,Qatar,2008,Conflict,0.0955,0.39,0.3528,very low,low,low,7
QAT,Qatar,2009,Conflict,0.0783,0.3889,0.3447,very low,low,low,7
QAT,Qatar,2010,Conflict,0.0882,0.3766,0.3558,very low,low,low,7
QAT,Qatar,2011,Conflict,0.0939,0.3739,0.36,very low,low,low,7
QAT,Qatar,2012,Conflict,0.0896,0.374,0.3578,very low,low,low,7
QAT,Qatar,2013,Conflict,0.0925,0.3703,0.3611,very low,low,low,7
QAT,Qatar,2014,Conflict,0.093,0.3674,0.3628,very low,low,low,7
QAT,Qatar,2015,Conflict,0.1022,0.3657,0.3682,very low,low,low,7
QAT,Qatar,2016,Conflict,0.1114,0.4757,0.3179,very low,moderate,low,6
QAT,Qatar,2017,Conflict,0.111,0.469,0.321,very low,moderate,low,6
QAT,Qatar,2018,Conflict,0.1086,0.4522,0.3282,very low,moderate,low,6
QAT,Qatar,2019,Conflict,0.1078,0.4523,0.3278,very low,moderate,low,6
QAT,Qatar,2020,Conflict,0.1073,0.4507,0.3283,very low,moderate,low,6
QAT,Qatar,2021,Conflict,0.1049,0.4535,0.3257,very low,moderate,low,7
QAT,Qatar,2022,Conflict,0.1056,0.4555,0.325,very low,moderate,low,7
QAT,Qatar,2023,Conflict,0.099,0.452,0.3235,very low,moderate,low,7
QAT,Qatar,2024,Conflict,0.1033,0.4507,0.3263,very low,moderate,low,7
QAT,Qatar,2005,Development,0.1938,0.632,0.2809,very low,high,low,6
QAT,Qatar,2006,Development,0.1776,0.6945,0.2415,very low,high,low,6
QAT,Qatar,2007,Development,0.166,0.7066,0.2297,very low,high,low,6
QAT,Qatar,2008,Development,0.1455,0.7374,0.2041,very low,high,low,6
QAT,Qatar,2009,Development,0.1176,0.7157,0.2009,very low,high,low,6
QAT,Qatar,2010,Development,0.1215,0.7489,0.1863,very low,high,very low,6
QAT,Qatar,2011,Development,0.0979,0.8021,0.1479,very low,very high,very low,7
QAT,Qatar,2012,Development,0.0978,0.7556,0.1711,very low,high,very low,7
QAT,Qatar,2013,Development,0.0938,0.7456,0.1741,very low,high,very low,7
QAT,Qatar,2014,Development,0.1137,0.7067,0.2035,very low,high,low,7
QAT,Qatar,2015,Development,0.1148,0.6468,0.234,very low,high,low,7
QAT,Qatar,2016,Development,0.1133,0.6124,0.2504,very low,high,low,7
QAT,Qatar,2017,Development,0.1224,0.5489,0.2867,very low,moderate,low,7
QAT,Qatar,2018,Development,0.1202,0.6004,0.2599,very low,high,low,7
QAT,Qatar,2019,Development,0.1122,0.5868,0.2627,very low,moderate,low,7
QAT,Qatar,2020,Development,0.1138,0.4972,0.3083,very low,moderate,low,7
QAT,Qatar,2021,Development,0.1163,0.6106,0.2529,very low,high,low,7
QAT,Qatar,2022,Development,0.1171,0.6914,0.2129,very low,high,low,7
QAT,Qatar,2023,Development,0.1224,0.6318,0.2453,very low,high,low,7
QAT,Qatar,2024,Development,0.1237,0.6471,0.2383,very low,high,low,7
QAT,Qatar,2005,Overall,0.0965,0.3498,0.3734,very low,low,low,15
QAT,Qatar,2006,Overall,0.0921,0.3667,0.3627,very low,low,low,15
QAT,Qatar,2007,Overall,0.0883,0.3677,0.3603,very low,low,low,15
QAT,Qatar,2008,Overall,0.0806,0.3758,0.3524,very low,low,low,15
QAT,Qatar,2009,Overall,0.0655,0.3682,0.3487,very low,low,low,15
QAT,Qatar,2010,Overall,0.0701,0.3752,0.3475,very low,low,low,15
QAT,Qatar,2011,Overall,0.064,0.392,0.336,very low,low,low,16
QAT,Qatar,2012,Overall,0.0625,0.3765,0.343,very low,low,low,16
QAT,Qatar,2013,Overall,0.0621,0.372,0.3451,very low,low,low,16
QAT,Qatar,2014,Overall,0.0691,0.358,0.3555,very low,low,low,16
QAT,Qatar,2015,Overall,0.0729,0.3375,0.3677,very low,low,low,16
QAT,Qatar,2016,Overall,0.0756,0.3627,0.3565,very low,low,low,15
QAT,Qatar,2017,Overall,0.0787,0.3393,0.3697,very low,low,low,15
QAT,Qatar,2018,Overall,0.0772,0.3509,0.3632,very low,low,low,15
QAT,Qatar,2019,Overall,0.0747,0.3464,0.3641,very low,low,low,15
QAT,Qatar,2020,Overall,0.0756,0.316,0.3798,very low,low,low,15
QAT,Qatar,2021,Overall,0.0753,0.3547,0.3603,very low,low,low,16
QAT,Qatar,2022,Overall,0.0755,0.3823,0.3466,very low,low,low,16
QAT,Qatar,2023,Overall,0.0754,0.3613,0.357,very low,low,low,16
QAT,Qatar,2024,Overall,0.0772,0.3659,0.3556,very low,low,low,16
SAU,Saudi Arabia,2005,Climate,0.0723,0.0,0.5361,very low,very low,moderate,2
SAU,Saudi Arabia,2006,Climate,0.0661,0.0,0.533,very low,very low,moderate,2
SAU,Saudi Arabia,2007,Climate,0.0619,0.0,0.531,very low,very low,moderate,2
SAU,Saudi Arabia,2008,Climate,0.0514,0.0,0.5257,very low,very low,moderate,2
SAU,Saudi Arabia,2009,Climate,0.064,0.0,0.532,very low,very low,moderate,2
SAU,Saudi Arabia,2010,Climate,0.0591,0.0,0.5295,very low,very low,moderate,2
SAU,Saudi Arabia,2011,Climate,0.0481,0.0,0.5241,very low,very low,moderate,2
SAU,Saudi Arabia,2012,Climate,0.046,0.0,0.523,very low,very low,moderate,2
SAU,Saudi Arabia,2013,Climate,0.048,0.0,0.524,very low,very low,moderate,2
SAU,Saudi Arabia,2014,Climate,0.0511,0.0,0.5256,very low,very low,moderate,2
SAU,Saudi Arabia,2015,Climate,0.0622,0.0,0.5311,very low,very low,moderate,2
SAU,Saudi Arabia,2016,Climate,0.066,0.0,0.533,very low,very low,moderate,2
SAU,Saudi Arabia,2017,Climate,0.0641,0.0,0.5321,very low,very low,moderate,2
SAU,Saudi Arabia,2018,Climate,0.0543,0.0,0.5271,very low,very low,moderate,2
SAU,Saudi Arabia,2019,Climate,0.0552,0.0,0.5276,very low,very low,moderate,2
SAU,Saudi Arabia,2020,Climate,0.0669,0.0,0.5335,very low,very low,moderate,2
SAU,Saudi Arabia,2021,Climate,0.0551,0.0,0.5275,very low,very low,moderate,2
SAU,Saudi Arabia,2022,Climate,0.0496,0.0,0.5248,very low,very low,moderate,2
SAU,Saudi Arabia,2023,Climate,0.0553,0.0,0.5276,very low,very low,moderate,2
SAU,Saudi Arabia,2024,Climate,0.0564,0.0,0.5282,very low,very low,moderate,2
SAU,Saudi Arabia,2005,Conflict,0.2787,0.4762,0.4012,low,moderate,moderate,7
SAU,Saudi Arabia,2006,Conflict,0.2906,0.4828,0.4039,low,moderate,moderate,7
SAU,Saudi Arabia,2007,Conflict,0.2868,0.4915,0.3977,low,moderate,low,7
SAU,Saudi Arabia,2008,Conflict,0.2735,0.4668,0.4034,low,moderate,moderate,7
SAU,Saudi Arabia,2009,Conflict,0.3806,0.5063,0.4371,low,moderate,moderate,7
SAU,Saudi Arabia,2010,Conflict,0.353,0.488,0.4325,low,moderate,moderate,7
SAU,Saudi Arabia,2011,Conflict,0.3675,0.4568,0.4554,low,moderate,moderate,7
SAU,Saudi Arabia,2012,Conflict,0.3731,0.4585,0.4573,low,moderate,moderate,7
SAU,Saudi Arabia,2013,Conflict,0.3774,0.4732,0.4521,low,moderate,moderate,7
SAU,Saudi Arabia,2014,Conflict,0.3539,0.4985,0.4277,low,moderate,moderate,7
SAU,Saudi Arabia,2015,Conflict,0.3646,0.5451,0.4097,low,moderate,moderate,7
SAU,Saudi Arabia,2016,Conflict,0.4504,0.4849,0.4827,moderate,moderate,moderate,7
SAU,Saudi Arabia,2017,Conflict,0.3778,0.4895,0.4442,low,moderate,moderate,7
SAU,Saudi Arabia,2018,Conflict,0.3732,0.4739,0.4497,low,moderate,moderate,7
SAU,Saudi Arabia,2019,Conflict,0.3702,0.4601,0.455,low,moderate,moderate,7
SAU,Saudi Arabia,2020,Conflict,0.3702,0.4776,0.4463,low,moderate,moderate,7
SAU,Saudi Arabia,2021,Conflict,0.3645,0.4527,0.4559,low,moderate,moderate,7
SAU,Saudi Arabia,2022,Conflict,0.3575,0.4394,0.459,low,moderate,moderate,7
SAU,Saudi Arabia,2023,Conflict,0.3497,0.4516,0.449,low,moderate,moderate,7
SAU,Saudi Arabia,2024,Conflict,0.1699,0.4526,0.3586,very low,moderate,low,7
SAU,Saudi Arabia,2005,Development,0.2325,0.4623,0.3851,low,moderate,low,8
SAU,Saudi Arabia,2006,Development,0.2281,0.4435,0.3923,low,moderate,low,8
SAU,Saudi Arabia,2007,Development,0.2244,0.4294,0.3975,low,moderate,low,8
SAU,Saudi Arabia,2008,Development,0.2124,0.4849,0.3638,low,moderate,low,8
SAU,Saudi Arabia,2009,Development,0.2178,0.3716,0.4231,low,low,moderate,8
SAU,Saudi Arabia,2010,Development,0.209,0.4078,0.4006,low,moderate,moderate,9
SAU,Saudi Arabia,2011,Development,0.216,0.4576,0.3792,low,moderate,low,9
SAU,Saudi Arabia,2012,Development,0.2136,0.4232,0.3952,low,moderate,low,9
SAU,Saudi Arabia,2013,Development,0.2122,0.3978,0.4072,low,low,moderate,8
SAU,Saudi Arabia,2014,Development,0.2184,0.3836,0.4174,low,low,moderate,8
SAU,Saudi Arabia,2015,Development,0.2093,0.4018,0.4038,low,moderate,moderate,8
SAU,Saudi Arabia,2016,Development,0.1917,0.3827,0.4045,very low,low,moderate,8
SAU,Saudi Arabia,2017,Development,0.1937,0.3674,0.4132,very low,low,moderate,8
SAU,Saudi Arabia,2018,Development,0.1913,0.4351,0.3781,very low,moderate,low,8
SAU,Saudi Arabia,2019,Development,0.185,0.4197,0.3827,very low,moderate,low,8
SAU,Saudi Arabia,2020,Development,0.1891,0.3738,0.4076,very low,low,moderate,8
SAU,Saudi Arabia,2021,Development,0.1887,0.4778,0.3555,very low,moderate,low,8
SAU,Saudi Arabia,2022,Development,0.18,0.5263,0.3269,very low,moderate,low,8
SAU,Saudi Arabia,2023,Development,0.1577,0.4573,0.3502,very low,moderate,low,8
SAU,Saudi Arabia,2024,Development,0.1365,0.4852,0.3256,very low,moderate,low,8
SAU,Saudi Arabia,2005,Overall,0.1945,0.3128,0.4408,very low,low,moderate,17
SAU,Saudi Arabia,2006,Overall,0.1949,0.3088,0.4431,very low,low,moderate,17
SAU,Saudi Arabia,2007,Overall,0.1911,0.3069,0.4421,very low,low,moderate,17
SAU,Saudi Arabia,2008,Overall,0.1791,0.3172,0.431,very low,low,moderate,17
SAU,Saudi Arabia,2009,Overall,0.2208,0.2927,0.4641,low,low,moderate,17
SAU,Saudi Arabia,2010,Overall,0.207,0.2986,0.4542,low,low,moderate,18
SAU,Saudi Arabia,2011,Overall,0.2105,0.3048,0.4529,low,low,moderate,18
SAU,Saudi Arabia,2012,Overall,0.2109,0.2939,0.4585,low,low,moderate,18
SAU,Saudi Arabia,2013,Overall,0.2125,0.2904,0.4611,low,low,moderate,17
SAU,Saudi Arabia,2014,Overall,0.2078,0.294,0.4569,low,low,moderate,17
SAU,Saudi Arabia,2015,Overall,0.212,0.3156,0.4482,low,low,moderate,17
SAU,Saudi Arabia,2016,Overall,0.236,0.2892,0.4734,low,low,moderate,17
SAU,Saudi Arabia,2017,Overall,0.2119,0.2856,0.4631,low,low,moderate,17
SAU,Saudi Arabia,2018,Overall,0.2062,0.303,0.4516,low,low,moderate,17
SAU,Saudi Arabia,2019,Overall,0.2035,0.2933,0.4551,low,low,moderate,17
SAU,Saudi Arabia,2020,Overall,0.2087,0.2838,0.4625,low,low,moderate,17
SAU,Saudi Arabia,2021,Overall,0.2027,0.3102,0.4463,low,low,moderate,17
SAU,Saudi Arabia,2022,Overall,0.1957,0.3219,0.4369,very low,low,moderate,17
SAU,Saudi Arabia,2023,Overall,0.1876,0.303,0.4423,very low,low,moderate,17
SAU,Saudi Arabia,2024,Overall,0.1209,0.3126,0.4042,very low,low,moderate,17
SOM,Somalia,2005,Climate,,0.7547,0.2453,,high,low,1
SOM,Somalia,2006,Climate,,0.7547,0.2453,,high,low,1
SOM,Somalia,2007,Climate,,0.7547,0.2453,,high,low,1
SOM,Somalia,2008,Climate,,0.7547,0.2453,,high,low,1
SOM,Somalia,2009,Climate,,0.7547,0.2453,,high,low,1
SOM,Somalia,2010,Climate,,0.7547,0.2453,,high,low,1
SOM,Somalia,2011,Climate,,0.7547,0.2453,,high,low,1
SOM,Somalia,2012,Climate,,0.7547,0.2453,,high,low,1
SOM,Somalia,2013,Climate,,0.7547,0.2453,,high,low,1
SOM,Somalia,2014,Climate,,0.7547,0.2453,,high,low,1
SOM,Somalia,2015,Climate,,0.7547,0.2453,,high,low,1
SOM,Somalia,2016,Climate,,0.7547,0.2453,,high,low,1
SOM,Somalia,2017,Climate,,0.7547,0.2453,,high,low,1
SOM,Somalia,2018,Climate,,0.7547,0.2453,,high,low,1
SOM,Somalia,2019,Climate,,0.7547,0.2453,,high,low,1
SOM,Somalia,2020,Climate,,0.7547,0.2453,,high,low,1
SOM,Somalia,2021,Climate,,0.7547,0.2453,,high,low,1
SOM,Somalia,2022,Climate,,0.7547,0.2453,,high,low,1
SOM,Somalia,2023,Climate,,0.7547,0.2453,,high,low,1
SOM,Somalia,2024,Climate,,0.7547,0.2453,,high,low,1
SOM,Somalia,2005,Conflict,0.4167,0.4527,0.482,moderate,moderate,moderate,5
SOM,Somalia,2006,Conflict,0.4499,0.4478,0.501,moderate,moderate,moderate,5
SOM,Somalia,2007,Conflict,0.5077,0.3515,0.5781,moderate,low,moderate,5
SOM,Somalia,2008,Conflict,0.5852,0.3042,0.6405,moderate,low,high,5
SOM,Somalia,2009,Conflict,0.4984,0.1705,0.664,moderate,very low,high,6
SOM,Somalia,2010,Conflict,0.5336,0.1761,0.6787,moderate,very low,high,6
SOM,Somalia,2011,Conflict,0.5213,0.1654,0.678,moderate,very low,high,6
SOM,Somalia,2012,Conflict,0.5582,0.2028,0.6777,moderate,low,high,6
SOM,Somalia,2013,Conflict,0.4654,0.1487,0.6583,moderate,very low,high,7
SOM,Somalia,2014,Conflict,0.4701,0.169,0.6505,moderate,very low,high,7
SOM,Somalia,2015,Conflict,0.5437,0.1708,0.6864,moderate,very low,high,7
SOM,Somalia,2016,Conflict,0.5745,0.1546,0.71,moderate,very low,high,7
SOM,Somalia,2017,Conflict,0.4706,0.1385,0.666,moderate,very low,high,7
SOM,Somalia,2018,Conflict,0.4825,0.122,0.6803,moderate,very low,high,7
SOM,Somalia,2019,Conflict,0.5522,0.1298,0.7112,moderate,very low,high,7
SOM,Somalia,2020,Conflict,0.5678,0.1236,0.7221,moderate,very low,high,7
SOM,Somalia,2021,Conflict,0.5838,0.133,0.7254,moderate,very low,high,7
SOM,Somalia,2022,Conflict,0.5865,0.1459,0.7203,moderate,very low,high,7
SOM,Somalia,2023,Conflict,0.6183,0.1105,0.7539,high,very low,high,7
SOM,Somalia,2024,Conflict,0.3175,0.1159,0.6008,low,very low,high,7
SOM,Somalia,2005,Development,0.4807,0.2299,0.6254,moderate,low,high,7
SOM,Somalia,2006,Development,0.4915,0.2076,0.6419,moderate,low,high,7
SOM,Somalia,2007,Development,0.4879,0.2106,0.6387,moderate,low,high,7
SOM,Somalia,2008,Development,0.5113,0.2127,0.6493,moderate,low,high,7
SOM,Somalia,2009,Development,0.5409,0.221,0.6599,moderate,low,high,7
SOM,Somalia,2010,Development,0.5437,0.2202,0.6618,moderate,low,high,7
SOM,Somalia,2011,Development,0.701,0.2207,0.7402,high,low,high,7
SOM,Somalia,2012,Development,0.556,0.2235,0.6663,moderate,low,high,7
SOM,Somalia,2013,Development,0.5286,0.2646,0.632,moderate,low,high,7
SOM,Somalia,2014,Development,0.5265,0.2649,0.6308,moderate,low,high,7
SOM,Somalia,2015,Development,0.5277,0.281,0.6234,moderate,low,high,7
SOM,Somalia,2016,Development,0.5164,0.2397,0.6383,moderate,low,high,7
SOM,Somalia,2017,Development,0.5476,0.1978,0.6749,moderate,very low,high,8
SOM,Somalia,2018,Development,0.533,0.1355,0.6987,moderate,very low,high,8
SOM,Somalia,2019,Development,0.5133,0.1427,0.6853,moderate,very low,high,8
SOM,Somalia,2020,Development,0.5709,0.1031,0.7339,moderate,very low,high,8
SOM,Somalia,2021,Development,0.5345,0.1571,0.6887,moderate,very low,high,8
SOM,Somalia,2022,Development,0.521,0.1478,0.6866,moderate,very low,high,8
SOM,Somalia,2023,Development,0.5082,0.1694,0.6694,moderate,very low,high,8
SOM,Somalia,2024,Development,0.5179,0.1625,0.6777,moderate,very low,high,8
SOM,Somalia,2005,Overall,0.4487,0.4791,0.4848,moderate,moderate,moderate,13
SOM,Somalia,2006,Overall,0.4707,0.4701,0.5003,moderate,moderate,moderate,13
SOM,Somalia,2007,Overall,0.4978,0.4389,0.5294,moderate,moderate,moderate,13
SOM,Somalia,2008,Overall,0.5483,0.4239,0.5622,moderate,moderate,moderate,13
SOM,Somalia,2009,Overall,0.5196,0.3821,0.5688,moderate,low,moderate,14
SOM,Somalia,2010,Overall,0.5387,0.3837,0.5775,moderate,low,moderate,14
SOM,Somalia,2011,Overall,0.6111,0.3803,0.6154,high,low,high,14
SOM,Somalia,2012,Overall,0.5571,0.3937,0.5817,moderate,low,moderate,14
SOM,Somalia,2013,Overall,0.497,0.3893,0.5538,moderate,low,moderate,15
SOM,Somalia,2014,Overall,0.4983,0.3962,0.551,moderate,low,moderate,15
SOM,Somalia,2015,Overall,0.5357,0.4022,0.5668,moderate,moderate,moderate,15
SOM,Somalia,2016,Overall,0.5454,0.383,0.5812,moderate,low,moderate,15
SOM,Somalia,2017,Overall,0.5091,0.3637,0.5727,moderate,low,moderate,16
SOM,Somalia,2018,Overall,0.5077,0.3374,0.5852,moderate,low,moderate,16
SOM,Somalia,2019,Overall,0.5327,0.3424,0.5952,moderate,low,moderate,16
SOM,Somalia,2020,Overall,0.5694,0.3271,0.6211,moderate,low,high,16
SOM,Somalia,2021,Overall,0.5592,0.3483,0.6055,moderate,low,high,16
SOM,Somalia,2022,Overall,0.5537,0.3495,0.6021,moderate,low,high,16
SOM,Somalia,2023,Overall,0.5632,0.3449,0.6092,moderate,low,high,16
SOM,Somalia,2024,Overall,0.4177,0.3444,0.5367,moderate,low,moderate,16
PSE,State of Palestine,2005,Climate,0.2081,0.4181,0.395,low,moderate,low,2
PSE,State of Palestine,2006,Climate,0.2641,0.4373,0.4134,low,moderate,moderate,2
PSE,State of Palestine,2007,Climate,0.2066,0.4614,0.3726,low,moderate,low,2
PSE,State of Palestine,2008,Climate,0.2347,0.4855,0.3746,low,moderate,low,2
PSE,State of Palestine,2009,Climate,0.2322,0.5096,0.3613,low,moderate,low,2
PSE,State of Palestine,2010,Climate,0.2084,0.6137,0.2973,low,high,low,2
PSE,State of Palestine,2011,Climate,0.1929,0.6193,0.2868,very low,high,low,2
PSE,State of Palestine,2012,Climate,0.1874,0.5827,0.3024,very low,moderate,low,2
PSE,State of Palestine,2013,Climate,0.1755,0.5687,0.3034,very low,moderate,low,2
PSE,State of Palestine,2014,Climate,0.181,0.6085,0.2863,very low,high,low,2
PSE,State of Palestine,2015,Climate,0.1711,0.5847,0.2932,very low,moderate,low,2
PSE,State of Palestine,2016,Climate,0.1756,0.5998,0.2879,very low,moderate,low,2
PSE,State of Palestine,2017,Climate,0.1625,0.5892,0.2866,very low,moderate,low,2
PSE,State of Palestine,2018,Climate,0.1699,0.5725,0.2987,very low,moderate,low,2
PSE,State of Palestine,2019,Climate,0.1628,0.5299,0.3164,very low,moderate,low,2
PSE,State of Palestine,2020,Climate,0.1639,0.4974,0.3333,very low,moderate,low,2
PSE,State of Palestine,2021,Climate,0.1455,0.5225,0.3115,very low,moderate,low,2
PSE,State of Palestine,2022,Climate,0.1322,0.5225,0.3048,very low,moderate,low,2
PSE,State of Palestine,2023,Climate,0.1118,0.5225,0.2947,very low,moderate,low,2
PSE,State of Palestine,2024,Climate,0.1269,0.5225,0.3022,very low,moderate,low,2
PSE,State of Palestine,2005,Conflict,0.348,0.5764,0.3858,low,moderate,low,6
PSE,State of Palestine,2006,Conflict,0.3605,0.5933,0.3836,low,moderate,low,6
PSE,State of Palestine,2007,Conflict,0.3651,0.5641,0.4005,low,moderate,moderate,6
PSE,State of Palestine,2008,Conflict,0.3726,0.557,0.4078,low,moderate,moderate,6
PSE,State of Palestine,2009,Conflict,0.3673,0.611,0.3781,low,high,low,6
PSE,State of Palestine,2010,Conflict,0.368,0.6073,0.3803,low,high,low,6
PSE,State of Palestine,2011,Conflict,0.3753,0.5839,0.3957,low,moderate,low,6
PSE,State of Palestine,2012,Conflict,0.3798,0.5829,0.3985,low,moderate,low,6
PSE,State of Palestine,2013,Conflict,0.2867,0.5781,0.3543,low,moderate,low,6
PSE,State of Palestine,2014,Conflict,0.4449,0.584,0.4304,moderate,moderate,moderate,6
PSE,State of Palestine,2015,Conflict,0.3654,0.5801,0.3927,low,moderate,low,6
PSE,State of Palestine,2016,Conflict,0.4462,0.5792,0.4335,moderate,moderate,moderate,6
PSE,State of Palestine,2017,Conflict,0.3412,0.5777,0.3817,low,moderate,low,6
PSE,State of Palestine,2018,Conflict,0.431,0.6308,0.4001,moderate,high,moderate,5
PSE,State of Palestine,2019,Conflict,0.4349,0.4193,0.5078,moderate,moderate,moderate,6
PSE,State of Palestine,2020,Conflict,0.4493,0.4208,0.5143,moderate,moderate,moderate,6
PSE,State of Palestine,2021,Conflict,0.4422,0.41,0.5161,moderate,moderate,moderate,6
PSE,State of Palestine,2022,Conflict,0.4355,0.4075,0.514,moderate,moderate,moderate,6
PSE,State of Palestine,2023,Conflict,0.3579,0.414,0.472,low,moderate,moderate,6
PSE,State of Palestine,2024,Conflict,0.2918,0.4011,0.4453,low,moderate,moderate,6
PSE,State of Palestine,2005,Development,0.3797,0.4312,0.4743,low,moderate,moderate,8
PSE,State of Palestine,2006,Development,0.3928,0.2879,0.5525,low,low,moderate,8
PSE,State of Palestine,2007,Development,0.3976,0.3228,0.5374,low,low,moderate,8
PSE,State of Palestine,2008,Development,0.4461,0.3727,0.5367,moderate,low,moderate,8
PSE,State of Palestine,2009,Development,0.4027,0.42,0.4914,moderate,moderate,moderate,8
PSE,State of Palestine,2010,Development,0.3903,0.399,0.4957,low,low,moderate,8
PSE,State of Palestine,2011,Development,0.3953,0.4277,0.4838,low,moderate,moderate,8
PSE,State of Palestine,2012,Development,0.4115,0.3842,0.5136,moderate,low,moderate,8
PSE,State of Palestine,2013,Development,0.3975,0.3639,0.5168,low,low,moderate,8
PSE,State of Palestine,2014,Development,0.4148,0.3044,0.5552,moderate,low,moderate,8
PSE,State of Palestine,2015,Development,0.4208,0.3416,0.5396,moderate,low,moderate,8
PSE,State of Palestine,2016,Development,0.4207,0.4137,0.5035,moderate,moderate,moderate,8
PSE,State of Palestine,2017,Development,0.4337,0.3196,0.557,moderate,low,moderate,8
PSE,State of Palestine,2018,Development,0.4503,0.3103,0.57,moderate,low,moderate,8
PSE,State of Palestine,2019,Development,0.4499,0.3148,0.5675,moderate,low,moderate,8
PSE,State of Palestine,2020,Development,0.4571,0.1685,0.6443,moderate,very low,high,8
PSE,State of Palestine,2021,Development,0.482,0.3813,0.5503,moderate,low,moderate,8
PSE,State of Palestine,2022,Development,0.4844,0.3496,0.5674,moderate,low,moderate,8
PSE,State of Palestine,2023,Development,0.4799,0.2821,0.5989,moderate,low,moderate,8
PSE,State of Palestine,2024,Development,0.4121,0.1575,0.6273,moderate,very low,high,8
PSE,State of Palestine,2005,Overall,0.3119,0.4752,0.4184,low,moderate,moderate,16
PSE,State of Palestine,2006,Overall,0.3392,0.4395,0.4498,low,moderate,moderate,16
PSE,State of Palestine,2007,Overall,0.3231,0.4495,0.4368,low,moderate,moderate,16
PSE,State of Palestine,2008,Overall,0.3511,0.4717,0.4397,low,moderate,moderate,16
PSE,State of Palestine,2009,Overall,0.3341,0.5135,0.4103,low,moderate,moderate,16
PSE,State of Palestine,2010,Overall,0.3222,0.54,0.3911,low,moderate,low,16
PSE,State of Palestine,2011,Overall,0.3211,0.5437,0.3887,low,moderate,low,16
PSE,State of Palestine,2012,Overall,0.3262,0.5166,0.4048,low,moderate,moderate,16
PSE,State of Palestine,2013,Overall,0.2866,0.5036,0.3915,low,moderate,low,16
PSE,State of Palestine,2014,Overall,0.3469,0.4989,0.424,low,moderate,moderate,16
PSE,State of Palestine,2015,Overall,0.3191,0.5021,0.4085,low,moderate,moderate,16
PSE,State of Palestine,2016,Overall,0.3475,0.5309,0.4083,low,moderate,moderate,16
PSE,State of Palestine,2017,Overall,0.3124,0.4955,0.4085,low,moderate,moderate,16
PSE,State of Palestine,2018,Overall,0.3504,0.5045,0.4229,low,moderate,moderate,15
PSE,State of Palestine,2019,Overall,0.3492,0.4213,0.4639,low,moderate,moderate,16
PSE,State of Palestine,2020,Overall,0.3568,0.3622,0.4973,low,low,moderate,16
PSE,State of Palestine,2021,Overall,0.3566,0.4379,0.4593,low,moderate,moderate,16
PSE,State of Palestine,2022,Overall,0.3507,0.4265,0.4621,low,moderate,moderate,16
PSE,State of Palestine,2023,Overall,0.3166,0.4062,0.4552,low,moderate,moderate,16
PSE,State of Palestine,2024,Overall,0.2769,0.3604,0.4583,low,low,moderate,16
SDN,Sudan,2005,Climate,0.7743,,0.7743,high,,high,1
SDN,Sudan,2006,Climate,0.742,,0.742,high,,high,1
SDN,Sudan,2007,Climate,0.832,,0.832,very high,,very high,1
SDN,Sudan,2008,Climate,0.844,,0.844,very high,,very high,1
SDN,Sudan,2009,Climate,0.7814,,0.7814,high,,high,1
SDN,Sudan,2010,Climate,0.7135,,0.7135,high,,high,1
SDN,Sudan,2011,Climate,0.7135,,0.7135,high,,high,1
SDN,Sudan,2012,Climate,0.7135,0.0,0.8567,high,very low,very high,2
SDN,Sudan,2013,Climate,0.7135,0.0,0.8567,high,very low,very high,2
SDN,Sudan,2014,Climate,0.7439,0.0,0.8719,high,very low,very high,2
SDN,Sudan,2015,Climate,0.7322,0.0,0.8661,high,very low,very high,2
SDN,Sudan,2016,Climate,0.7368,0.0,0.8684,high,very low,very high,2
SDN,Sudan,2017,Climate,0.7415,0.0,0.8708,high,very low,very high,2
SDN,Sudan,2018,Climate,0.5123,0.0,0.7562,moderate,very low,high,2
SDN,Sudan,2019,Climate,0.4702,0.0,0.7351,moderate,very low,high,2
SDN,Sudan,2020,Climate,0.4749,0.0,0.7375,moderate,very low,high,2
SDN,Sudan,2021,Climate,0.4702,0.0,0.7351,moderate,very low,high,2
SDN,Sudan,2022,Climate,0.6152,0.0,0.8076,high,very low,very high,2
SDN,Sudan,2023,Climate,0.7059,0.0,0.8529,high,very low,very high,2
SDN,Sudan,2024,Climate,0.5166,0.0,0.7583,moderate,very low,high,2
SDN,Sudan,2005,Conflict,0.4774,0.3188,0.5793,moderate,low,moderate,7
SDN,Sudan,2006,Conflict,0.5882,0.3206,0.6338,moderate,low,high,7
SDN,Sudan,2007,Conflict,0.4952,0.3347,0.5803,moderate,low,moderate,7
SDN,Sudan,2008,Conflict,0.5892,0.3579,0.6157,moderate,low,high,7
SDN,Sudan,2009,Conflict,0.5861,0.3708,0.6077,moderate,low,high,7
SDN,Sudan,2010,Conflict,0.5977,0.3533,0.6222,moderate,low,high,7
SDN,Sudan,2011,Conflict,0.6822,0.3587,0.6617,high,low,high,7
SDN,Sudan,2012,Conflict,0.5988,0.3671,0.6158,moderate,low,high,7
SDN,Sudan,2013,Conflict,0.661,0.366,0.6475,high,low,high,7
SDN,Sudan,2014,Conflict,0.6629,0.359,0.652,high,low,high,7
SDN,Sudan,2015,Conflict,0.6568,0.2934,0.6817,high,low,high,7
SDN,Sudan,2016,Conflict,0.6653,0.2734,0.696,high,low,high,7
SDN,Sudan,2017,Conflict,0.6323,0.286,0.6731,high,low,high,7
SDN,Sudan,2018,Conflict,0.6181,0.2602,0.6789,high,low,high,7
SDN,Sudan,2019,Conflict,0.6104,0.2677,0.6713,high,low,high,7
SDN,Sudan,2020,Conflict,0.5932,0.2564,0.6684,moderate,low,high,7
SDN,Sudan,2021,Conflict,0.6193,0.2524,0.6835,high,low,high,7
SDN,Sudan,2022,Conflict,0.629,0.2374,0.6958,high,low,high,7
SDN,Sudan,2023,Conflict,0.6248,0.1334,0.7457,high,very low,high,7
SDN,Sudan,2024,Conflict,0.3016,0.0789,0.6114,low,very low,high,7
SDN,Sudan,2005,Development,0.4123,0.2833,0.5645,moderate,low,moderate,8
SDN,Sudan,2006,Development,0.3883,0.3214,0.5334,low,low,moderate,8
SDN,Sudan,2007,Development,0.3919,0.3091,0.5414,low,low,moderate,8
SDN,Sudan,2008,Development,0.4033,0.2835,0.5599,moderate,low,moderate,8
SDN,Sudan,2009,Development,0.3902,0.2159,0.5872,low,low,moderate,9
SDN,Sudan,2010,Development,0.4014,0.2682,0.5666,moderate,low,moderate,9
SDN,Sudan,2011,Development,0.4071,0.191,0.6081,moderate,very low,high,9
SDN,Sudan,2012,Development,0.4119,0.1552,0.6284,moderate,very low,high,9
SDN,Sudan,2013,Development,0.4059,0.2554,0.5752,moderate,low,moderate,9
SDN,Sudan,2014,Development,0.3927,0.2838,0.5544,low,low,moderate,9
SDN,Sudan,2015,Development,0.3783,0.257,0.5606,low,low,moderate,9
SDN,Sudan,2016,Development,0.3737,0.2651,0.5543,low,low,moderate,9
SDN,Sudan,2017,Development,0.3703,0.2519,0.5592,low,low,moderate,9
SDN,Sudan,2018,Development,0.3743,0.2247,0.5748,low,low,moderate,9
SDN,Sudan,2019,Development,0.3718,0.2234,0.5742,low,low,moderate,9
SDN,Sudan,2020,Development,0.3762,0.2188,0.5787,low,low,moderate,9
SDN,Sudan,2021,Development,0.3764,0.2342,0.5711,low,low,moderate,9
SDN,Sudan,2022,Development,0.347,0.2226,0.5622,low,low,moderate,8
SDN,Sudan,2023,Development,0.3537,0.0858,0.634,low,very low,high,8
SDN,Sudan,2024,Development,0.3601,0.0744,0.6428,low,very low,high,8
SDN,Sudan,2005,Overall,0.5547,0.3011,0.6268,moderate,low,high,16
SDN,Sudan,2006,Overall,0.5728,0.321,0.6259,moderate,low,high,16
SDN,Sudan,2007,Overall,0.573,0.3219,0.6256,moderate,low,high,16
SDN,Sudan,2008,Overall,0.6122,0.3207,0.6457,high,low,high,16
SDN,Sudan,2009,Overall,0.5859,0.2933,0.6463,moderate,low,high,17
SDN,Sudan,2010,Overall,0.5709,0.3108,0.63,moderate,low,high,17
SDN,Sudan,2011,Overall,0.6009,0.2748,0.663,high,low,high,17
SDN,Sudan,2012,Overall,0.5747,0.1741,0.7003,moderate,very low,high,18
SDN,Sudan,2013,Overall,0.5935,0.2071,0.6932,moderate,low,high,18
SDN,Sudan,2014,Overall,0.5998,0.2143,0.6928,moderate,low,high,18
SDN,Sudan,2015,Overall,0.5891,0.1835,0.7028,moderate,very low,high,18
SDN,Sudan,2016,Overall,0.5919,0.1795,0.7062,moderate,very low,high,18
SDN,Sudan,2017,Overall,0.5814,0.1793,0.701,moderate,very low,high,18
SDN,Sudan,2018,Overall,0.5016,0.1616,0.67,moderate,very low,high,18
SDN,Sudan,2019,Overall,0.4841,0.1637,0.6602,moderate,very low,high,18
SDN,Sudan,2020,Overall,0.4814,0.1584,0.6615,moderate,very low,high,18
SDN,Sudan,2021,Overall,0.4886,0.1622,0.6632,moderate,very low,high,18
SDN,Sudan,2022,Overall,0.5304,0.1533,0.6885,moderate,very low,high,17
SDN,Sudan,2023,Overall,0.5615,0.0731,0.7442,moderate,very low,high,17
SDN,Sudan,2024,Overall,0.3928,0.0511,0.6708,low,very low,high,17
SYR,Syrian Arab Republic,2005,Climate,0.4724,0.0,0.7362,moderate,very low,high,2
SYR,Syrian Arab Republic,2006,Climate,0.4996,0.0,0.7498,moderate,very low,high,2
SYR,Syrian Arab Republic,2007,Climate,0.4529,0.0,0.7264,moderate,very low,high,2
SYR,Syrian Arab Republic,2008,Climate,0.4365,0.0,0.7182,moderate,very low,high,2
SYR,Syrian Arab Republic,2009,Climate,0.5309,0.0,0.7655,moderate,very low,high,2
SYR,Syrian Arab Republic,2010,Climate,0.4524,0.0,0.7262,moderate,very low,high,2
SYR,Syrian Arab Republic,2011,Climate,0.4807,0.0,0.7403,moderate,very low,high,2
SYR,Syrian Arab Republic,2012,Climate,0.5458,0.0,0.7729,moderate,very low,high,2
SYR,Syrian Arab Republic,2013,Climate,0.5849,0.0,0.7925,moderate,very low,high,2
SYR,Syrian Arab Republic,2014,Climate,0.626,0.0,0.813,high,very low,very high,2
SYR,Syrian Arab Republic,2015,Climate,0.7726,0.0,0.8863,high,very low,very high,2
SYR,Syrian Arab Republic,2016,Climate,0.7969,0.0,0.8984,high,very low,very high,2
SYR,Syrian Arab Republic,2017,Climate,0.9482,0.0,0.9741,very high,very low,very high,2
SYR,Syrian Arab Republic,2018,Climate,0.9101,0.0,0.9551,very high,very low,very high,2
SYR,Syrian Arab Republic,2019,Climate,0.9506,0.0,0.9753,very high,very low,very high,2
SYR,Syrian Arab Republic,2020,Climate,0.7615,0.0,0.8807,high,very low,very high,2
SYR,Syrian Arab Republic,2021,Climate,0.9023,0.0,0.9511,very high,very low,very high,2
SYR,Syrian Arab Republic,2022,Climate,1.0,0.0,1.0,very high,very low,very high,2
SYR,Syrian Arab Republic,2023,Climate,1.0,0.0,1.0,very high,very low,very high,2
SYR,Syrian Arab Republic,2024,Climate,1.0,0.0,1.0,very high,very low,very high,2
SYR,Syrian Arab Republic,2005,Conflict,0.4476,0.5413,0.4532,moderate,moderate,moderate,7
SYR,Syrian Arab Republic,2006,Conflict,0.4522,0.4862,0.483,moderate,moderate,moderate,7
SYR,Syrian Arab Republic,2007,Conflict,0.4542,0.4379,0.5082,moderate,moderate,moderate,7
SYR,Syrian Arab Republic,2008,Conflict,0.4563,0.4446,0.5059,moderate,moderate,moderate,7
SYR,Syrian Arab Republic,2009,Conflict,0.4518,0.4576,0.4971,moderate,moderate,moderate,7
SYR,Syrian Arab Republic,2010,Conflict,0.4912,0.4556,0.5178,moderate,moderate,moderate,7
SYR,Syrian Arab Republic,2011,Conflict,0.594,0.3804,0.6068,moderate,low,high,7
SYR,Syrian Arab Republic,2012,Conflict,0.9137,0.2885,0.8126,very high,low,very high,7
SYR,Syrian Arab Republic,2013,Conflict,0.8311,0.1597,0.8357,very high,very low,very high,7
SYR,Syrian Arab Republic,2014,Conflict,0.9066,0.2188,0.8439,very high,low,very high,7
SYR,Syrian Arab Republic,2015,Conflict,0.9125,0.2241,0.8442,very high,low,very high,7
SYR,Syrian Arab Republic,2016,Conflict,0.9167,0.237,0.8398,very high,low,very high,6
SYR,Syrian Arab Republic,2017,Conflict,0.913,0.1888,0.8621,very high,very low,very high,6
SYR,Syrian Arab Republic,2018,Conflict,0.9116,0.194,0.8588,very high,very low,very high,6
SYR,Syrian Arab Republic,2019,Conflict,0.8219,0.1927,0.8146,very high,very low,very high,6
SYR,Syrian Arab Republic,2020,Conflict,0.7189,0.1943,0.7623,high,very low,high,6
SYR,Syrian Arab Republic,2021,Conflict,0.6168,0.1954,0.7107,high,very low,high,6
SYR,Syrian Arab Republic,2022,Conflict,0.6063,0.1952,0.7055,high,very low,high,6
SYR,Syrian Arab Republic,2023,Conflict,0.6217,0.1939,0.7139,high,very low,high,6
SYR,Syrian Arab Republic,2024,Conflict,0.3245,0.1985,0.563,low,very low,moderate,6
SYR,Syrian Arab Republic,2005,Development,0.3012,0.3777,0.4618,low,low,moderate,8
SYR,Syrian Arab Republic,2006,Development,0.2948,0.3464,0.4742,low,low,moderate,8
SYR,Syrian Arab Republic,2007,Development,0.305,0.3599,0.4726,low,low,moderate,8
SYR,Syrian Arab Republic,2008,Development,0.3206,0.3557,0.4824,low,low,moderate,8
SYR,Syrian Arab Republic,2009,Development,0.3014,0.3743,0.4636,low,low,moderate,8
SYR,Syrian Arab Republic,2010,Development,0.3076,0.3694,0.4691,low,low,moderate,8
SYR,Syrian Arab Republic,2011,Development,0.3105,0.3188,0.4959,low,low,moderate,8
SYR,Syrian Arab Republic,2012,Development,0.3579,0.1213,0.6183,low,very low,high,8
SYR,Syrian Arab Republic,2013,Development,0.3918,0.0929,0.6494,low,very low,high,8
SYR,Syrian Arab Republic,2014,Development,0.4189,0.0854,0.6668,moderate,very low,high,8
SYR,Syrian Arab Republic,2015,Development,0.4383,0.1594,0.6394,moderate,very low,high,8
SYR,Syrian Arab Republic,2016,Development,0.6548,0.1113,0.7718,high,very low,high,7
SYR,Syrian Arab Republic,2017,Development,0.6249,0.1867,0.7191,high,very low,high,7
SYR,Syrian Arab Republic,2018,Development,0.5533,0.2168,0.6683,moderate,low,high,7
SYR,Syrian Arab Republic,2019,Development,0.5466,0.2092,0.6687,moderate,low,high,7
SYR,Syrian Arab Republic,2020,Development,0.7051,0.2027,0.7512,high,low,high,7
SYR,Syrian Arab Republic,2021,Development,0.6452,0.2096,0.7178,high,low,high,7
SYR,Syrian Arab Republic,2022,Development,0.4923,0.1869,0.6527,moderate,very low,high,7
SYR,Syrian Arab Republic,2023,Development,0.4915,0.1882,0.6516,moderate,very low,high,7
SYR,Syrian Arab Republic,2024,Development,0.4858,0.193,0.6464,moderate,very low,high,7
SYR,Syrian Arab Republic,2005,Overall,0.4071,0.3063,0.5504,moderate,low,moderate,17
SYR,Syrian Arab Republic,2006,Overall,0.4155,0.2775,0.569,moderate,low,moderate,17
SYR,Syrian Arab Republic,2007,Overall,0.404,0.2659,0.5691,moderate,low,moderate,17
SYR,Syrian Arab Republic,2008,Overall,0.4045,0.2668,0.5688,moderate,low,moderate,17
SYR,Syrian Arab Republic,2009,Overall,0.428,0.2773,0.5754,moderate,low,moderate,17
SYR,Syrian Arab Republic,2010,Overall,0.417,0.275,0.571,moderate,low,moderate,17
SYR,Syrian Arab Republic,2011,Overall,0.4617,0.2331,0.6143,moderate,low,high,17
SYR,Syrian Arab Republic,2012,Overall,0.6058,0.1366,0.7346,high,very low,high,17
SYR,Syrian Arab Republic,2013,Overall,0.6026,0.0842,0.7592,high,very low,high,17
SYR,Syrian Arab Republic,2014,Overall,0.6505,0.1014,0.7746,high,very low,high,17
SYR,Syrian Arab Republic,2015,Overall,0.7078,0.1279,0.79,high,very low,high,17
SYR,Syrian Arab Republic,2016,Overall,0.7895,0.1161,0.8367,high,very low,very high,15
SYR,Syrian Arab Republic,2017,Overall,0.8287,0.1252,0.8518,very high,very low,very high,15
SYR,Syrian Arab Republic,2018,Overall,0.7917,0.1369,0.8274,high,very low,very high,15
SYR,Syrian Arab Republic,2019,Overall,0.773,0.134,0.8195,high,very low,very high,15
SYR,Syrian Arab Republic,2020,Overall,0.7285,0.1323,0.7981,high,very low,high,15
SYR,Syrian Arab Republic,2021,Overall,0.7214,0.135,0.7932,high,very low,high,15
SYR,Syrian Arab Republic,2022,Overall,0.6995,0.1274,0.7861,high,very low,high,15
SYR,Syrian Arab Republic,2023,Overall,0.7044,0.1274,0.7885,high,very low,high,15
SYR,Syrian Arab Republic,2024,Overall,0.6035,0.1305,0.7365,high,very low,high,15
TUN,Tunisia,2005,Climate,0.2123,0.2715,0.4704,low,low,moderate,2
TUN,Tunisia,2006,Climate,0.2149,0.2677,0.4736,low,low,moderate,2
TUN,Tunisia,2007,Climate,0.1999,0.2639,0.468,very low,low,moderate,2
TUN,Tunisia,2008,Climate,0.1814,0.2601,0.4606,very low,low,moderate,2
TUN,Tunisia,2009,Climate,0.1956,0.2344,0.4806,very low,low,moderate,2
TUN,Tunisia,2010,Climate,0.1579,0.2088,0.4746,very low,low,moderate,2
TUN,Tunisia,2011,Climate,0.175,0.1832,0.4959,very low,very low,moderate,2
TUN,Tunisia,2012,Climate,0.1919,0.1573,0.5173,very low,very low,moderate,2
TUN,Tunisia,2013,Climate,0.1842,0.1315,0.5264,very low,very low,moderate,2
TUN,Tunisia,2014,Climate,0.1983,0.1056,0.5463,very low,very low,moderate,2
TUN,Tunisia,2015,Climate,0.2131,0.0798,0.5667,low,very low,moderate,2
TUN,Tunisia,2016,Climate,0.1972,0.0539,0.5716,very low,very low,moderate,2
TUN,Tunisia,2017,Climate,0.208,0.1047,0.5516,low,very low,moderate,2
TUN,Tunisia,2018,Climate,0.2291,0.04,0.5945,low,very low,moderate,2
TUN,Tunisia,2019,Climate,0.2262,0.0369,0.5947,low,very low,moderate,2
TUN,Tunisia,2020,Climate,0.2408,0.0189,0.611,low,very low,high,2
TUN,Tunisia,2021,Climate,0.2338,0.0189,0.6075,low,very low,high,2
TUN,Tunisia,2022,Climate,0.2509,0.0189,0.616,low,very low,high,2
TUN,Tunisia,2023,Climate,0.2194,0.0189,0.6002,low,very low,high,2
TUN,Tunisia,2024,Climate,0.2256,0.0189,0.6033,low,very low,high,2
TUN,Tunisia,2005,Conflict,0.256,0.3611,0.4475,low,low,moderate,7
TUN,Tunisia,2006,Conflict,0.2516,0.3635,0.444,low,low,moderate,7
TUN,Tunisia,2007,Conflict,0.2494,0.3576,0.4459,low,low,moderate,7
TUN,Tunisia,2008,Conflict,0.2575,0.3592,0.4491,low,low,moderate,7
TUN,Tunisia,2009,Conflict,0.258,0.3552,0.4514,low,low,moderate,7
TUN,Tunisia,2010,Conflict,0.267,0.349,0.459,low,low,moderate,7
TUN,Tunisia,2011,Conflict,0.3585,0.4049,0.4768,low,moderate,moderate,7
TUN,Tunisia,2012,Conflict,0.2949,0.4096,0.4427,low,moderate,moderate,7
TUN,Tunisia,2013,Conflict,0.3945,0.4128,0.4909,low,moderate,moderate,7
TUN,Tunisia,2014,Conflict,0.3764,0.4297,0.4734,low,moderate,moderate,7
TUN,Tunisia,2015,Conflict,0.3821,0.4378,0.4721,low,moderate,moderate,7
TUN,Tunisia,2016,Conflict,0.3926,0.4399,0.4764,low,moderate,moderate,7
TUN,Tunisia,2017,Conflict,0.3829,0.4311,0.4759,low,moderate,moderate,7
TUN,Tunisia,2018,Conflict,0.3707,0.4284,0.4712,low,moderate,moderate,7
TUN,Tunisia,2019,Conflict,0.2874,0.4356,0.4259,low,moderate,moderate,7
TUN,Tunisia,2020,Conflict,0.3622,0.4429,0.4597,low,moderate,moderate,7
TUN,Tunisia,2021,Conflict,0.2111,0.433,0.3891,low,moderate,low,7
TUN,Tunisia,2022,Conflict,0.216,0.4143,0.4008,low,moderate,moderate,7
TUN,Tunisia,2023,Conflict,0.2184,0.4084,0.405,low,moderate,moderate,7
TUN,Tunisia,2024,Conflict,0.2283,0.3998,0.4143,low,low,moderate,7
TUN,Tunisia,2005,Development,0.2891,0.4678,0.4106,low,moderate,moderate,9
TUN,Tunisia,2006,Development,0.2723,0.4943,0.389,low,moderate,low,9
TUN,Tunisia,2007,Development,0.2741,0.5085,0.3828,low,moderate,low,9
TUN,Tunisia,2008,Development,0.2865,0.5023,0.3921,low,moderate,low,9
TUN,Tunisia,2009,Development,0.2916,0.4862,0.4027,low,moderate,moderate,9
TUN,Tunisia,2010,Development,0.2836,0.4722,0.4057,low,moderate,moderate,9
TUN,Tunisia,2011,Development,0.297,0.4186,0.4392,low,moderate,moderate,9
TUN,Tunisia,2012,Development,0.2998,0.493,0.4034,low,moderate,moderate,9
TUN,Tunisia,2013,Development,0.2893,0.4735,0.4079,low,moderate,moderate,9
TUN,Tunisia,2014,Development,0.2788,0.4861,0.3963,low,moderate,low,9
TUN,Tunisia,2015,Development,0.2822,0.472,0.4051,low,moderate,moderate,9
TUN,Tunisia,2016,Development,0.2871,0.4738,0.4067,low,moderate,moderate,9
TUN,Tunisia,2017,Development,0.288,0.484,0.402,low,moderate,moderate,9
TUN,Tunisia,2018,Development,0.2826,0.4097,0.4364,low,moderate,moderate,8
TUN,Tunisia,2019,Development,0.2962,0.3993,0.4484,low,low,moderate,8
TUN,Tunisia,2020,Development,0.3034,0.2693,0.517,low,low,moderate,8
TUN,Tunisia,2021,Development,0.3101,0.4412,0.4345,low,moderate,moderate,8
TUN,Tunisia,2022,Development,0.3063,0.3938,0.4563,low,low,moderate,8
TUN,Tunisia,2023,Development,0.3026,0.3544,0.4741,low,low,moderate,8
TUN,Tunisia,2024,Development,0.3073,0.3679,0.4697,low,low,moderate,8
TUN,Tunisia,2005,Overall,0.2525,0.3668,0.4428,low,low,moderate,18
TUN,Tunisia,2006,Overall,0.2462,0.3751,0.4356,low,low,moderate,18
TUN,Tunisia,2007,Overall,0.2411,0.3767,0.4322,low,low,moderate,18
TUN,Tunisia,2008,Overall,0.2418,0.3739,0.434,low,low,moderate,18
TUN,Tunisia,2009,Overall,0.2484,0.3586,0.4449,low,low,moderate,18
TUN,Tunisia,2010,Overall,0.2362,0.3433,0.4464,low,low,moderate,18
TUN,Tunisia,2011,Overall,0.2768,0.3355,0.4706,low,low,moderate,18
TUN,Tunisia,2012,Overall,0.2622,0.3533,0.4545,low,low,moderate,18
TUN,Tunisia,2013,Overall,0.2893,0.3393,0.475,low,low,moderate,18
TUN,Tunisia,2014,Overall,0.2845,0.3405,0.472,low,low,moderate,18
TUN,Tunisia,2015,Overall,0.2925,0.3299,0.4813,low,low,moderate,18
TUN,Tunisia,2016,Overall,0.2923,0.3225,0.4849,low,low,moderate,18
TUN,Tunisia,2017,Overall,0.2929,0.3399,0.4765,low,low,moderate,18
TUN,Tunisia,2018,Overall,0.2941,0.2927,0.5007,low,low,moderate,17
TUN,Tunisia,2019,Overall,0.2699,0.2906,0.4897,low,low,moderate,17
TUN,Tunisia,2020,Overall,0.3021,0.2437,0.5292,low,low,moderate,17
TUN,Tunisia,2021,Overall,0.2517,0.2977,0.477,low,low,moderate,17
TUN,Tunisia,2022,Overall,0.2577,0.2757,0.491,low,low,moderate,17
TUN,Tunisia,2023,Overall,0.2468,0.2606,0.4931,low,low,moderate,17
TUN,Tunisia,2024,Overall,0.2537,0.2622,0.4958,low,low,moderate,17
ARE,United Arab Emirates,2005,Climate,0.0304,0.0,0.5152,very low,very low,moderate,2
ARE,United Arab Emirates,2006,Climate,0.0234,0.0,0.5117,very low,very low,moderate,2
ARE,United Arab Emirates,2007,Climate,0.0206,0.0,0.5103,very low,very low,moderate,2
ARE,United Arab Emirates,2008,Climate,0.0171,0.0,0.5086,very low,very low,moderate,2
ARE,United Arab Emirates,2009,Climate,0.022,0.0,0.511,very low,very low,moderate,2
ARE,United Arab Emirates,2010,Climate,0.0149,0.0,0.5075,very low,very low,moderate,2
ARE,United Arab Emirates,2011,Climate,0.013,0.0,0.5065,very low,very low,moderate,2
ARE,United Arab Emirates,2012,Climate,0.0125,0.0,0.5062,very low,very low,moderate,2
ARE,United Arab Emirates,2013,Climate,0.0126,0.0,0.5063,very low,very low,moderate,2
ARE,United Arab Emirates,2014,Climate,0.0124,0.0,0.5062,very low,very low,moderate,2
ARE,United Arab Emirates,2015,Climate,0.0145,0.0,0.5073,very low,very low,moderate,2
ARE,United Arab Emirates,2016,Climate,0.0151,0.0,0.5076,very low,very low,moderate,2
ARE,United Arab Emirates,2017,Climate,0.0154,0.0,0.5077,very low,very low,moderate,2
ARE,United Arab Emirates,2018,Climate,0.0143,0.0,0.5071,very low,very low,moderate,2
ARE,United Arab Emirates,2019,Climate,0.015,0.0,0.5075,very low,very low,moderate,2
ARE,United Arab Emirates,2020,Climate,0.0203,0.0,0.5102,very low,very low,moderate,2
ARE,United Arab Emirates,2021,Climate,0.0186,0.0,0.5093,very low,very low,moderate,2
ARE,United Arab Emirates,2022,Climate,0.0151,0.0,0.5076,very low,very low,moderate,2
ARE,United Arab Emirates,2023,Climate,0.0157,0.0,0.5078,very low,very low,moderate,2
ARE,United Arab Emirates,2024,Climate,0.0158,0.0,0.5079,very low,very low,moderate,2
ARE,United Arab Emirates,2005,Conflict,0.1134,0.4209,0.3463,very low,moderate,low,7
ARE,United Arab Emirates,2006,Conflict,0.106,0.4226,0.3417,very low,moderate,low,7
ARE,United Arab Emirates,2007,Conflict,0.0987,0.4215,0.3386,very low,moderate,low,7
ARE,United Arab Emirates,2008,Conflict,0.1181,0.428,0.345,very low,moderate,low,7
ARE,United Arab Emirates,2009,Conflict,0.0943,0.4578,0.3183,very low,moderate,low,7
ARE,United Arab Emirates,2010,Conflict,0.1124,0.4636,0.3244,very low,moderate,low,7
ARE,United Arab Emirates,2011,Conflict,0.1124,0.4603,0.326,very low,moderate,low,7
ARE,United Arab Emirates,2012,Conflict,0.1131,0.4467,0.3332,very low,moderate,low,7
ARE,United Arab Emirates,2013,Conflict,0.1151,0.4628,0.3261,very low,moderate,low,7
ARE,United Arab Emirates,2014,Conflict,0.1068,0.4554,0.3257,very low,moderate,low,7
ARE,United Arab Emirates,2015,Conflict,0.1108,0.4522,0.3293,very low,moderate,low,7
ARE,United Arab Emirates,2016,Conflict,0.1205,0.4519,0.3343,very low,moderate,low,7
ARE,United Arab Emirates,2017,Conflict,0.1187,0.4494,0.3347,very low,moderate,low,7
ARE,United Arab Emirates,2018,Conflict,0.1111,0.4416,0.3347,very low,moderate,low,7
ARE,United Arab Emirates,2019,Conflict,0.1114,0.4424,0.3345,very low,moderate,low,7
ARE,United Arab Emirates,2020,Conflict,0.1115,0.4745,0.3185,very low,moderate,low,6
ARE,United Arab Emirates,2021,Conflict,0.1107,0.4731,0.3188,very low,moderate,low,6
ARE,United Arab Emirates,2022,Conflict,0.1078,0.4738,0.317,very low,moderate,low,6
ARE,United Arab Emirates,2023,Conflict,0.1145,0.4684,0.3231,very low,moderate,low,6
ARE,United Arab Emirates,2024,Conflict,0.1141,0.472,0.3211,very low,moderate,low,6
ARE,United Arab Emirates,2005,Development,0.2032,0.5331,0.3351,low,moderate,low,6
ARE,United Arab Emirates,2006,Development,0.1993,0.6048,0.2973,very low,high,low,6
ARE,United Arab Emirates,2007,Development,0.1993,0.5238,0.3377,very low,moderate,low,6
ARE,United Arab Emirates,2008,Development,0.1847,0.5389,0.3229,very low,moderate,low,6
ARE,United Arab Emirates,2009,Development,0.1923,0.409,0.3916,very low,moderate,low,6
ARE,United Arab Emirates,2010,Development,0.1845,0.5059,0.3393,very low,moderate,low,6
ARE,United Arab Emirates,2011,Development,0.1604,0.5134,0.3235,very low,moderate,low,7
ARE,United Arab Emirates,2012,Development,0.1623,0.4926,0.3348,very low,moderate,low,7
ARE,United Arab Emirates,2013,Development,0.1543,0.4995,0.3274,very low,moderate,low,7
ARE,United Arab Emirates,2014,Development,0.1696,0.4898,0.3399,very low,moderate,low,7
ARE,United Arab Emirates,2015,Development,0.1742,0.4964,0.3389,very low,moderate,low,7
ARE,United Arab Emirates,2016,Development,0.1541,0.488,0.3331,very low,moderate,low,7
ARE,United Arab Emirates,2017,Development,0.1638,0.43,0.3669,very low,moderate,low,7
ARE,United Arab Emirates,2018,Development,0.1598,0.4574,0.3512,very low,moderate,low,7
ARE,United Arab Emirates,2019,Development,0.1611,0.463,0.349,very low,moderate,low,7
ARE,United Arab Emirates,2020,Development,0.18,0.363,0.4085,very low,low,moderate,7
ARE,United Arab Emirates,2021,Development,0.1724,0.476,0.3482,very low,moderate,low,7
ARE,United Arab Emirates,2022,Development,0.1715,0.5183,0.3266,very low,moderate,low,7
ARE,United Arab Emirates,2023,Development,0.1157,0.4944,0.3107,very low,moderate,low,8
ARE,United Arab Emirates,2024,Development,0.1035,0.4975,0.303,very low,moderate,low,8
ARE,United Arab Emirates,2005,Overall,0.1157,0.318,0.3988,very low,low,low,15
ARE,United Arab Emirates,2006,Overall,0.1096,0.3425,0.3835,very low,low,low,15
ARE,United Arab Emirates,2007,Overall,0.1062,0.3151,0.3956,very low,low,low,15
ARE,United Arab Emirates,2008,Overall,0.1067,0.3223,0.3922,very low,low,low,15
ARE,United Arab Emirates,2009,Overall,0.1029,0.2889,0.407,very low,low,moderate,15
ARE,United Arab Emirates,2010,Overall,0.104,0.3232,0.3904,very low,low,low,15
ARE,United Arab Emirates,2011,Overall,0.0953,0.3246,0.3853,very low,low,low,16
ARE,United Arab Emirates,2012,Overall,0.096,0.3131,0.3914,very low,low,low,16
ARE,United Arab Emirates,2013,Overall,0.094,0.3208,0.3866,very low,low,low,16
ARE,United Arab Emirates,2014,Overall,0.0963,0.3151,0.3906,very low,low,low,16
ARE,United Arab Emirates,2015,Overall,0.0999,0.3162,0.3918,very low,low,low,16
ARE,United Arab Emirates,2016,Overall,0.0966,0.3133,0.3916,very low,low,low,16
ARE,United Arab Emirates,2017,Overall,0.0993,0.2931,0.4031,very low,low,moderate,16
ARE,United Arab Emirates,2018,Overall,0.0951,0.2997,0.3977,very low,low,low,16
ARE,United Arab Emirates,2019,Overall,0.0958,0.3018,0.397,very low,low,low,16
ARE,United Arab Emirates,2020,Overall,0.1039,0.2792,0.4124,very low,low,moderate,15
ARE,United Arab Emirates,2021,Overall,0.1006,0.3164,0.3921,very low,low,low,15
ARE,United Arab Emirates,2022,Overall,0.0981,0.3307,0.3837,very low,low,low,15
ARE,United Arab Emirates,2023,Overall,0.082,0.3209,0.3805,very low,low,low,16
ARE,United Arab Emirates,2024,Overall,0.0778,0.3231,0.3773,very low,low,low,16
YEM,Yemen,2005,Climate,0.2572,0.0,0.6286,low,very low,high,2
YEM,Yemen,2006,Climate,0.2482,0.0,0.6241,low,very low,high,2
YEM,Yemen,2007,Climate,0.2415,0.0,0.6207,low,very low,high,2
YEM,Yemen,2008,Climate,0.2363,0.0,0.6181,low,very low,high,2
YEM,Yemen,2009,Climate,0.2321,0.0,0.6161,low,very low,high,2
YEM,Yemen,2010,Climate,0.2287,0.0,0.6144,low,very low,high,2
YEM,Yemen,2011,Climate,0.2259,0.0,0.6129,low,very low,high,2
YEM,Yemen,2012,Climate,0.3952,0.0,0.6976,low,very low,high,2
YEM,Yemen,2013,Climate,0.4114,0.0,0.7057,moderate,very low,high,2
YEM,Yemen,2014,Climate,0.4112,0.0,0.7056,moderate,very low,high,2
YEM,Yemen,2015,Climate,0.4704,0.0,0.7352,moderate,very low,high,2
YEM,Yemen,2016,Climate,0.5846,0.0,0.7923,moderate,very low,high,2
YEM,Yemen,2017,Climate,0.6284,0.0,0.8142,high,very low,very high,2
YEM,Yemen,2018,Climate,0.6701,0.0,0.835,high,very low,very high,2
YEM,Yemen,2019,Climate,0.6701,0.0,0.835,high,very low,very high,2
YEM,Yemen,2020,Climate,0.6701,0.0,0.835,high,very low,very high,2
YEM,Yemen,2021,Climate,0.6701,0.0,0.835,high,very low,very high,2
YEM,Yemen,2022,Climate,0.6701,0.0,0.835,high,very low,very high,2
YEM,Yemen,2023,Climate,0.6701,0.0,0.835,high,very low,very high,2
YEM,Yemen,2024,Climate,,0.0,1.0,,very low,very high,1
YEM,Yemen,2005,Conflict,0.2693,0.4541,0.4076,low,moderate,moderate,7
YEM,Yemen,2006,Conflict,0.257,0.4433,0.4069,low,moderate,moderate,7
YEM,Yemen,2007,Conflict,0.2738,0.448,0.4129,low,moderate,moderate,7
YEM,Yemen,2008,Conflict,0.3067,0.4295,0.4386,low,moderate,moderate,7
YEM,Yemen,2009,Conflict,0.3082,0.4408,0.4337,low,moderate,moderate,7
YEM,Yemen,2010,Conflict,0.332,0.4173,0.4574,low,moderate,moderate,7
YEM,Yemen,2011,Conflict,0.3591,0.4145,0.4723,low,moderate,moderate,7
YEM,Yemen,2012,Conflict,0.3792,0.4099,0.4846,low,moderate,moderate,7
YEM,Yemen,2013,Conflict,0.3411,0.4059,0.4676,low,moderate,moderate,7
YEM,Yemen,2014,Conflict,0.3736,0.3637,0.505,low,low,moderate,7
YEM,Yemen,2015,Conflict,0.4975,0.2957,0.6009,moderate,low,high,7
YEM,Yemen,2016,Conflict,0.3983,0.2963,0.551,low,low,moderate,7
YEM,Yemen,2017,Conflict,0.3976,0.3041,0.5468,low,low,moderate,7
YEM,Yemen,2018,Conflict,0.4242,0.2928,0.5657,moderate,low,moderate,7
YEM,Yemen,2019,Conflict,0.3833,0.2673,0.558,low,low,moderate,7
YEM,Yemen,2020,Conflict,0.4495,0.2754,0.5871,moderate,low,moderate,6
YEM,Yemen,2021,Conflict,0.6667,0.2693,0.6987,high,low,high,6
YEM,Yemen,2022,Conflict,0.3843,0.2677,0.5583,low,low,moderate,6
YEM,Yemen,2023,Conflict,0.3469,0.2764,0.5352,low,low,moderate,6
YEM,Yemen,2024,Conflict,0.3333,0.2694,0.532,low,low,moderate,6
YEM,Yemen,2005,Development,0.3794,0.3239,0.5277,low,low,moderate,8
YEM,Yemen,2006,Development,0.3551,0.3196,0.5177,low,low,moderate,8
YEM,Yemen,2007,Development,0.3522,0.3224,0.5149,low,low,moderate,8
YEM,Yemen,2008,Development,0.3438,0.321,0.5114,low,low,moderate,8
YEM,Yemen,2009,Development,0.3529,0.3163,0.5183,low,low,moderate,8
YEM,Yemen,2010,Development,0.3593,0.3625,0.4984,low,low,moderate,8
YEM,Yemen,2011,Development,0.3629,0.1215,0.6207,low,very low,high,8
YEM,Yemen,2012,Development,0.3987,0.2724,0.5631,low,low,moderate,8
YEM,Yemen,2013,Development,0.3915,0.3061,0.5427,low,low,moderate,8
YEM,Yemen,2014,Development,0.4068,0.2362,0.5853,moderate,low,moderate,8
YEM,Yemen,2015,Development,0.4344,0.1003,0.6671,moderate,very low,high,8
YEM,Yemen,2016,Development,0.472,0.1028,0.6846,moderate,very low,high,8
YEM,Yemen,2017,Development,0.4815,0.147,0.6672,moderate,very low,high,8
YEM,Yemen,2018,Development,0.5376,0.2168,0.6604,moderate,low,high,8
YEM,Yemen,2019,Development,0.5341,0.2188,0.6577,moderate,low,high,8
YEM,Yemen,2020,Development,0.5276,0.2031,0.6622,moderate,low,high,8
YEM,Yemen,2021,Development,0.5287,0.2006,0.664,moderate,low,high,8
YEM,Yemen,2022,Development,0.5425,0.1944,0.6741,moderate,very low,high,7
YEM,Yemen,2023,Development,0.5359,0.1947,0.6706,moderate,very low,high,7
YEM,Yemen,2024,Development,0.579,0.1197,0.7296,moderate,very low,high,4
YEM,Yemen,2005,Overall,0.302,0.2594,0.5213,low,low,moderate,17
YEM,Yemen,2006,Overall,0.2867,0.2543,0.5162,low,low,moderate,17
YEM,Yemen,2007,Overall,0.2892,0.2568,0.5162,low,low,moderate,17
YEM,Yemen,2008,Overall,0.2956,0.2501,0.5227,low,low,moderate,17
YEM,Yemen,2009,Overall,0.2978,0.2524,0.5227,low,low,moderate,17
YEM,Yemen,2010,Overall,0.3067,0.2599,0.5234,low,low,moderate,17
YEM,Yemen,2011,Overall,0.316,0.1787,0.5686,low,very low,moderate,17
YEM,Yemen,2012,Overall,0.391,0.2274,0.5818,low,low,moderate,17
YEM,Yemen,2013,Overall,0.3813,0.2373,0.572,low,low,moderate,17
YEM,Yemen,2014,Overall,0.3972,0.1999,0.5986,low,very low,moderate,17
YEM,Yemen,2015,Overall,0.4674,0.132,0.6677,moderate,very low,high,17
YEM,Yemen,2016,Overall,0.485,0.133,0.676,moderate,very low,high,17
YEM,Yemen,2017,Overall,0.5025,0.1504,0.6761,moderate,very low,high,17
YEM,Yemen,2018,Overall,0.544,0.1699,0.687,moderate,very low,high,17
YEM,Yemen,2019,Overall,0.5292,0.162,0.6836,moderate,very low,high,17
YEM,Yemen,2020,Overall,0.5491,0.1595,0.6948,moderate,very low,high,16
YEM,Yemen,2021,Overall,0.6218,0.1567,0.7326,high,very low,high,16
YEM,Yemen,2022,Overall,0.5323,0.154,0.6891,moderate,very low,high,15
YEM,Yemen,2023,Overall,0.5176,0.157,0.6803,moderate,very low,high,15
YEM,Yemen,2024,Overall,0.4562,0.1297,0.6632,moderate,very low,high,11
