country_iso3,country_name,indicator_id,indicator_label,pathway,theme,risk_measure,variable,unit,higher_is_worse,year,value,source_name,source_dataset,source_url,retrieved_at
DZA,Algeria,displacement_refugees_origin,Refugees (from country),Context,Displacement,Context,Refugees under UNHCR's mandate originating from the country,people,True,2000,8015,UNHCR,UNHCR Refugee Population Statistics,https://www.unhcr.org/refugee-statistics/,2026-09-10T00:36:24+00:00
DZA,Algeria,displacement_idps,Internally displaced persons,Context,Displacement,Context,Internally displaced persons of concern to UNHCR in the country,people,True,2000,0,UNHCR,UNHCR Refugee Population Statistics,https://www.unhcr.org/refugee-statistics/,2026-09-10T00:36:24+00:00
DZA,Algeria,displacement_refugees_origin,Refugees (from country),Context,Displacement,Context,Refugees under UNHCR's mandate originating from the country,people,True,2001,8399,UNHCR,UNHCR Refugee Population Statistics,https://www.unhcr.org/refugee-statistics/,2026-09-10T00:36:24+00:00
DZA,Algeria,displacement_idps,Internally displaced persons,Context,Displacement,Context,Internally displaced persons of concern to UNHCR in the country,people,True,2001,0,UNHCR,UNHCR Refugee Population Statistics,https://www.unhcr.org/refugee-statistics/,2026-09-10T00:36:24+00:00
DZA,Algeria,displacement_refugees_origin,Refugees (from country),Context,Displacement,Context,Refugees under UNHCR's mandate originating from the country,people,True,2002,12088,UNHCR,UNHCR Refugee Population Statistics,https://www.unhcr.org/refugee-statistics/,2026-09-10T00:36:24+00:00
DZA,Algeria,displacement_idps,Internally displaced persons,Context,Displacement,Context,Internally displaced persons of concern to UNHCR in the country,people,True,2002,0,UNHCR,UNHCR Refugee Population Statistics,https://www.unhcr.org/refugee-statistics/,2026-09-10T00:36:24+00:00
DZA,Algeria,displacement_refugees_origin,Refugees (from country),Context,Displacement,Context,Refugees under UNHCR's mandate originating from the country,people,True,2003,11651,UNHCR,UNHCR Refugee Population Statistics,https://www.unhcr.org/refugee-statistics/,2026-09-10T00:36:24+00:00
DZA,Algeria,displacement_idps,Internally displaced persons,Context,Displacement,Context,Internally displaced persons of concern to UNHCR in the country,people,True,2003,0,UNHCR,UNHCR Refugee Population Statistics,https://www.unhcr.org/refugee-statistics/,2026-09-10T00:36:24+00:00
DZA,Algeria,displacement_refugees_origin,Refugees (from country),Context,Displacement,Context,Refugees under UNHCR's mandate originating from the country,people,True,2004,10650,UNHCR,UNHCR Refugee Population Statistics,https://www.unhcr.org/refugee-statistics/,2026-09-10T00:36:24+00:00
DZA,Algeria,displacement_idps,Internally displaced persons,Context,Displacement,Context,Internally displaced persons of concern to UNHCR in the country,people,True,2004,0,UNHCR,UNHCR Refugee Population Statistics,https://www.unhcr.org/refugee-statistics/,2026-09-10T00:36:24+00:00
DZA,Algeria,displacement_refugees_origin,Refugees (from country),Context,Displacement,Context,Refugees under UNHCR's mandate originating from the country,people,True,2005,12024,UNHCR,UNHCR Refugee Population Statistics,https://www.unhcr.org/refugee-statistics/,2026-09-10T00:36:24+00:00
DZA,Algeria,displacement_idps,Internally displaced persons,Context,Displacement,Context,Internally displaced persons of concern to UNHCR in the country,people,True,2005,0,UNHCR,UNHCR Refugee Population Statistics,https://www.unhcr.org/refugee-statistics/,2026-09-10T00:36:24+00:00
DZA,Algeria,displacement_refugees_origin,Refugees (from country),Context,Displacement,Context,Refugees under UNHCR's mandate originating from the country,people,True,2006,8338,UNHCR,UNHCR Refugee Population Statistics,https://www.unhcr.org/refugee-statistics/,2026-09-10T00:36:24+00:00
DZA,Algeria,displacement_idps,Internally displaced persons,Context,Displacement,Context,Internally displaced persons of concern to UNHCR in the country,people,True,2006,0,UNHCR,UNHCR Refugee Population Statistics,https://www.unhcr.org/refugee-statistics/,2026-09-10T00:36:24+00:00
DZA,Algeria,displacement_refugees_origin,Refugees (from country),Context,Displacement,Context,Refugees under UNHCR's mandate originating from the country,people,True,2007,10599,UNHCR,UNHCR Refugee Population Statistics,https://www.unhcr.org/refugee-statistics/,2026-09-10T00:36:24+00:00
DZA,Algeria,displacement_idps,Internally displaced persons,Context,Displacement,Context,Internally displaced persons of concern to UNHCR in the country,people,True,2007,0,UNHCR,UNHCR Refugee Population Statistics,https://www.unhcr.org/refugee-statistics/,2026-09-10T00:36:24+00:00
DZA,Algeria,displacement_refugees_origin,Refugees (from country),Context,Displacement,Context,Refugees under UNHCR's mandate originating from the country,people,True,2008,9044,UNHCR,UNHCR Refugee Population Statistics,https://www.unhcr.org/refugee-statistics/,2026-09-10T00:36:24+00:00
DZA,Algeria,displacement_idps,Internally displaced persons,Context,Displacement,Context,Internally displaced persons of concern to UNHCR in the country,people,True,2008,0,UNHCR,UNHCR Refugee Population Statistics,https://www.unhcr.org/refugee-statistics/,2026-09-10T00:36:24+00:00
DZA,Algeria,displacement_refugees_origin,Refugees (from country),Context,Displacement,Context,Refugees under UNHCR's mandate originating from the country,people,True,2009,8168,UNHCR,UNHCR Refugee Population Statistics,https://www.unhcr.org/refugee-statistics/,2026-09-10T00:36:24+00:00
DZA,Algeria,displacement_idps,Internally displaced persons,Context,Displacement,Context,Internally displaced persons of concern to UNHCR in the country,people,True,2009,0,UNHCR,UNHCR Refugee Population Statistics,https://www.unhcr.org/refugee-statistics/,2026-09-10T00:36:24+00:00
DZA,Algeria,displacement_refugees_origin,Refugees (from country),Context,Displacement,Context,Refugees under UNHCR's mandate originating from the country,people,True,2010,6665,UNHCR,UNHCR Refugee Population Statistics,https://www.unhcr.org/refugee-statistics/,2026-09-10T00:36:24+00:00
DZA,Algeria,displacement_idps,Internally displaced persons,Context,Displacement,Context,Internally displaced persons of concern to UNHCR in the country,people,True,2010,0,UNHCR,UNHCR Refugee Population Statistics,https://www.unhcr.org/refugee-statistics/,2026-09-10T00:36:24+00:00
DZA,Algeria,displacement_refugees_origin,Refugees (from country),Context,Displacement,Context,Refugees under UNHCR's mandate originating from the country,people,True,2011,6093,UNHCR,UNHCR Refugee Population Statistics,https://www.unhcr.org/refugee-statistics/,2026-09-10T00:36:24+00:00
DZA,Algeria,displacement_idps,Internally displaced persons,Context,Displacement,Context,Internally displaced persons of concern to UNHCR in the country,people,True,2011,0,UNHCR,UNHCR Refugee Population Statistics,https://www.unhcr.org/refugee-statistics/,2026-09-10T00:36:24+00:00
DZA,Algeria,displacement_refugees_origin,Refugees (from country),Context,Displacement,Context,Refugees under UNHCR's mandate originating from the country,people,True,2012,5657,UNHCR,UNHCR Refugee Population Statistics,https://www.unhcr.org/refugee-statistics/,2026-09-10T00:36:24+00:00
DZA,Algeria,displacement_idps,Internally displaced persons,Context,Displacement,Context,Internally displaced persons of concern to UNHCR in the country,people,True,2012,0,UNHCR,UNHCR Refugee Population Statistics,https://www.unhcr.org/refugee-statistics/,2026-09-10T00:36:24+00:00
DZA,Algeria,displacement_refugees_origin,Refugees (from country),Context,Displacement,Context,Refugees under UNHCR's mandate originating from the country,people,True,2013,3643,UNHCR,UNHCR Refugee Population Statistics,https://www.unhcr.org/refugee-statistics/,2026-09-10T00:36:24+00:00
DZA,Algeria,displacement_idps,Internally displaced persons,Context,Displacement,Context,Internally displaced persons of concern to UNHCR in the country,people,True,2013,0,UNHCR,UNHCR Refugee Population Statistics,https://www.unhcr.org/refugee-statistics/,2026-09-10T00:36:24+00:00
DZA,Algeria,displacement_refugees_origin,Refugees (from country),Context,Displacement,Context,Refugees under UNHCR's mandate originating from the country,people,True,2014,3509,UNHCR,UNHCR Refugee Population Statistics,https://www.unhcr.org/refugee-statistics/,2026-09-10T00:36:24+00:00
DZA,Algeria,displacement_idps,Internally displaced persons,Context,Displacement,Context,Internally displaced persons of concern to UNHCR in the country,people,True,2014,0,UNHCR,UNHCR Refugee Population Statistics,https://www.unhcr.org/refugee-statistics/,2026-09-10T00:36:24+00:00
DZA,Algeria,displacement_refugees_origin,Refugees (from country),Context,Displacement,Context,Refugees under UNHCR's mandate originating from the country,people,True,2015,3470,UNHCR,UNHCR Refugee Population Statistics,https://www.unhcr.org/refugee-statistics/,2026-09-10T00:36:24+00:00
DZA,Algeria,displacement_idps,Internally displaced persons,Context,Displacement,Context,Internally displaced persons of concern to UNHCR in the country,people,True,2015,0,UNHCR,UNHCR Refugee Population Statistics,https://www.unhcr.org/refugee-statistics/,2026-09-10T00:36:24+00:00
DZA,Algeria,displacement_refugees_origin,Refugees (from country),Context,Displacement,Context,Refugees under UNHCR's mandate originating from the country,people,True,2016,3705,UNHCR,UNHCR Refugee Population Statistics,https://www.unhcr.org/refugee-statistics/,2026-09-10T00:36:24+00:00
DZA,Algeria,displacement_idps,Internally displaced persons,Context,Displacement,Context,Internally displaced persons of concern to UNHCR in the country,people,True,2016,0,UNHCR,UNHCR Refugee Population Statistics,https://www.unhcr.org/refugee-statistics/,2026-09-10T00:36:24+00:00
DZA,Algeria,displacement_refugees_origin,Refugees (from country),Context,Displacement,Context,Refugees under UNHCR's mandate originating from the country,people,True,2017,4021,UNHCR,UNHCR Refugee Population Statistics,https://www.unhcr.org/refugee-statistics/,2026-09-10T00:36:24+00:00
DZA,Algeria,displacement_idps,Internally displaced persons,Context,Displacement,Context,Internally displaced persons of concern to UNHCR in the country,people,True,2017,0,UNHCR,UNHCR Refugee Population Statistics,https://www.unhcr.org/refugee-statistics/,2026-09-10T00:36:24+00:00
DZA,Algeria,displacement_refugees_origin,Refugees (from country),Context,Displacement,Context,Refugees under UNHCR's mandate originating from the country,people,True,2018,4181,UNHCR,UNHCR Refugee Population Statistics,https://www.unhcr.org/refugee-statistics/,2026-09-10T00:36:24+00:00
DZA,Algeria,displacement_idps,Internally displaced persons,Context,Displacement,Context,Internally displaced persons of concern to UNHCR in the country,people,True,2018,0,UNHCR,UNHCR Refugee Population Statistics,https://www.unhcr.org/refugee-statistics/,2026-09-10T00:36:24+00:00
DZA,Algeria,displacement_refugees_origin,Refugees (from country),Context,Displacement,Context,Refugees under UNHCR's mandate originating from the country,people,True,2019,4514,UNHCR,UNHCR Refugee Population Statistics,https://www.unhcr.org/refugee-statistics/,2026-09-10T00:36:24+00:00
DZA,Algeria,displacement_idps,Internally displaced persons,Context,Displacement,Context,Internally displaced persons of concern to UNHCR in the country,people,True,2019,0,UNHCR,UNHCR Refugee Population Statistics,https://www.unhcr.org/refugee-statistics/,2026-09-10T00:36:24+00:00
DZA,Algeria,displacement_refugees_origin,Refugees (from country),Context,Displacement,Context,Refugees under UNHCR's mandate originating from the country,people,True,2020,4571,UNHCR,UNHCR Refugee Population Statistics,https://www.unhcr.org/refugee-statistics/,2026-09-10T00:36:24+00:00
DZA,Algeria,displacement_idps,Internally displaced persons,Context,Displacement,Context,Internally displaced persons of concern to UNHCR in the country,people,True,2020,0,UNHCR,UNHCR Refugee Population Statistics,https://www.unhcr.org/refugee-statistics/,2026-09-10T00:36:24+00:00
DZA,Algeria,displacement_refugees_origin,Refugees (from country),Context,Displacement,Context,Refugees under UNHCR's mandate originating from the country,people,True,2021,6003,UNHCR,UNHCR Refugee Population Statistics,https://www.unhcr.org/refugee-statistics/,2026-09-10T00:36:24+00:00
DZA,Algeria,displacement_idps,Internally displaced persons,Context,Displacement,Context,Internally displaced persons of concern to UNHCR in the country,people,True,2021,0,UNHCR,UNHCR Refugee Population Statistics,https://www.unhcr.org/refugee-statistics/,2026-09-10T00:36:24+00:00
DZA,Algeria,displacement_refugees_origin,Refugees (from country),Context,Displacement,Context,Refugees under UNHCR's mandate originating from the country,people,True,2022,7734,UNHCR,UNHCR Refugee Population Statistics,https://www.unhcr.org/refugee-statistics/,2026-09-10T00:36:24+00:00
DZA,Algeria,displacement_idps,Internally displaced persons,Context,Displacement,Context,Internally displaced persons of concern to UNHCR in the country,people,True,2022,0,UNHCR,UNHCR Refugee Population Statistics,https://www.unhcr.org/refugee-statistics/,2026-09-10T00:36:24+00:00
DZA,Algeria,displacement_refugees_origin,Refugees (from country),Context,Displacement,Context,Refugees under UNHCR's mandate originating from the country,people,True,2023,7629,UNHCR,UNHCR Refugee Population Statistics,https://www.unhcr.org/refugee-statistics/,2026-09-10T00:36:24+00:00
DZA,Algeria,displacement_idps,Internally displaced persons,Context,Displacement,Context,Internally displaced persons of concern to UNHCR in the country,people,True,2023,0,UNHCR,UNHCR Refugee Population Statistics,https://www.unhcr.org/refugee-statistics/,2026-09-10T00:36:24+00:00
DZA,Algeria,displacement_refugees_origin,Refugees (from country),Context,Displacement,Context,Refugees under UNHCR's mandate originating from the country,people,True,2024,8800,UNHCR,UNHCR Refugee Population Statistics,https://www.unhcr.org/refugee-statistics/,2026-09-10T00:36:24+00:00
DZA,Algeria,displacement_idps,Internally displaced persons,Context,Displacement,Context,Internally displaced persons of concern to UNHCR in the country,people,True,2024,0,UNHCR,UNHCR Refugee Population Statistics,https://www.unhcr.org/refugee-statistics/,2026-09-10T00:36:24+00:00
DZA,Algeria,displacement_refugees_hosted,Refugees (hosted),Context,Displacement,Context,Refugees under UNHCR's mandate hosted in the country (by country of asylum),people,True,2000,169654,UNHCR,UNHCR Refugee Population Statistics,https://www.unhcr.org/refugee-statistics/,2026-09-10T00:36:24+00:00
DZA,Algeria,displacement_refugees_hosted,Refugees (hosted),Context,Displacement,Context,Refugees under UNHCR's mandate hosted in the country (by country of asylum),people,True,2001,169417,UNHCR,UNHCR Refugee Population Statistics,https://www.unhcr.org/refugee-statistics/,2026-09-10T00:36:24+00:00
DZA,Algeria,displacement_refugees_hosted,Refugees (hosted),Context,Displacement,Context,Refugees under UNHCR's mandate hosted in the country (by country of asylum),people,True,2002,169233,UNHCR,UNHCR Refugee Population Statistics,https://www.unhcr.org/refugee-statistics/,2026-09-10T00:36:24+00:00
DZA,Algeria,displacement_refugees_hosted,Refugees (hosted),Context,Displacement,Context,Refugees under UNHCR's mandate hosted in the country (by country of asylum),people,True,2003,169032,UNHCR,UNHCR Refugee Population Statistics,https://www.unhcr.org/refugee-statistics/,2026-09-10T00:36:24+00:00
DZA,Algeria,displacement_refugees_hosted,Refugees (hosted),Context,Displacement,Context,Refugees under UNHCR's mandate hosted in the country (by country of asylum),people,True,2004,169053,UNHCR,UNHCR Refugee Population Statistics,https://www.unhcr.org/refugee-statistics/,2026-09-10T00:36:24+00:00
DZA,Algeria,displacement_refugees_hosted,Refugees (hosted),Context,Displacement,Context,Refugees under UNHCR's mandate hosted in the country (by country of asylum),people,True,2005,94104,UNHCR,UNHCR Refugee Population Statistics,https://www.unhcr.org/refugee-statistics/,2026-09-10T00:36:24+00:00
DZA,Algeria,displacement_refugees_hosted,Refugees (hosted),Context,Displacement,Context,Refugees under UNHCR's mandate hosted in the country (by country of asylum),people,True,2006,94181,UNHCR,UNHCR Refugee Population Statistics,https://www.unhcr.org/refugee-statistics/,2026-09-10T00:36:24+00:00
DZA,Algeria,displacement_refugees_hosted,Refugees (hosted),Context,Displacement,Context,Refugees under UNHCR's mandate hosted in the country (by country of asylum),people,True,2007,94137,UNHCR,UNHCR Refugee Population Statistics,https://www.unhcr.org/refugee-statistics/,2026-09-10T00:36:24+00:00
DZA,Algeria,displacement_refugees_hosted,Refugees (hosted),Context,Displacement,Context,Refugees under UNHCR's mandate hosted in the country (by country of asylum),people,True,2008,94094,UNHCR,UNHCR Refugee Population Statistics,https://www.unhcr.org/refugee-statistics/,2026-09-10T00:36:24+00:00
DZA,Algeria,displacement_refugees_hosted,Refugees (hosted),Context,Displacement,Context,Refugees under UNHCR's mandate hosted in the country (by country of asylum),people,True,2009,94136,UNHCR,UNHCR Refugee Population Statistics,https://www.unhcr.org/refugee-statistics/,2026-09-10T00:36:24+00:00
DZA,Algeria,displacement_refugees_hosted,Refugees (hosted),Context,Displacement,Context,Refugees under UNHCR's mandate hosted in the country (by country of asylum),people,True,2010,94141,UNHCR,UNHCR Refugee Population Statistics,https://www.unhcr.org/refugee-statistics/,2026-09-10T00:36:24+00:00
DZA,Algeria,displacement_refugees_hosted,Refugees (hosted),Context,Displacement,Context,Refugees under UNHCR's mandate hosted in the country (by country of asylum),people,True,2011,94145,UNHCR,UNHCR Refugee Population Statistics,https://www.unhcr.org/refugee-statistics/,2026-09-10T00:36:24+00:00
DZA,Algeria,displacement_refugees_hosted,Refugees (hosted),Context,Displacement,Context,Refugees under UNHCR's mandate hosted in the country (by country of asylum),people,True,2012,94130,UNHCR,UNHCR Refugee Population Statistics,https://www.unhcr.org/refugee-statistics/,2026-09-10T00:36:24+00:00
DZA,Algeria,displacement_refugees_hosted,Refugees (hosted),Context,Displacement,Context,Refugees under UNHCR's mandate hosted in the country (by country of asylum),people,True,2013,94142,UNHCR,UNHCR Refugee Population Statistics,https://www.unhcr.org/refugee-statistics/,2026-09-10T00:36:24+00:00
DZA,Algeria,displacement_refugees_hosted,Refugees (hosted),Context,Displacement,Context,Refugees under UNHCR's mandate hosted in the country (by country of asylum),people,True,2014,94119,UNHCR,UNHCR Refugee Population Statistics,https://www.unhcr.org/refugee-statistics/,2026-09-10T00:36:24+00:00
DZA,Algeria,displacement_refugees_hosted,Refugees (hosted),Context,Displacement,Context,Refugees under UNHCR's mandate hosted in the country (by country of asylum),people,True,2015,94176,UNHCR,UNHCR Refugee Population Statistics,https://www.unhcr.org/refugee-statistics/,2026-09-10T00:36:24+00:00
DZA,Algeria,displacement_refugees_hosted,Refugees (hosted),Context,Displacement,Context,Refugees under UNHCR's mandate hosted in the country (by country of asylum),people,True,2016,94220,UNHCR,UNHCR Refugee Population Statistics,https://www.unhcr.org/refugee-statistics/,2026-09-10T00:36:24+00:00
DZA,Algeria,displacement_refugees_hosted,Refugees (hosted),Context,Displacement,Context,Refugees under UNHCR's mandate hosted in the country (by country of asylum),people,True,2017,94248,UNHCR,UNHCR Refugee Population Statistics,https://www.unhcr.org/refugee-statistics/,2026-09-10T00:36:24+00:00
DZA,Algeria,displacement_refugees_hosted,Refugees (hosted),Context,Displacement,Context,Refugees under UNHCR's mandate hosted in the country (by country of asylum),people,True,2018,94341,UNHCR,UNHCR Refugee Population Statistics,https://www.unhcr.org/refugee-statistics/,2026-09-10T00:36:24+00:00
DZA,Algeria,displacement_refugees_hosted,Refugees (hosted),Context,Displacement,Context,Refugees under UNHCR's mandate hosted in the country (by country of asylum),people,True,2019,98599,UNHCR,UNHCR Refugee Population Statistics,https://www.unhcr.org/refugee-statistics/,2026-09-10T00:36:24+00:00
DZA,Algeria,displacement_refugees_hosted,Refugees (hosted),Context,Displacement,Context,Refugees under UNHCR's mandate hosted in the country (by country of asylum),people,True,2020,97651,UNHCR,UNHCR Refugee Population Statistics,https://www.unhcr.org/refugee-statistics/,2026-09-10T00:36:24+00:00
DZA,Algeria,displacement_refugees_hosted,Refugees (hosted),Context,Displacement,Context,Refugees under UNHCR's mandate hosted in the country (by country of asylum),people,True,2021,97890,UNHCR,UNHCR Refugee Population Statistics,https://www.unhcr.org/refugee-statistics/,2026-09-10T00:36:24+00:00
DZA,Algeria,displacement_refugees_hosted,Refugees (hosted),Context,Displacement,Context,Refugees under UNHCR's mandate hosted in the country (by country of asylum),people,True,2022,99107,UNHCR,UNHCR Refugee Population Statistics,https://www.unhcr.org/refugee-statistics/,2026-09-10T00:36:24+00:00
DZA,Algeria,displacement_refugees_hosted,Refugees (hosted),Context,Displacement,Context,Refugees under UNHCR's mandate hosted in the country (by country of asylum),people,True,2023,98590,UNHCR,UNHCR Refugee Population Statistics,https://www.unhcr.org/refugee-statistics/,2026-09-10T00:36:24+00:00
DZA,Algeria,displacement_refugees_hosted,Refugees (hosted),Context,Displacement,Context,Refugees under UNHCR's mandate hosted in the country (by country of asylum),people,True,2024,183368,UNHCR,UNHCR Refugee Population Statistics,https://www.unhcr.org/refugee-statistics/,2026-09-10T00:36:24+00:00
BHR,Bahrain,displacement_refugees_origin,Refugees (from country),Context,Displacement,Context,Refugees under UNHCR's mandate originating from the country,people,True,2000,92,UNHCR,UNHCR Refugee Population Statistics,https://www.unhcr.org/refugee-statistics/,2026-09-10T00:36:24+00:00
BHR,Bahrain,displacement_idps,Internally displaced persons,Context,Displacement,Context,Internally displaced persons of concern to UNHCR in the country,people,True,2000,0,UNHCR,UNHCR Refugee Population Statistics,https://www.unhcr.org/refugee-statistics/,2026-09-10T00:36:24+00:00
BHR,Bahrain,displacement_refugees_origin,Refugees (from country),Context,Displacement,Context,Refugees under UNHCR's mandate originating from the country,people,True,2001,46,UNHCR,UNHCR Refugee Population Statistics,https://www.unhcr.org/refugee-statistics/,2026-09-10T00:36:24+00:00
BHR,Bahrain,displacement_idps,Internally displaced persons,Context,Displacement,Context,Internally displaced persons of concern to UNHCR in the country,people,True,2001,0,UNHCR,UNHCR Refugee Population Statistics,https://www.unhcr.org/refugee-statistics/,2026-09-10T00:36:24+00:00
BHR,Bahrain,displacement_refugees_origin,Refugees (from country),Context,Displacement,Context,Refugees under UNHCR's mandate originating from the country,people,True,2002,49,UNHCR,UNHCR Refugee Population Statistics,https://www.unhcr.org/refugee-statistics/,2026-09-10T00:36:24+00:00
BHR,Bahrain,displacement_idps,Internally displaced persons,Context,Displacement,Context,Internally displaced persons of concern to UNHCR in the country,people,True,2002,0,UNHCR,UNHCR Refugee Population Statistics,https://www.unhcr.org/refugee-statistics/,2026-09-10T00:36:24+00:00
BHR,Bahrain,displacement_refugees_origin,Refugees (from country),Context,Displacement,Context,Refugees under UNHCR's mandate originating from the country,people,True,2003,50,UNHCR,UNHCR Refugee Population Statistics,https://www.unhcr.org/refugee-statistics/,2026-09-10T00:36:24+00:00
BHR,Bahrain,displacement_idps,Internally displaced persons,Context,Displacement,Context,Internally displaced persons of concern to UNHCR in the country,people,True,2003,0,UNHCR,UNHCR Refugee Population Statistics,https://www.unhcr.org/refugee-statistics/,2026-09-10T00:36:24+00:00
BHR,Bahrain,displacement_refugees_origin,Refugees (from country),Context,Displacement,Context,Refugees under UNHCR's mandate originating from the country,people,True,2004,52,UNHCR,UNHCR Refugee Population Statistics,https://www.unhcr.org/refugee-statistics/,2026-09-10T00:36:24+00:00
BHR,Bahrain,displacement_idps,Internally displaced persons,Context,Displacement,Context,Internally displaced persons of concern to UNHCR in the country,people,True,2004,0,UNHCR,UNHCR Refugee Population Statistics,https://www.unhcr.org/refugee-statistics/,2026-09-10T00:36:24+00:00
BHR,Bahrain,displacement_refugees_origin,Refugees (from country),Context,Displacement,Context,Refugees under UNHCR's mandate originating from the country,people,True,2005,40,UNHCR,UNHCR Refugee Population Statistics,https://www.unhcr.org/refugee-statistics/,2026-09-10T00:36:24+00:00
BHR,Bahrain,displacement_idps,Internally displaced persons,Context,Displacement,Context,Internally displaced persons of concern to UNHCR in the country,people,True,2005,0,UNHCR,UNHCR Refugee Population Statistics,https://www.unhcr.org/refugee-statistics/,2026-09-10T00:36:24+00:00
BHR,Bahrain,displacement_refugees_origin,Refugees (from country),Context,Displacement,Context,Refugees under UNHCR's mandate originating from the country,people,True,2006,56,UNHCR,UNHCR Refugee Population Statistics,https://www.unhcr.org/refugee-statistics/,2026-09-10T00:36:24+00:00
BHR,Bahrain,displacement_idps,Internally displaced persons,Context,Displacement,Context,Internally displaced persons of concern to UNHCR in the country,people,True,2006,0,UNHCR,UNHCR Refugee Population Statistics,https://www.unhcr.org/refugee-statistics/,2026-09-10T00:36:24+00:00
BHR,Bahrain,displacement_refugees_origin,Refugees (from country),Context,Displacement,Context,Refugees under UNHCR's mandate originating from the country,people,True,2007,65,UNHCR,UNHCR Refugee Population Statistics,https://www.unhcr.org/refugee-statistics/,2026-09-10T00:36:24+00:00
BHR,Bahrain,displacement_idps,Internally displaced persons,Context,Displacement,Context,Internally displaced persons of concern to UNHCR in the country,people,True,2007,0,UNHCR,UNHCR Refugee Population Statistics,https://www.unhcr.org/refugee-statistics/,2026-09-10T00:36:24+00:00
BHR,Bahrain,displacement_refugees_origin,Refugees (from country),Context,Displacement,Context,Refugees under UNHCR's mandate originating from the country,people,True,2008,72,UNHCR,UNHCR Refugee Population Statistics,https://www.unhcr.org/refugee-statistics/,2026-09-10T00:36:24+00:00
BHR,Bahrain,displacement_idps,Internally displaced persons,Context,Displacement,Context,Internally displaced persons of concern to UNHCR in the country,people,True,2008,0,UNHCR,UNHCR Refugee Population Statistics,https://www.unhcr.org/refugee-statistics/,2026-09-10T00:36:24+00:00
BHR,Bahrain,displacement_refugees_origin,Refugees (from country),Context,Displacement,Context,Refugees under UNHCR's mandate originating from the country,people,True,2009,72,UNHCR,UNHCR Refugee Population Statistics,https://www.unhcr.org/refugee-statistics/,2026-09-10T00:36:24+00:00
BHR,Bahrain,displacement_idps,Internally displaced persons,Context,Displacement,Context,Internally displaced persons of concern to UNHCR in the country,people,True,2009,0,UNHCR,UNHCR Refugee Population Statistics,https://www.unhcr.org/refugee-statistics/,2026-09-10T00:36:24+00:00
BHR,Bahrain,displacement_refugees_origin,Refugees (from country),Context,Displacement,Context,Refugees under UNHCR's mandate originating from the country,people,True,2010,81,UNHCR,UNHCR Refugee Population Statistics,https://www.unhcr.org/refugee-statistics/,2026-09-10T00:36:24+00:00
BHR,Bahrain,displacement_idps,Internally displaced persons,Context,Displacement,Context,Internally displaced persons of concern to UNHCR in the country,people,True,2010,0,UNHCR,UNHCR Refugee Population Statistics,https://www.unhcr.org/refugee-statistics/,2026-09-10T00:36:24+00:00
BHR,Bahrain,displacement_refugees_origin,Refugees (from country),Context,Displacement,Context,Refugees under UNHCR's mandate originating from the country,people,True,2011,213,UNHCR,UNHCR Refugee Population Statistics,https://www.unhcr.org/refugee-statistics/,2026-09-10T00:36:24+00:00
BHR,Bahrain,displacement_idps,Internally displaced persons,Context,Displacement,Context,Internally displaced persons of concern to UNHCR in the country,people,True,2011,0,UNHCR,UNHCR Refugee Population Statistics,https://www.unhcr.org/refugee-statistics/,2026-09-10T00:36:24+00:00
BHR,Bahrain,displacement_refugees_origin,Refugees (from country),Context,Displacement,Context,Refugees under UNHCR's mandate originating from the country,people,True,2012,294,UNHCR,UNHCR Refugee Population Statistics,https://www.unhcr.org/refugee-statistics/,2026-09-10T00:36:24+00:00
BHR,Bahrain,displacement_idps,Internally displaced persons,Context,Displacement,Context,Internally displaced persons of concern to UNHCR in the country,people,True,2012,0,UNHCR,UNHCR Refugee Population Statistics,https://www.unhcr.org/refugee-statistics/,2026-09-10T00:36:24+00:00
BHR,Bahrain,displacement_refugees_origin,Refugees (from country),Context,Displacement,Context,Refugees under UNHCR's mandate originating from the country,people,True,2013,274,UNHCR,UNHCR Refugee Population Statistics,https://www.unhcr.org/refugee-statistics/,2026-09-10T00:36:24+00:00
BHR,Bahrain,displacement_idps,Internally displaced persons,Context,Displacement,Context,Internally displaced persons of concern to UNHCR in the country,people,True,2013,0,UNHCR,UNHCR Refugee Population Statistics,https://www.unhcr.org/refugee-statistics/,2026-09-10T00:36:24+00:00
BHR,Bahrain,displacement_refugees_origin,Refugees (from country),Context,Displacement,Context,Refugees under UNHCR's mandate originating from the country,people,True,2014,344,UNHCR,UNHCR Refugee Population Statistics,https://www.unhcr.org/refugee-statistics/,2026-09-10T00:36:24+00:00
BHR,Bahrain,displacement_idps,Internally displaced persons,Context,Displacement,Context,Internally displaced persons of concern to UNHCR in the country,people,True,2014,0,UNHCR,UNHCR Refugee Population Statistics,https://www.unhcr.org/refugee-statistics/,2026-09-10T00:36:24+00:00
BHR,Bahrain,displacement_refugees_origin,Refugees (from country),Context,Displacement,Context,Refugees under UNHCR's mandate originating from the country,people,True,2015,422,UNHCR,UNHCR Refugee Population Statistics,https://www.unhcr.org/refugee-statistics/,2026-09-10T00:36:24+00:00
BHR,Bahrain,displacement_idps,Internally displaced persons,Context,Displacement,Context,Internally displaced persons of concern to UNHCR in the country,people,True,2015,0,UNHCR,UNHCR Refugee Population Statistics,https://www.unhcr.org/refugee-statistics/,2026-09-10T00:36:24+00:00
BHR,Bahrain,displacement_refugees_origin,Refugees (from country),Context,Displacement,Context,Refugees under UNHCR's mandate originating from the country,people,True,2016,461,UNHCR,UNHCR Refugee Population Statistics,https://www.unhcr.org/refugee-statistics/,2026-09-10T00:36:24+00:00
BHR,Bahrain,displacement_idps,Internally displaced persons,Context,Displacement,Context,Internally displaced persons of concern to UNHCR in the country,people,True,2016,0,UNHCR,UNHCR Refugee Population Statistics,https://www.unhcr.org/refugee-statistics/,2026-09-10T00:36:24+00:00
BHR,Bahrain,displacement_refugees_origin,Refugees (from country),Context,Displacement,Context,Refugees under UNHCR's mandate originating from the country,people,True,2017,497,UNHCR,UNHCR Refugee Population Statistics,https://www.unhcr.org/refugee-statistics/,2026-09-10T00:36:24+00:00
BHR,Bahrain,displacement_idps,Internally displaced persons,Context,Displacement,Context,Internally displaced persons of concern to UNHCR in the country,people,True,2017,0,UNHCR,UNHCR Refugee Population Statistics,https://www.unhcr.org/refugee-statistics/,2026-09-10T00:36:24+00:00
BHR,Bahrain,displacement_refugees_origin,Refugees (from country),Context,Displacement,Context,Refugees under UNHCR's mandate originating from the country,people,True,2018,540,UNHCR,UNHCR Refugee Population Statistics,https://www.unhcr.org/refugee-statistics/,2026-09-10T00:36:24+00:00
BHR,Bahrain,displacement_idps,Internally displaced persons,Context,Displacement,Context,Internally displaced persons of concern to UNHCR in the country,people,True,2018,0,UNHCR,UNHCR Refugee Population Statistics,https://www.unhcr.org/refugee-statistics/,2026-09-10T00:36:24+00:00
BHR,Bahrain,displacement_refugees_origin,Refugees (from country),Context,Displacement,Context,Refugees under UNHCR's mandate originating from the country,people,True,2019,557,UNHCR,UNHCR Refugee Population Statistics,https://www.unhcr.org/refugee-statistics/,2026-09-10T00:36:24+00:00
BHR,Bahrain,displacement_idps,Internally displaced persons,Context,Displacement,Context,Internally displaced persons of concern to UNHCR in the country,people,True,2019,0,UNHCR,UNHCR Refugee Population Statistics,https://www.unhcr.org/refugee-statistics/,2026-09-10T00:36:24+00:00
BHR,Bahrain,displacement_refugees_origin,Refugees (from country),Context,Displacement,Context,Refugees under UNHCR's mandate originating from the country,people,True,2020,534,UNHCR,UNHCR Refugee Population Statistics,https://www.unhcr.org/refugee-statistics/,2026-09-10T00:36:24+00:00
BHR,Bahrain,displacement_idps,Internally displaced persons,Context,Displacement,Context,Internally displaced persons of concern to UNHCR in the country,people,True,2020,0,UNHCR,UNHCR Refugee Population Statistics,https://www.unhcr.org/refugee-statistics/,2026-09-10T00:36:24+00:00
BHR,Bahrain,displacement_refugees_origin,Refugees (from country),Context,Displacement,Context,Refugees under UNHCR's mandate originating from the country,people,True,2021,416,UNHCR,UNHCR Refugee Population Statistics,https://www.unhcr.org/refugee-statistics/,2026-09-10T00:36:24+00:00
BHR,Bahrain,displacement_idps,Internally displaced persons,Context,Displacement,Context,Internally displaced persons of concern to UNHCR in the country,people,True,2021,0,UNHCR,UNHCR Refugee Population Statistics,https://www.unhcr.org/refugee-statistics/,2026-09-10T00:36:24+00:00
BHR,Bahrain,displacement_refugees_origin,Refugees (from country),Context,Displacement,Context,Refugees under UNHCR's mandate originating from the country,people,True,2022,312,UNHCR,UNHCR Refugee Population Statistics,https://www.unhcr.org/refugee-statistics/,2026-09-10T00:36:24+00:00
BHR,Bahrain,displacement_idps,Internally displaced persons,Context,Displacement,Context,Internally displaced persons of concern to UNHCR in the country,people,True,2022,0,UNHCR,UNHCR Refugee Population Statistics,https://www.unhcr.org/refugee-statistics/,2026-09-10T00:36:24+00:00
BHR,Bahrain,displacement_refugees_origin,Refugees (from country),Context,Displacement,Context,Refugees under UNHCR's mandate originating from the country,people,True,2023,304,UNHCR,UNHCR Refugee Population Statistics,https://www.unhcr.org/refugee-statistics/,2026-09-10T00:36:24+00:00
BHR,Bahrain,displacement_idps,Internally displaced persons,Context,Displacement,Context,Internally displaced persons of concern to UNHCR in the country,people,True,2023,0,UNHCR,UNHCR Refugee Population Statistics,https://www.unhcr.org/refugee-statistics/,2026-09-10T00:36:24+00:00
BHR,Bahrain,displacement_refugees_origin,Refugees (from country),Context,Displacement,Context,Refugees under UNHCR's mandate originating from the country,people,True,2024,289,UNHCR,UNHCR Refugee Population Statistics,https://www.unhcr.org/refugee-statistics/,2026-09-10T00:36:24+00:00
BHR,Bahrain,displacement_idps,Internally displaced persons,Context,Displacement,Context,Internally displaced persons of concern to UNHCR in the country,people,True,2024,0,UNHCR,UNHCR Refugee Population Statistics,https://www.unhcr.org/refugee-statistics/,2026-09-10T00:36:24+00:00
BHR,Bahrain,displacement_refugees_hosted,Refugees (hosted),Context,Displacement,Context,Refugees under UNHCR's mandate hosted in the country (by country of asylum),people,True,2004,0,UNHCR,UNHCR Refugee Population Statistics,https://www.unhcr.org/refugee-statistics/,2026-09-10T00:36:24+00:00
BHR,Bahrain,displacement_refugees_hosted,Refugees (hosted),Context,Displacement,Context,Refugees under UNHCR's mandate hosted in the country (by country of asylum),people,True,2005,0,UNHCR,UNHCR Refugee Population Statistics,https://www.unhcr.org/refugee-statistics/,2026-09-10T00:36:24+00:00
BHR,Bahrain,displacement_refugees_hosted,Refugees (hosted),Context,Displacement,Context,Refugees under UNHCR's mandate hosted in the country (by country of asylum),people,True,2006,0,UNHCR,UNHCR Refugee Population Statistics,https://www.unhcr.org/refugee-statistics/,2026-09-10T00:36:24+00:00
BHR,Bahrain,displacement_refugees_hosted,Refugees (hosted),Context,Displacement,Context,Refugees under UNHCR's mandate hosted in the country (by country of asylum),people,True,2007,0,UNHCR,UNHCR Refugee Population Statistics,https://www.unhcr.org/refugee-statistics/,2026-09-10T00:36:24+00:00
BHR,Bahrain,displacement_refugees_hosted,Refugees (hosted),Context,Displacement,Context,Refugees under UNHCR's mandate hosted in the country (by country of asylum),people,True,2008,48,UNHCR,UNHCR Refugee Population Statistics,https://www.unhcr.org/refugee-statistics/,2026-09-10T00:36:24+00:00
BHR,Bahrain,displacement_refugees_hosted,Refugees (hosted),Context,Displacement,Context,Refugees under UNHCR's mandate hosted in the country (by country of asylum),people,True,2009,139,UNHCR,UNHCR Refugee Population Statistics,https://www.unhcr.org/refugee-statistics/,2026-09-10T00:36:24+00:00
BHR,Bahrain,displacement_refugees_hosted,Refugees (hosted),Context,Displacement,Context,Refugees under UNHCR's mandate hosted in the country (by country of asylum),people,True,2010,165,UNHCR,UNHCR Refugee Population Statistics,https://www.unhcr.org/refugee-statistics/,2026-09-10T00:36:24+00:00
BHR,Bahrain,displacement_refugees_hosted,Refugees (hosted),Context,Displacement,Context,Refugees under UNHCR's mandate hosted in the country (by country of asylum),people,True,2011,199,UNHCR,UNHCR Refugee Population Statistics,https://www.unhcr.org/refugee-statistics/,2026-09-10T00:36:24+00:00
BHR,Bahrain,displacement_refugees_hosted,Refugees (hosted),Context,Displacement,Context,Refugees under UNHCR's mandate hosted in the country (by country of asylum),people,True,2012,289,UNHCR,UNHCR Refugee Population Statistics,https://www.unhcr.org/refugee-statistics/,2026-09-10T00:36:24+00:00
BHR,Bahrain,displacement_refugees_hosted,Refugees (hosted),Context,Displacement,Context,Refugees under UNHCR's mandate hosted in the country (by country of asylum),people,True,2013,294,UNHCR,UNHCR Refugee Population Statistics,https://www.unhcr.org/refugee-statistics/,2026-09-10T00:36:24+00:00
BHR,Bahrain,displacement_refugees_hosted,Refugees (hosted),Context,Displacement,Context,Refugees under UNHCR's mandate hosted in the country (by country of asylum),people,True,2014,310,UNHCR,UNHCR Refugee Population Statistics,https://www.unhcr.org/refugee-statistics/,2026-09-10T00:36:24+00:00
BHR,Bahrain,displacement_refugees_hosted,Refugees (hosted),Context,Displacement,Context,Refugees under UNHCR's mandate hosted in the country (by country of asylum),people,True,2015,246,UNHCR,UNHCR Refugee Population Statistics,https://www.unhcr.org/refugee-statistics/,2026-09-10T00:36:24+00:00
BHR,Bahrain,displacement_refugees_hosted,Refugees (hosted),Context,Displacement,Context,Refugees under UNHCR's mandate hosted in the country (by country of asylum),people,True,2016,270,UNHCR,UNHCR Refugee Population Statistics,https://www.unhcr.org/refugee-statistics/,2026-09-10T00:36:24+00:00
BHR,Bahrain,displacement_refugees_hosted,Refugees (hosted),Context,Displacement,Context,Refugees under UNHCR's mandate hosted in the country (by country of asylum),people,True,2017,255,UNHCR,UNHCR Refugee Population Statistics,https://www.unhcr.org/refugee-statistics/,2026-09-10T00:36:24+00:00
BHR,Bahrain,displacement_refugees_hosted,Refugees (hosted),Context,Displacement,Context,Refugees under UNHCR's mandate hosted in the country (by country of asylum),people,True,2018,262,UNHCR,UNHCR Refugee Population Statistics,https://www.unhcr.org/refugee-statistics/,2026-09-10T00:36:24+00:00
BHR,Bahrain,displacement_refugees_hosted,Refugees (hosted),Context,Displacement,Context,Refugees under UNHCR's mandate hosted in the country (by country of asylum),people,True,2019,251,UNHCR,UNHCR Refugee Population Statistics,https://www.unhcr.org/refugee-statistics/,2026-09-10T00:36:24+00:00
BHR,Bahrain,displacement_refugees_hosted,Refugees (hosted),Context,Displacement,Context,Refugees under UNHCR's mandate hosted in the country (by country of asylum),people,True,2020,256,UNHCR,UNHCR Refugee Population Statistics,https://www.unhcr.org/refugee-statistics/,2026-09-10T00:36:24+00:00
BHR,Bahrain,displacement_refugees_hosted,Refugees (hosted),Context,Displacement,Context,Refugees under UNHCR's mandate hosted in the country (by country of asylum),people,True,2021,256,UNHCR,UNHCR Refugee Population Statistics,https://www.unhcr.org/refugee-statistics/,2026-09-10T00:36:24+00:00
BHR,Bahrain,displacement_refugees_hosted,Refugees (hosted),Context,Displacement,Context,Refugees under UNHCR's mandate hosted in the country (by country of asylum),people,True,2022,255,UNHCR,UNHCR Refugee Population Statistics,https://www.unhcr.org/refugee-statistics/,2026-09-10T00:36:24+00:00
BHR,Bahrain,displacement_refugees_hosted,Refugees (hosted),Context,Displacement,Context,Refugees under UNHCR's mandate hosted in the country (by country of asylum),people,True,2023,254,UNHCR,UNHCR Refugee Population Statistics,https://www.unhcr.org/refugee-statistics/,2026-09-10T00:36:24+00:00
BHR,Bahrain,displacement_refugees_hosted,Refugees (hosted),Context,Displacement,Context,Refugees under UNHCR's mandate hosted in the country (by country of asylum),people,True,2024,250,UNHCR,UNHCR Refugee Population Statistics,https://www.unhcr.org/refugee-statistics/,2026-09-10T00:36:24+00:00
COM,Comoros,displacement_refugees_origin,Refugees (from country),Context,Displacement,Context,Refugees under UNHCR's mandate originating from the country,people,True,2000,25,UNHCR,UNHCR Refugee Population Statistics,https://www.unhcr.org/refugee-statistics/,2026-09-10T00:36:24+00:00
COM,Comoros,displacement_idps,Internally displaced persons,Context,Displacement,Context,Internally displaced persons of concern to UNHCR in the country,people,True,2000,0,UNHCR,UNHCR Refugee Population Statistics,https://www.unhcr.org/refugee-statistics/,2026-09-10T00:36:24+00:00
COM,Comoros,displacement_refugees_origin,Refugees (from country),Context,Displacement,Context,Refugees under UNHCR's mandate originating from the country,people,True,2001,25,UNHCR,UNHCR Refugee Population Statistics,https://www.unhcr.org/refugee-statistics/,2026-09-10T00:36:24+00:00
COM,Comoros,displacement_idps,Internally displaced persons,Context,Displacement,Context,Internally displaced persons of concern to UNHCR in the country,people,True,2001,0,UNHCR,UNHCR Refugee Population Statistics,https://www.unhcr.org/refugee-statistics/,2026-09-10T00:36:24+00:00
COM,Comoros,displacement_refugees_origin,Refugees (from country),Context,Displacement,Context,Refugees under UNHCR's mandate originating from the country,people,True,2002,40,UNHCR,UNHCR Refugee Population Statistics,https://www.unhcr.org/refugee-statistics/,2026-09-10T00:36:24+00:00
COM,Comoros,displacement_idps,Internally displaced persons,Context,Displacement,Context,Internally displaced persons of concern to UNHCR in the country,people,True,2002,0,UNHCR,UNHCR Refugee Population Statistics,https://www.unhcr.org/refugee-statistics/,2026-09-10T00:36:24+00:00
COM,Comoros,displacement_refugees_origin,Refugees (from country),Context,Displacement,Context,Refugees under UNHCR's mandate originating from the country,people,True,2003,62,UNHCR,UNHCR Refugee Population Statistics,https://www.unhcr.org/refugee-statistics/,2026-09-10T00:36:24+00:00
COM,Comoros,displacement_idps,Internally displaced persons,Context,Displacement,Context,Internally displaced persons of concern to UNHCR in the country,people,True,2003,0,UNHCR,UNHCR Refugee Population Statistics,https://www.unhcr.org/refugee-statistics/,2026-09-10T00:36:24+00:00
COM,Comoros,displacement_refugees_origin,Refugees (from country),Context,Displacement,Context,Refugees under UNHCR's mandate originating from the country,people,True,2004,52,UNHCR,UNHCR Refugee Population Statistics,https://www.unhcr.org/refugee-statistics/,2026-09-10T00:36:24+00:00
COM,Comoros,displacement_idps,Internally displaced persons,Context,Displacement,Context,Internally displaced persons of concern to UNHCR in the country,people,True,2004,0,UNHCR,UNHCR Refugee Population Statistics,https://www.unhcr.org/refugee-statistics/,2026-09-10T00:36:24+00:00
COM,Comoros,displacement_refugees_origin,Refugees (from country),Context,Displacement,Context,Refugees under UNHCR's mandate originating from the country,people,True,2005,64,UNHCR,UNHCR Refugee Population Statistics,https://www.unhcr.org/refugee-statistics/,2026-09-10T00:36:24+00:00
COM,Comoros,displacement_idps,Internally displaced persons,Context,Displacement,Context,Internally displaced persons of concern to UNHCR in the country,people,True,2005,0,UNHCR,UNHCR Refugee Population Statistics,https://www.unhcr.org/refugee-statistics/,2026-09-10T00:36:24+00:00
COM,Comoros,displacement_refugees_origin,Refugees (from country),Context,Displacement,Context,Refugees under UNHCR's mandate originating from the country,people,True,2006,73,UNHCR,UNHCR Refugee Population Statistics,https://www.unhcr.org/refugee-statistics/,2026-09-10T00:36:24+00:00
COM,Comoros,displacement_idps,Internally displaced persons,Context,Displacement,Context,Internally displaced persons of concern to UNHCR in the country,people,True,2006,0,UNHCR,UNHCR Refugee Population Statistics,https://www.unhcr.org/refugee-statistics/,2026-09-10T00:36:24+00:00
COM,Comoros,displacement_refugees_origin,Refugees (from country),Context,Displacement,Context,Refugees under UNHCR's mandate originating from the country,people,True,2007,93,UNHCR,UNHCR Refugee Population Statistics,https://www.unhcr.org/refugee-statistics/,2026-09-10T00:36:24+00:00
COM,Comoros,displacement_idps,Internally displaced persons,Context,Displacement,Context,Internally displaced persons of concern to UNHCR in the country,people,True,2007,0,UNHCR,UNHCR Refugee Population Statistics,https://www.unhcr.org/refugee-statistics/,2026-09-10T00:36:24+00:00
COM,Comoros,displacement_refugees_origin,Refugees (from country),Context,Displacement,Context,Refugees under UNHCR's mandate originating from the country,people,True,2008,376,UNHCR,UNHCR Refugee Population Statistics,https://www.unhcr.org/refugee-statistics/,2026-09-10T00:36:24+00:00
COM,Comoros,displacement_idps,Internally displaced persons,Context,Displacement,Context,Internally displaced persons of concern to UNHCR in the country,people,True,2008,0,UNHCR,UNHCR Refugee Population Statistics,https://www.unhcr.org/refugee-statistics/,2026-09-10T00:36:24+00:00
COM,Comoros,displacement_refugees_origin,Refugees (from country),Context,Displacement,Context,Refugees under UNHCR's mandate originating from the country,people,True,2009,268,UNHCR,UNHCR Refugee Population Statistics,https://www.unhcr.org/refugee-statistics/,2026-09-10T00:36:24+00:00
COM,Comoros,displacement_idps,Internally displaced persons,Context,Displacement,Context,Internally displaced persons of concern to UNHCR in the country,people,True,2009,0,UNHCR,UNHCR Refugee Population Statistics,https://www.unhcr.org/refugee-statistics/,2026-09-10T00:36:24+00:00
COM,Comoros,displacement_refugees_origin,Refugees (from country),Context,Displacement,Context,Refugees under UNHCR's mandate originating from the country,people,True,2010,365,UNHCR,UNHCR Refugee Population Statistics,https://www.unhcr.org/refugee-statistics/,2026-09-10T00:36:24+00:00
COM,Comoros,displacement_idps,Internally displaced persons,Context,Displacement,Context,Internally displaced persons of concern to UNHCR in the country,people,True,2010,0,UNHCR,UNHCR Refugee Population Statistics,https://www.unhcr.org/refugee-statistics/,2026-09-10T00:36:24+00:00
COM,Comoros,displacement_refugees_origin,Refugees (from country),Context,Displacement,Context,Refugees under UNHCR's mandate originating from the country,people,True,2011,420,UNHCR,UNHCR Refugee Population Statistics,https://www.unhcr.org/refugee-statistics/,2026-09-10T00:36:24+00:00
COM,Comoros,displacement_idps,Internally displaced persons,Context,Displacement,Context,Internally displaced persons of concern to UNHCR in the country,people,True,2011,0,UNHCR,UNHCR Refugee Population Statistics,https://www.unhcr.org/refugee-statistics/,2026-09-10T00:36:24+00:00
COM,Comoros,displacement_refugees_origin,Refugees (from country),Context,Displacement,Context,Refugees under UNHCR's mandate originating from the country,people,True,2012,449,UNHCR,UNHCR Refugee Population Statistics,https://www.unhcr.org/refugee-statistics/,2026-09-10T00:36:24+00:00
COM,Comoros,displacement_idps,Internally displaced persons,Context,Displacement,Context,Internally displaced persons of concern to UNHCR in the country,people,True,2012,0,UNHCR,UNHCR Refugee Population Statistics,https://www.unhcr.org/refugee-statistics/,2026-09-10T00:36:24+00:00
COM,Comoros,displacement_refugees_origin,Refugees (from country),Context,Displacement,Context,Refugees under UNHCR's mandate originating from the country,people,True,2013,509,UNHCR,UNHCR Refugee Population Statistics,https://www.unhcr.org/refugee-statistics/,2026-09-10T00:36:24+00:00
COM,Comoros,displacement_idps,Internally displaced persons,Context,Displacement,Context,Internally displaced persons of concern to UNHCR in the country,people,True,2013,0,UNHCR,UNHCR Refugee Population Statistics,https://www.unhcr.org/refugee-statistics/,2026-09-10T00:36:24+00:00
COM,Comoros,displacement_refugees_origin,Refugees (from country),Context,Displacement,Context,Refugees under UNHCR's mandate originating from the country,people,True,2014,580,UNHCR,UNHCR Refugee Population Statistics,https://www.unhcr.org/refugee-statistics/,2026-09-10T00:36:24+00:00
COM,Comoros,displacement_idps,Internally displaced persons,Context,Displacement,Context,Internally displaced persons of concern to UNHCR in the country,people,True,2014,0,UNHCR,UNHCR Refugee Population Statistics,https://www.unhcr.org/refugee-statistics/,2026-09-10T00:36:24+00:00
COM,Comoros,displacement_refugees_origin,Refugees (from country),Context,Displacement,Context,Refugees under UNHCR's mandate originating from the country,people,True,2015,550,UNHCR,UNHCR Refugee Population Statistics,https://www.unhcr.org/refugee-statistics/,2026-09-10T00:36:24+00:00
COM,Comoros,displacement_idps,Internally displaced persons,Context,Displacement,Context,Internally displaced persons of concern to UNHCR in the country,people,True,2015,0,UNHCR,UNHCR Refugee Population Statistics,https://www.unhcr.org/refugee-statistics/,2026-09-10T00:36:24+00:00
COM,Comoros,displacement_refugees_origin,Refugees (from country),Context,Displacement,Context,Refugees under UNHCR's mandate originating from the country,people,True,2016,572,UNHCR,UNHCR Refugee Population Statistics,https://www.unhcr.org/refugee-statistics/,2026-09-10T00:36:24+00:00
COM,Comoros,displacement_idps,Internally displaced persons,Context,Displacement,Context,Internally displaced persons of concern to UNHCR in the country,people,True,2016,0,UNHCR,UNHCR Refugee Population Statistics,https://www.unhcr.org/refugee-statistics/,2026-09-10T00:36:24+00:00
COM,Comoros,displacement_refugees_origin,Refugees (from country),Context,Displacement,Context,Refugees under UNHCR's mandate originating from the country,people,True,2017,600,UNHCR,UNHCR Refugee Population Statistics,https://www.unhcr.org/refugee-statistics/,2026-09-10T00:36:24+00:00
COM,Comoros,displacement_idps,Internally displaced persons,Context,Displacement,Context,Internally displaced persons of concern to UNHCR in the country,people,True,2017,0,UNHCR,UNHCR Refugee Population Statistics,https://www.unhcr.org/refugee-statistics/,2026-09-10T00:36:24+00:00
COM,Comoros,displacement_refugees_origin,Refugees (from country),Context,Displacement,Context,Refugees under UNHCR's mandate originating from the country,people,True,2018,624,UNHCR,UNHCR Refugee Population Statistics,https://www.unhcr.org/refugee-statistics/,2026-09-10T00:36:24+00:00
COM,Comoros,displacement_idps,Internally displaced persons,Context,Displacement,Context,Internally displaced persons of concern to UNHCR in the country,people,True,2018,0,UNHCR,UNHCR Refugee Population Statistics,https://www.unhcr.org/refugee-statistics/,2026-09-10T00:36:24+00:00
COM,Comoros,displacement_refugees_origin,Refugees (from country),Context,Displacement,Context,Refugees under UNHCR's mandate originating from the country,people,True,2019,658,UNHCR,UNHCR Refugee Population Statistics,https://www.unhcr.org/refugee-statistics/,2026-09-10T00:36:24+00:00
COM,Comoros,displacement_idps,Internally displaced persons,Context,Displacement,Context,Internally displaced persons of concern to UNHCR in the country,people,True,2019,0,UNHCR,UNHCR Refugee Population Statistics,https://www.unhcr.org/refugee-statistics/,2026-09-10T00:36:24+00:00
COM,Comoros,displacement_refugees_origin,Refugees (from country),Context,Displacement,Context,Refugees under UNHCR's mandate originating from the country,people,True,2020,748,UNHCR,UNHCR Refugee Population Statistics,https://www.unhcr.org/refugee-statistics/,2026-09-10T00:36:24+00:00
COM,Comoros,displacement_idps,Internally displaced persons,Context,Displacement,Context,Internally displaced persons of concern to UNHCR in the country,people,True,2020,0,UNHCR,UNHCR Refugee Population Statistics,https://www.unhcr.org/refugee-statistics/,2026-09-10T00:36:24+00:00
COM,Comoros,displacement_refugees_origin,Refugees (from country),Context,Displacement,Context,Refugees under UNHCR's mandate originating from the country,people,True,2021,1670,UNHCR,UNHCR Refugee Population Statistics,https://www.unhcr.org/refugee-statistics/,2026-09-10T00:36:24+00:00
COM,Comoros,displacement_idps,Internally displaced persons,Context,Displacement,Context,Internally displaced persons of concern to UNHCR in the country,people,True,2021,0,UNHCR,UNHCR Refugee Population Statistics,https://www.unhcr.org/refugee-statistics/,2026-09-10T00:36:24+00:00
COM,Comoros,displacement_refugees_origin,Refugees (from country),Context,Displacement,Context,Refugees under UNHCR's mandate originating from the country,people,True,2022,1900,UNHCR,UNHCR Refugee Population Statistics,https://www.unhcr.org/refugee-statistics/,2026-09-10T00:36:24+00:00
COM,Comoros,displacement_idps,Internally displaced persons,Context,Displacement,Context,Internally displaced persons of concern to UNHCR in the country,people,True,2022,0,UNHCR,UNHCR Refugee Population Statistics,https://www.unhcr.org/refugee-statistics/,2026-09-10T00:36:24+00:00
COM,Comoros,displacement_refugees_origin,Refugees (from country),Context,Displacement,Context,Refugees under UNHCR's mandate originating from the country,people,True,2023,2194,UNHCR,UNHCR Refugee Population Statistics,https://www.unhcr.org/refugee-statistics/,2026-09-10T00:36:24+00:00
COM,Comoros,displacement_idps,Internally displaced persons,Context,Displacement,Context,Internally displaced persons of concern to UNHCR in the country,people,True,2023,0,UNHCR,UNHCR Refugee Population Statistics,https://www.unhcr.org/refugee-statistics/,2026-09-10T00:36:24+00:00
COM,Comoros,displacement_refugees_origin,Refugees (from country),Context,Displacement,Context,Refugees under UNHCR's mandate originating from the country,people,True,2024,2322,UNHCR,UNHCR Refugee Population Statistics,https://www.unhcr.org/refugee-statistics/,2026-09-10T00:36:24+00:00
COM,Comoros,displacement_idps,Internally displaced persons,Context,Displacement,Context,Internally displaced persons of concern to UNHCR in the country,people,True,2024,0,UNHCR,UNHCR Refugee Population Statistics,https://www.unhcr.org/refugee-statistics/,2026-09-10T00:36:24+00:00
COM,Comoros,displacement_refugees_hosted,Refugees (hosted),Context,Displacement,Context,Refugees under UNHCR's mandate hosted in the country (by country of asylum),people,True,2000,13,UNHCR,UNHCR Refugee Population Statistics,https://www.unhcr.org/refugee-statistics/,2026-09-10T00:36:24+00:00
COM,Comoros,displacement_refugees_hosted,Refugees (hosted),Context,Displacement,Context,Refugees under UNHCR's mandate hosted in the country (by country of asylum),people,True,2001,12,UNHCR,UNHCR Refugee Population Statistics,https://www.unhcr.org/refugee-statistics/,2026-09-10T00:36:24+00:00
COM,Comoros,displacement_refugees_hosted,Refugees (hosted),Context,Displacement,Context,Refugees under UNHCR's mandate hosted in the country (by country of asylum),people,True,2002,0,UNHCR,UNHCR Refugee Population Statistics,https://www.unhcr.org/refugee-statistics/,2026-09-10T00:36:24+00:00
COM,Comoros,displacement_refugees_hosted,Refugees (hosted),Context,Displacement,Context,Refugees under UNHCR's mandate hosted in the country (by country of asylum),people,True,2021,27,UNHCR,UNHCR Refugee Population Statistics,https://www.unhcr.org/refugee-statistics/,2026-09-10T00:36:24+00:00
COM,Comoros,displacement_refugees_hosted,Refugees (hosted),Context,Displacement,Context,Refugees under UNHCR's mandate hosted in the country (by country of asylum),people,True,2022,12,UNHCR,UNHCR Refugee Population Statistics,https://www.unhcr.org/refugee-statistics/,2026-09-10T00:36:24+00:00
COM,Comoros,displacement_refugees_hosted,Refugees (hosted),Context,Displacement,Context,Refugees under UNHCR's mandate hosted in the country (by country of asylum),people,True,2023,10,UNHCR,UNHCR Refugee Population Statistics,https://www.unhcr.org/refugee-statistics/,2026-09-10T00:36:24+00:00
COM,Comoros,displacement_refugees_hosted,Refugees (hosted),Context,Displacement,Context,Refugees under UNHCR's mandate hosted in the country (by country of asylum),people,True,2024,5,UNHCR,UNHCR Refugee Population Statistics,https://www.unhcr.org/refugee-statistics/,2026-09-10T00:36:24+00:00
DJI,Djibouti,displacement_refugees_origin,Refugees (from country),Context,Displacement,Context,Refugees under UNHCR's mandate originating from the country,people,True,2000,1911,UNHCR,UNHCR Refugee Population Statistics,https://www.unhcr.org/refugee-statistics/,2026-09-10T00:36:24+00:00
DJI,Djibouti,displacement_idps,Internally displaced persons,Context,Displacement,Context,Internally displaced persons of concern to UNHCR in the country,people,True,2000,0,UNHCR,UNHCR Refugee Population Statistics,https://www.unhcr.org/refugee-statistics/,2026-09-10T00:36:24+00:00
DJI,Djibouti,displacement_refugees_origin,Refugees (from country),Context,Displacement,Context,Refugees under UNHCR's mandate originating from the country,people,True,2001,451,UNHCR,UNHCR Refugee Population Statistics,https://www.unhcr.org/refugee-statistics/,2026-09-10T00:36:24+00:00
DJI,Djibouti,displacement_idps,Internally displaced persons,Context,Displacement,Context,Internally displaced persons of concern to UNHCR in the country,people,True,2001,0,UNHCR,UNHCR Refugee Population Statistics,https://www.unhcr.org/refugee-statistics/,2026-09-10T00:36:24+00:00
DJI,Djibouti,displacement_refugees_origin,Refugees (from country),Context,Displacement,Context,Refugees under UNHCR's mandate originating from the country,people,True,2002,470,UNHCR,UNHCR Refugee Population Statistics,https://www.unhcr.org/refugee-statistics/,2026-09-10T00:36:24+00:00
DJI,Djibouti,displacement_idps,Internally displaced persons,Context,Displacement,Context,Internally displaced persons of concern to UNHCR in the country,people,True,2002,0,UNHCR,UNHCR Refugee Population Statistics,https://www.unhcr.org/refugee-statistics/,2026-09-10T00:36:24+00:00
DJI,Djibouti,displacement_refugees_origin,Refugees (from country),Context,Displacement,Context,Refugees under UNHCR's mandate originating from the country,people,True,2003,520,UNHCR,UNHCR Refugee Population Statistics,https://www.unhcr.org/refugee-statistics/,2026-09-10T00:36:24+00:00
DJI,Djibouti,displacement_idps,Internally displaced persons,Context,Displacement,Context,Internally displaced persons of concern to UNHCR in the country,people,True,2003,0,UNHCR,UNHCR Refugee Population Statistics,https://www.unhcr.org/refugee-statistics/,2026-09-10T00:36:24+00:00
DJI,Djibouti,displacement_refugees_origin,Refugees (from country),Context,Displacement,Context,Refugees under UNHCR's mandate originating from the country,people,True,2004,492,UNHCR,UNHCR Refugee Population Statistics,https://www.unhcr.org/refugee-statistics/,2026-09-10T00:36:24+00:00
DJI,Djibouti,displacement_idps,Internally displaced persons,Context,Displacement,Context,Internally displaced persons of concern to UNHCR in the country,people,True,2004,0,UNHCR,UNHCR Refugee Population Statistics,https://www.unhcr.org/refugee-statistics/,2026-09-10T00:36:24+00:00
DJI,Djibouti,displacement_refugees_origin,Refugees (from country),Context,Displacement,Context,Refugees under UNHCR's mandate originating from the country,people,True,2005,498,UNHCR,UNHCR Refugee Population Statistics,https://www.unhcr.org/refugee-statistics/,2026-09-10T00:36:24+00:00
DJI,Djibouti,displacement_idps,Internally displaced persons,Context,Displacement,Context,Internally displaced persons of concern to UNHCR in the country,people,True,2005,0,UNHCR,UNHCR Refugee Population Statistics,https://www.unhcr.org/refugee-statistics/,2026-09-10T00:36:24+00:00
DJI,Djibouti,displacement_refugees_origin,Refugees (from country),Context,Displacement,Context,Refugees under UNHCR's mandate originating from the country,people,True,2006,479,UNHCR,UNHCR Refugee Population Statistics,https://www.unhcr.org/refugee-statistics/,2026-09-10T00:36:24+00:00
DJI,Djibouti,displacement_idps,Internally displaced persons,Context,Displacement,Context,Internally displaced persons of concern to UNHCR in the country,people,True,2006,0,UNHCR,UNHCR Refugee Population Statistics,https://www.unhcr.org/refugee-statistics/,2026-09-10T00:36:24+00:00
DJI,Djibouti,displacement_refugees_origin,Refugees (from country),Context,Displacement,Context,Refugees under UNHCR's mandate originating from the country,people,True,2007,645,UNHCR,UNHCR Refugee Population Statistics,https://www.unhcr.org/refugee-statistics/,2026-09-10T00:36:24+00:00
DJI,Djibouti,displacement_idps,Internally displaced persons,Context,Displacement,Context,Internally displaced persons of concern to UNHCR in the country,people,True,2007,0,UNHCR,UNHCR Refugee Population Statistics,https://www.unhcr.org/refugee-statistics/,2026-09-10T00:36:24+00:00
DJI,Djibouti,displacement_refugees_origin,Refugees (from country),Context,Displacement,Context,Refugees under UNHCR's mandate originating from the country,people,True,2008,638,UNHCR,UNHCR Refugee Population Statistics,https://www.unhcr.org/refugee-statistics/,2026-09-10T00:36:24+00:00
DJI,Djibouti,displacement_idps,Internally displaced persons,Context,Displacement,Context,Internally displaced persons of concern to UNHCR in the country,people,True,2008,0,UNHCR,UNHCR Refugee Population Statistics,https://www.unhcr.org/refugee-statistics/,2026-09-10T00:36:24+00:00
DJI,Djibouti,displacement_refugees_origin,Refugees (from country),Context,Displacement,Context,Refugees under UNHCR's mandate originating from the country,people,True,2009,613,UNHCR,UNHCR Refugee Population Statistics,https://www.unhcr.org/refugee-statistics/,2026-09-10T00:36:24+00:00
DJI,Djibouti,displacement_idps,Internally displaced persons,Context,Displacement,Context,Internally displaced persons of concern to UNHCR in the country,people,True,2009,0,UNHCR,UNHCR Refugee Population Statistics,https://www.unhcr.org/refugee-statistics/,2026-09-10T00:36:24+00:00
DJI,Djibouti,displacement_refugees_origin,Refugees (from country),Context,Displacement,Context,Refugees under UNHCR's mandate originating from the country,people,True,2010,556,UNHCR,UNHCR Refugee Population Statistics,https://www.unhcr.org/refugee-statistics/,2026-09-10T00:36:24+00:00
DJI,Djibouti,displacement_idps,Internally displaced persons,Context,Displacement,Context,Internally displaced persons of concern to UNHCR in the country,people,True,2010,0,UNHCR,UNHCR Refugee Population Statistics,https://www.unhcr.org/refugee-statistics/,2026-09-10T00:36:24+00:00
DJI,Djibouti,displacement_refugees_origin,Refugees (from country),Context,Displacement,Context,Refugees under UNHCR's mandate originating from the country,people,True,2011,595,UNHCR,UNHCR Refugee Population Statistics,https://www.unhcr.org/refugee-statistics/,2026-09-10T00:36:24+00:00
DJI,Djibouti,displacement_idps,Internally displaced persons,Context,Displacement,Context,Internally displaced persons of concern to UNHCR in the country,people,True,2011,0,UNHCR,UNHCR Refugee Population Statistics,https://www.unhcr.org/refugee-statistics/,2026-09-10T00:36:24+00:00
DJI,Djibouti,displacement_refugees_origin,Refugees (from country),Context,Displacement,Context,Refugees under UNHCR's mandate originating from the country,people,True,2012,626,UNHCR,UNHCR Refugee Population Statistics,https://www.unhcr.org/refugee-statistics/,2026-09-10T00:36:24+00:00
DJI,Djibouti,displacement_idps,Internally displaced persons,Context,Displacement,Context,Internally displaced persons of concern to UNHCR in the country,people,True,2012,0,UNHCR,UNHCR Refugee Population Statistics,https://www.unhcr.org/refugee-statistics/,2026-09-10T00:36:24+00:00
DJI,Djibouti,displacement_refugees_origin,Refugees (from country),Context,Displacement,Context,Refugees under UNHCR's mandate originating from the country,people,True,2013,747,UNHCR,UNHCR Refugee Population Statistics,https://www.unhcr.org/refugee-statistics/,2026-09-10T00:36:24+00:00
DJI,Djibouti,displacement_idps,Internally displaced persons,Context,Displacement,Context,Internally displaced persons of concern to UNHCR in the country,people,True,2013,0,UNHCR,UNHCR Refugee Population Statistics,https://www.unhcr.org/refugee-statistics/,2026-09-10T00:36:24+00:00
DJI,Djibouti,displacement_refugees_origin,Refugees (from country),Context,Displacement,Context,Refugees under UNHCR's mandate originating from the country,people,True,2014,870,UNHCR,UNHCR Refugee Population Statistics,https://www.unhcr.org/refugee-statistics/,2026-09-10T00:36:24+00:00
DJI,Djibouti,displacement_idps,Internally displaced persons,Context,Displacement,Context,Internally displaced persons of concern to UNHCR in the country,people,True,2014,0,UNHCR,UNHCR Refugee Population Statistics,https://www.unhcr.org/refugee-statistics/,2026-09-10T00:36:24+00:00
DJI,Djibouti,displacement_refugees_origin,Refugees (from country),Context,Displacement,Context,Refugees under UNHCR's mandate originating from the country,people,True,2015,1059,UNHCR,UNHCR Refugee Population Statistics,https://www.unhcr.org/refugee-statistics/,2026-09-10T00:36:24+00:00
DJI,Djibouti,displacement_idps,Internally displaced persons,Context,Displacement,Context,Internally displaced persons of concern to UNHCR in the country,people,True,2015,0,UNHCR,UNHCR Refugee Population Statistics,https://www.unhcr.org/refugee-statistics/,2026-09-10T00:36:24+00:00
DJI,Djibouti,displacement_refugees_origin,Refugees (from country),Context,Displacement,Context,Refugees under UNHCR's mandate originating from the country,people,True,2016,1437,UNHCR,UNHCR Refugee Population Statistics,https://www.unhcr.org/refugee-statistics/,2026-09-10T00:36:24+00:00
DJI,Djibouti,displacement_idps,Internally displaced persons,Context,Displacement,Context,Internally displaced persons of concern to UNHCR in the country,people,True,2016,0,UNHCR,UNHCR Refugee Population Statistics,https://www.unhcr.org/refugee-statistics/,2026-09-10T00:36:24+00:00
DJI,Djibouti,displacement_refugees_origin,Refugees (from country),Context,Displacement,Context,Refugees under UNHCR's mandate originating from the country,people,True,2017,1761,UNHCR,UNHCR Refugee Population Statistics,https://www.unhcr.org/refugee-statistics/,2026-09-10T00:36:24+00:00
DJI,Djibouti,displacement_idps,Internally displaced persons,Context,Displacement,Context,Internally displaced persons of concern to UNHCR in the country,people,True,2017,0,UNHCR,UNHCR Refugee Population Statistics,https://www.unhcr.org/refugee-statistics/,2026-09-10T00:36:24+00:00
DJI,Djibouti,displacement_refugees_origin,Refugees (from country),Context,Displacement,Context,Refugees under UNHCR's mandate originating from the country,people,True,2018,2124,UNHCR,UNHCR Refugee Population Statistics,https://www.unhcr.org/refugee-statistics/,2026-09-10T00:36:24+00:00
DJI,Djibouti,displacement_idps,Internally displaced persons,Context,Displacement,Context,Internally displaced persons of concern to UNHCR in the country,people,True,2018,0,UNHCR,UNHCR Refugee Population Statistics,https://www.unhcr.org/refugee-statistics/,2026-09-10T00:36:24+00:00
DJI,Djibouti,displacement_refugees_origin,Refugees (from country),Context,Displacement,Context,Refugees under UNHCR's mandate originating from the country,people,True,2019,2351,UNHCR,UNHCR Refugee Population Statistics,https://www.unhcr.org/refugee-statistics/,2026-09-10T00:36:24+00:00
DJI,Djibouti,displacement_idps,Internally displaced persons,Context,Displacement,Context,Internally displaced persons of concern to UNHCR in the country,people,True,2019,0,UNHCR,UNHCR Refugee Population Statistics,https://www.unhcr.org/refugee-statistics/,2026-09-10T00:36:24+00:00
DJI,Djibouti,displacement_refugees_origin,Refugees (from country),Context,Displacement,Context,Refugees under UNHCR's mandate originating from the country,people,True,2020,2419,UNHCR,UNHCR Refugee Population Statistics,https://www.unhcr.org/refugee-statistics/,2026-09-10T00:36:24+00:00
DJI,Djibouti,displacement_idps,Internally displaced persons,Context,Displacement,Context,Internally displaced persons of concern to UNHCR in the country,people,True,2020,0,UNHCR,UNHCR Refugee Population Statistics,https://www.unhcr.org/refugee-statistics/,2026-09-10T00:36:24+00:00
DJI,Djibouti,displacement_refugees_origin,Refugees (from country),Context,Displacement,Context,Refugees under UNHCR's mandate originating from the country,people,True,2021,2607,UNHCR,UNHCR Refugee Population Statistics,https://www.unhcr.org/refugee-statistics/,2026-09-10T00:36:24+00:00
DJI,Djibouti,displacement_idps,Internally displaced persons,Context,Displacement,Context,Internally displaced persons of concern to UNHCR in the country,people,True,2021,0,UNHCR,UNHCR Refugee Population Statistics,https://www.unhcr.org/refugee-statistics/,2026-09-10T00:36:24+00:00
DJI,Djibouti,displacement_refugees_origin,Refugees (from country),Context,Displacement,Context,Refugees under UNHCR's mandate originating from the country,people,True,2022,1706,UNHCR,UNHCR Refugee Population Statistics,https://www.unhcr.org/refugee-statistics/,2026-09-10T00:36:24+00:00
DJI,Djibouti,displacement_idps,Internally displaced persons,Context,Displacement,Context,Internally displaced persons of concern to UNHCR in the country,people,True,2022,0,UNHCR,UNHCR Refugee Population Statistics,https://www.unhcr.org/refugee-statistics/,2026-09-10T00:36:24+00:00
DJI,Djibouti,displacement_refugees_origin,Refugees (from country),Context,Displacement,Context,Refugees under UNHCR's mandate originating from the country,people,True,2023,1840,UNHCR,UNHCR Refugee Population Statistics,https://www.unhcr.org/refugee-statistics/,2026-09-10T00:36:24+00:00
DJI,Djibouti,displacement_idps,Internally displaced persons,Context,Displacement,Context,Internally displaced persons of concern to UNHCR in the country,people,True,2023,0,UNHCR,UNHCR Refugee Population Statistics,https://www.unhcr.org/refugee-statistics/,2026-09-10T00:36:24+00:00
DJI,Djibouti,displacement_refugees_origin,Refugees (from country),Context,Displacement,Context,Refugees under UNHCR's mandate originating from the country,people,True,2024,2055,UNHCR,UNHCR Refugee Population Statistics,https://www.unhcr.org/refugee-statistics/,2026-09-10T00:36:24+00:00
DJI,Djibouti,displacement_idps,Internally displaced persons,Context,Displacement,Context,Internally displaced persons of concern to UNHCR in the country,people,True,2024,0,UNHCR,UNHCR Refugee Population Statistics,https://www.unhcr.org/refugee-statistics/,2026-09-10T00:36:24+00:00
DJI,Djibouti,displacement_refugees_hosted,Refugees (hosted),Context,Displacement,Context,Refugees under UNHCR's mandate hosted in the country (by country of asylum),people,True,2000,23238,UNHCR,UNHCR Refugee Population Statistics,https://www.unhcr.org/refugee-statistics/,2026-09-10T00:36:24+00:00
DJI,Djibouti,displacement_refugees_hosted,Refugees (hosted),Context,Displacement,Context,Refugees under UNHCR's mandate hosted in the country (by country of asylum),people,True,2001,23172,UNHCR,UNHCR Refugee Population Statistics,https://www.unhcr.org/refugee-statistics/,2026-09-10T00:36:24+00:00
DJI,Djibouti,displacement_refugees_hosted,Refugees (hosted),Context,Displacement,Context,Refugees under UNHCR's mandate hosted in the country (by country of asylum),people,True,2002,21702,UNHCR,UNHCR Refugee Population Statistics,https://www.unhcr.org/refugee-statistics/,2026-09-10T00:36:24+00:00
DJI,Djibouti,displacement_refugees_hosted,Refugees (hosted),Context,Displacement,Context,Refugees under UNHCR's mandate hosted in the country (by country of asylum),people,True,2003,27034,UNHCR,UNHCR Refugee Population Statistics,https://www.unhcr.org/refugee-statistics/,2026-09-10T00:36:24+00:00
DJI,Djibouti,displacement_refugees_hosted,Refugees (hosted),Context,Displacement,Context,Refugees under UNHCR's mandate hosted in the country (by country of asylum),people,True,2004,18033,UNHCR,UNHCR Refugee Population Statistics,https://www.unhcr.org/refugee-statistics/,2026-09-10T00:36:24+00:00
DJI,Djibouti,displacement_refugees_hosted,Refugees (hosted),Context,Displacement,Context,Refugees under UNHCR's mandate hosted in the country (by country of asylum),people,True,2005,10455,UNHCR,UNHCR Refugee Population Statistics,https://www.unhcr.org/refugee-statistics/,2026-09-10T00:36:24+00:00
DJI,Djibouti,displacement_refugees_hosted,Refugees (hosted),Context,Displacement,Context,Refugees under UNHCR's mandate hosted in the country (by country of asylum),people,True,2006,9257,UNHCR,UNHCR Refugee Population Statistics,https://www.unhcr.org/refugee-statistics/,2026-09-10T00:36:24+00:00
DJI,Djibouti,displacement_refugees_hosted,Refugees (hosted),Context,Displacement,Context,Refugees under UNHCR's mandate hosted in the country (by country of asylum),people,True,2007,6653,UNHCR,UNHCR Refugee Population Statistics,https://www.unhcr.org/refugee-statistics/,2026-09-10T00:36:24+00:00
DJI,Djibouti,displacement_refugees_hosted,Refugees (hosted),Context,Displacement,Context,Refugees under UNHCR's mandate hosted in the country (by country of asylum),people,True,2008,9228,UNHCR,UNHCR Refugee Population Statistics,https://www.unhcr.org/refugee-statistics/,2026-09-10T00:36:24+00:00
DJI,Djibouti,displacement_refugees_hosted,Refugees (hosted),Context,Displacement,Context,Refugees under UNHCR's mandate hosted in the country (by country of asylum),people,True,2009,12106,UNHCR,UNHCR Refugee Population Statistics,https://www.unhcr.org/refugee-statistics/,2026-09-10T00:36:24+00:00
DJI,Djibouti,displacement_refugees_hosted,Refugees (hosted),Context,Displacement,Context,Refugees under UNHCR's mandate hosted in the country (by country of asylum),people,True,2010,15102,UNHCR,UNHCR Refugee Population Statistics,https://www.unhcr.org/refugee-statistics/,2026-09-10T00:36:24+00:00
DJI,Djibouti,displacement_refugees_hosted,Refugees (hosted),Context,Displacement,Context,Refugees under UNHCR's mandate hosted in the country (by country of asylum),people,True,2011,20336,UNHCR,UNHCR Refugee Population Statistics,https://www.unhcr.org/refugee-statistics/,2026-09-10T00:36:24+00:00
DJI,Djibouti,displacement_refugees_hosted,Refugees (hosted),Context,Displacement,Context,Refugees under UNHCR's mandate hosted in the country (by country of asylum),people,True,2012,19136,UNHCR,UNHCR Refugee Population Statistics,https://www.unhcr.org/refugee-statistics/,2026-09-10T00:36:24+00:00
DJI,Djibouti,displacement_refugees_hosted,Refugees (hosted),Context,Displacement,Context,Refugees under UNHCR's mandate hosted in the country (by country of asylum),people,True,2013,20010,UNHCR,UNHCR Refugee Population Statistics,https://www.unhcr.org/refugee-statistics/,2026-09-10T00:36:24+00:00
DJI,Djibouti,displacement_refugees_hosted,Refugees (hosted),Context,Displacement,Context,Refugees under UNHCR's mandate hosted in the country (by country of asylum),people,True,2014,20525,UNHCR,UNHCR Refugee Population Statistics,https://www.unhcr.org/refugee-statistics/,2026-09-10T00:36:24+00:00
DJI,Djibouti,displacement_refugees_hosted,Refugees (hosted),Context,Displacement,Context,Refugees under UNHCR's mandate hosted in the country (by country of asylum),people,True,2015,19369,UNHCR,UNHCR Refugee Population Statistics,https://www.unhcr.org/refugee-statistics/,2026-09-10T00:36:24+00:00
DJI,Djibouti,displacement_refugees_hosted,Refugees (hosted),Context,Displacement,Context,Refugees under UNHCR's mandate hosted in the country (by country of asylum),people,True,2016,17683,UNHCR,UNHCR Refugee Population Statistics,https://www.unhcr.org/refugee-statistics/,2026-09-10T00:36:24+00:00
DJI,Djibouti,displacement_refugees_hosted,Refugees (hosted),Context,Displacement,Context,Refugees under UNHCR's mandate hosted in the country (by country of asylum),people,True,2017,17553,UNHCR,UNHCR Refugee Population Statistics,https://www.unhcr.org/refugee-statistics/,2026-09-10T00:36:24+00:00
DJI,Djibouti,displacement_refugees_hosted,Refugees (hosted),Context,Displacement,Context,Refugees under UNHCR's mandate hosted in the country (by country of asylum),people,True,2018,18293,UNHCR,UNHCR Refugee Population Statistics,https://www.unhcr.org/refugee-statistics/,2026-09-10T00:36:24+00:00
DJI,Djibouti,displacement_refugees_hosted,Refugees (hosted),Context,Displacement,Context,Refugees under UNHCR's mandate hosted in the country (by country of asylum),people,True,2019,19639,UNHCR,UNHCR Refugee Population Statistics,https://www.unhcr.org/refugee-statistics/,2026-09-10T00:36:24+00:00
DJI,Djibouti,displacement_refugees_hosted,Refugees (hosted),Context,Displacement,Context,Refugees under UNHCR's mandate hosted in the country (by country of asylum),people,True,2020,21193,UNHCR,UNHCR Refugee Population Statistics,https://www.unhcr.org/refugee-statistics/,2026-09-10T00:36:24+00:00
DJI,Djibouti,displacement_refugees_hosted,Refugees (hosted),Context,Displacement,Context,Refugees under UNHCR's mandate hosted in the country (by country of asylum),people,True,2021,23232,UNHCR,UNHCR Refugee Population Statistics,https://www.unhcr.org/refugee-statistics/,2026-09-10T00:36:24+00:00
DJI,Djibouti,displacement_refugees_hosted,Refugees (hosted),Context,Displacement,Context,Refugees under UNHCR's mandate hosted in the country (by country of asylum),people,True,2022,20383,UNHCR,UNHCR Refugee Population Statistics,https://www.unhcr.org/refugee-statistics/,2026-09-10T00:36:24+00:00
DJI,Djibouti,displacement_refugees_hosted,Refugees (hosted),Context,Displacement,Context,Refugees under UNHCR's mandate hosted in the country (by country of asylum),people,True,2023,23063,UNHCR,UNHCR Refugee Population Statistics,https://www.unhcr.org/refugee-statistics/,2026-09-10T00:36:24+00:00
DJI,Djibouti,displacement_refugees_hosted,Refugees (hosted),Context,Displacement,Context,Refugees under UNHCR's mandate hosted in the country (by country of asylum),people,True,2024,23987,UNHCR,UNHCR Refugee Population Statistics,https://www.unhcr.org/refugee-statistics/,2026-09-10T00:36:24+00:00
EGY,Egypt,displacement_refugees_origin,Refugees (from country),Context,Displacement,Context,Refugees under UNHCR's mandate originating from the country,people,True,2000,3954,UNHCR,UNHCR Refugee Population Statistics,https://www.unhcr.org/refugee-statistics/,2026-09-10T00:36:24+00:00
EGY,Egypt,displacement_idps,Internally displaced persons,Context,Displacement,Context,Internally displaced persons of concern to UNHCR in the country,people,True,2000,0,UNHCR,UNHCR Refugee Population Statistics,https://www.unhcr.org/refugee-statistics/,2026-09-10T00:36:24+00:00
EGY,Egypt,displacement_refugees_origin,Refugees (from country),Context,Displacement,Context,Refugees under UNHCR's mandate originating from the country,people,True,2001,4677,UNHCR,UNHCR Refugee Population Statistics,https://www.unhcr.org/refugee-statistics/,2026-09-10T00:36:24+00:00
EGY,Egypt,displacement_idps,Internally displaced persons,Context,Displacement,Context,Internally displaced persons of concern to UNHCR in the country,people,True,2001,0,UNHCR,UNHCR Refugee Population Statistics,https://www.unhcr.org/refugee-statistics/,2026-09-10T00:36:24+00:00
EGY,Egypt,displacement_refugees_origin,Refugees (from country),Context,Displacement,Context,Refugees under UNHCR's mandate originating from the country,people,True,2002,6442,UNHCR,UNHCR Refugee Population Statistics,https://www.unhcr.org/refugee-statistics/,2026-09-10T00:36:24+00:00
EGY,Egypt,displacement_idps,Internally displaced persons,Context,Displacement,Context,Internally displaced persons of concern to UNHCR in the country,people,True,2002,0,UNHCR,UNHCR Refugee Population Statistics,https://www.unhcr.org/refugee-statistics/,2026-09-10T00:36:24+00:00
EGY,Egypt,displacement_refugees_origin,Refugees (from country),Context,Displacement,Context,Refugees under UNHCR's mandate originating from the country,people,True,2003,5734,UNHCR,UNHCR Refugee Population Statistics,https://www.unhcr.org/refugee-statistics/,2026-09-10T00:36:24+00:00
EGY,Egypt,displacement_idps,Internally displaced persons,Context,Displacement,Context,Internally displaced persons of concern to UNHCR in the country,people,True,2003,0,UNHCR,UNHCR Refugee Population Statistics,https://www.unhcr.org/refugee-statistics/,2026-09-10T00:36:24+00:00
EGY,Egypt,displacement_refugees_origin,Refugees (from country),Context,Displacement,Context,Refugees under UNHCR's mandate originating from the country,people,True,2004,5361,UNHCR,UNHCR Refugee Population Statistics,https://www.unhcr.org/refugee-statistics/,2026-09-10T00:36:24+00:00
EGY,Egypt,displacement_idps,Internally displaced persons,Context,Displacement,Context,Internally displaced persons of concern to UNHCR in the country,people,True,2004,0,UNHCR,UNHCR Refugee Population Statistics,https://www.unhcr.org/refugee-statistics/,2026-09-10T00:36:24+00:00
EGY,Egypt,displacement_refugees_origin,Refugees (from country),Context,Displacement,Context,Refugees under UNHCR's mandate originating from the country,people,True,2005,6288,UNHCR,UNHCR Refugee Population Statistics,https://www.unhcr.org/refugee-statistics/,2026-09-10T00:36:24+00:00
EGY,Egypt,displacement_idps,Internally displaced persons,Context,Displacement,Context,Internally displaced persons of concern to UNHCR in the country,people,True,2005,0,UNHCR,UNHCR Refugee Population Statistics,https://www.unhcr.org/refugee-statistics/,2026-09-10T00:36:24+00:00
EGY,Egypt,displacement_refugees_origin,Refugees (from country),Context,Displacement,Context,Refugees under UNHCR's mandate originating from the country,people,True,2006,7608,UNHCR,UNHCR Refugee Population Statistics,https://www.unhcr.org/refugee-statistics/,2026-09-10T00:36:24+00:00
EGY,Egypt,displacement_idps,Internally displaced persons,Context,Displacement,Context,Internally displaced persons of concern to UNHCR in the country,people,True,2006,0,UNHCR,UNHCR Refugee Population Statistics,https://www.unhcr.org/refugee-statistics/,2026-09-10T00:36:24+00:00
EGY,Egypt,displacement_refugees_origin,Refugees (from country),Context,Displacement,Context,Refugees under UNHCR's mandate originating from the country,people,True,2007,6789,UNHCR,UNHCR Refugee Population Statistics,https://www.unhcr.org/refugee-statistics/,2026-09-10T00:36:24+00:00
EGY,Egypt,displacement_idps,Internally displaced persons,Context,Displacement,Context,Internally displaced persons of concern to UNHCR in the country,people,True,2007,0,UNHCR,UNHCR Refugee Population Statistics,https://www.unhcr.org/refugee-statistics/,2026-09-10T00:36:24+00:00
EGY,Egypt,displacement_refugees_origin,Refugees (from country),Context,Displacement,Context,Refugees under UNHCR's mandate originating from the country,people,True,2008,6777,UNHCR,UNHCR Refugee Population Statistics,https://www.unhcr.org/refugee-statistics/,2026-09-10T00:36:24+00:00
EGY,Egypt,displacement_idps,Internally displaced persons,Context,Displacement,Context,Internally displaced persons of concern to UNHCR in the country,people,True,2008,0,UNHCR,UNHCR Refugee Population Statistics,https://www.unhcr.org/refugee-statistics/,2026-09-10T00:36:24+00:00
EGY,Egypt,displacement_refugees_origin,Refugees (from country),Context,Displacement,Context,Refugees under UNHCR's mandate originating from the country,people,True,2009,6983,UNHCR,UNHCR Refugee Population Statistics,https://www.unhcr.org/refugee-statistics/,2026-09-10T00:36:24+00:00
EGY,Egypt,displacement_idps,Internally displaced persons,Context,Displacement,Context,Internally displaced persons of concern to UNHCR in the country,people,True,2009,0,UNHCR,UNHCR Refugee Population Statistics,https://www.unhcr.org/refugee-statistics/,2026-09-10T00:36:24+00:00
EGY,Egypt,displacement_refugees_origin,Refugees (from country),Context,Displacement,Context,Refugees under UNHCR's mandate originating from the country,people,True,2010,6903,UNHCR,UNHCR Refugee Population Statistics,https://www.unhcr.org/refugee-statistics/,2026-09-10T00:36:24+00:00
EGY,Egypt,displacement_idps,Internally displaced persons,Context,Displacement,Context,Internally displaced persons of concern to UNHCR in the country,people,True,2010,0,UNHCR,UNHCR Refugee Population Statistics,https://www.unhcr.org/refugee-statistics/,2026-09-10T00:36:24+00:00
EGY,Egypt,displacement_refugees_origin,Refugees (from country),Context,Displacement,Context,Refugees under UNHCR's mandate originating from the country,people,True,2011,7922,UNHCR,UNHCR Refugee Population Statistics,https://www.unhcr.org/refugee-statistics/,2026-09-10T00:36:24+00:00
EGY,Egypt,displacement_idps,Internally displaced persons,Context,Displacement,Context,Internally displaced persons of concern to UNHCR in the country,people,True,2011,0,UNHCR,UNHCR Refugee Population Statistics,https://www.unhcr.org/refugee-statistics/,2026-09-10T00:36:24+00:00
EGY,Egypt,displacement_refugees_origin,Refugees (from country),Context,Displacement,Context,Refugees under UNHCR's mandate originating from the country,people,True,2012,10014,UNHCR,UNHCR Refugee Population Statistics,https://www.unhcr.org/refugee-statistics/,2026-09-10T00:36:24+00:00
EGY,Egypt,displacement_idps,Internally displaced persons,Context,Displacement,Context,Internally displaced persons of concern to UNHCR in the country,people,True,2012,0,UNHCR,UNHCR Refugee Population Statistics,https://www.unhcr.org/refugee-statistics/,2026-09-10T00:36:24+00:00
EGY,Egypt,displacement_refugees_origin,Refugees (from country),Context,Displacement,Context,Refugees under UNHCR's mandate originating from the country,people,True,2013,12804,UNHCR,UNHCR Refugee Population Statistics,https://www.unhcr.org/refugee-statistics/,2026-09-10T00:36:24+00:00
EGY,Egypt,displacement_idps,Internally displaced persons,Context,Displacement,Context,Internally displaced persons of concern to UNHCR in the country,people,True,2013,0,UNHCR,UNHCR Refugee Population Statistics,https://www.unhcr.org/refugee-statistics/,2026-09-10T00:36:24+00:00
EGY,Egypt,displacement_refugees_origin,Refugees (from country),Context,Displacement,Context,Refugees under UNHCR's mandate originating from the country,people,True,2014,15899,UNHCR,UNHCR Refugee Population Statistics,https://www.unhcr.org/refugee-statistics/,2026-09-10T00:36:24+00:00
EGY,Egypt,displacement_idps,Internally displaced persons,Context,Displacement,Context,Internally displaced persons of concern to UNHCR in the country,people,True,2014,0,UNHCR,UNHCR Refugee Population Statistics,https://www.unhcr.org/refugee-statistics/,2026-09-10T00:36:24+00:00
EGY,Egypt,displacement_refugees_origin,Refugees (from country),Context,Displacement,Context,Refugees under UNHCR's mandate originating from the country,people,True,2015,17929,UNHCR,UNHCR Refugee Population Statistics,https://www.unhcr.org/refugee-statistics/,2026-09-10T00:36:24+00:00
EGY,Egypt,displacement_idps,Internally displaced persons,Context,Displacement,Context,Internally displaced persons of concern to UNHCR in the country,people,True,2015,0,UNHCR,UNHCR Refugee Population Statistics,https://www.unhcr.org/refugee-statistics/,2026-09-10T00:36:24+00:00
EGY,Egypt,displacement_refugees_origin,Refugees (from country),Context,Displacement,Context,Refugees under UNHCR's mandate originating from the country,people,True,2016,19792,UNHCR,UNHCR Refugee Population Statistics,https://www.unhcr.org/refugee-statistics/,2026-09-10T00:36:24+00:00
EGY,Egypt,displacement_idps,Internally displaced persons,Context,Displacement,Context,Internally displaced persons of concern to UNHCR in the country,people,True,2016,0,UNHCR,UNHCR Refugee Population Statistics,https://www.unhcr.org/refugee-statistics/,2026-09-10T00:36:24+00:00
EGY,Egypt,displacement_refugees_origin,Refugees (from country),Context,Displacement,Context,Refugees under UNHCR's mandate originating from the country,people,True,2017,22106,UNHCR,UNHCR Refugee Population Statistics,https://www.unhcr.org/refugee-statistics/,2026-09-10T00:36:24+00:00
EGY,Egypt,displacement_idps,Internally displaced persons,Context,Displacement,Context,Internally displaced persons of concern to UNHCR in the country,people,True,2017,0,UNHCR,UNHCR Refugee Population Statistics,https://www.unhcr.org/refugee-statistics/,2026-09-10T00:36:24+00:00
EGY,Egypt,displacement_refugees_origin,Refugees (from country),Context,Displacement,Context,Refugees under UNHCR's mandate originating from the country,people,True,2018,24850,UNHCR,UNHCR Refugee Population Statistics,https://www.unhcr.org/refugee-statistics/,2026-09-10T00:36:24+00:00
EGY,Egypt,displacement_idps,Internally displaced persons,Context,Displacement,Context,Internally displaced persons of concern to UNHCR in the country,people,True,2018,0,UNHCR,UNHCR Refugee Population Statistics,https://www.unhcr.org/refugee-statistics/,2026-09-10T00:36:24+00:00
EGY,Egypt,displacement_refugees_origin,Refugees (from country),Context,Displacement,Context,Refugees under UNHCR's mandate originating from the country,people,True,2019,27416,UNHCR,UNHCR Refugee Population Statistics,https://www.unhcr.org/refugee-statistics/,2026-09-10T00:36:24+00:00
EGY,Egypt,displacement_idps,Internally displaced persons,Context,Displacement,Context,Internally displaced persons of concern to UNHCR in the country,people,True,2019,0,UNHCR,UNHCR Refugee Population Statistics,https://www.unhcr.org/refugee-statistics/,2026-09-10T00:36:24+00:00
EGY,Egypt,displacement_refugees_origin,Refugees (from country),Context,Displacement,Context,Refugees under UNHCR's mandate originating from the country,people,True,2020,26553,UNHCR,UNHCR Refugee Population Statistics,https://www.unhcr.org/refugee-statistics/,2026-09-10T00:36:24+00:00
EGY,Egypt,displacement_idps,Internally displaced persons,Context,Displacement,Context,Internally displaced persons of concern to UNHCR in the country,people,True,2020,0,UNHCR,UNHCR Refugee Population Statistics,https://www.unhcr.org/refugee-statistics/,2026-09-10T00:36:24+00:00
EGY,Egypt,displacement_refugees_origin,Refugees (from country),Context,Displacement,Context,Refugees under UNHCR's mandate originating from the country,people,True,2021,27498,UNHCR,UNHCR Refugee Population Statistics,https://www.unhcr.org/refugee-statistics/,2026-09-10T00:36:24+00:00
EGY,Egypt,displacement_idps,Internally displaced persons,Context,Displacement,Context,Internally displaced persons of concern to UNHCR in the country,people,True,2021,0,UNHCR,UNHCR Refugee Population Statistics,https://www.unhcr.org/refugee-statistics/,2026-09-10T00:36:24+00:00
EGY,Egypt,displacement_refugees_origin,Refugees (from country),Context,Displacement,Context,Refugees under UNHCR's mandate originating from the country,people,True,2022,24390,UNHCR,UNHCR Refugee Population Statistics,https://www.unhcr.org/refugee-statistics/,2026-09-10T00:36:24+00:00
EGY,Egypt,displacement_idps,Internally displaced persons,Context,Displacement,Context,Internally displaced persons of concern to UNHCR in the country,people,True,2022,0,UNHCR,UNHCR Refugee Population Statistics,https://www.unhcr.org/refugee-statistics/,2026-09-10T00:36:24+00:00
EGY,Egypt,displacement_refugees_origin,Refugees (from country),Context,Displacement,Context,Refugees under UNHCR's mandate originating from the country,people,True,2023,23160,UNHCR,UNHCR Refugee Population Statistics,https://www.unhcr.org/refugee-statistics/,2026-09-10T00:36:24+00:00
EGY,Egypt,displacement_idps,Internally displaced persons,Context,Displacement,Context,Internally displaced persons of concern to UNHCR in the country,people,True,2023,0,UNHCR,UNHCR Refugee Population Statistics,https://www.unhcr.org/refugee-statistics/,2026-09-10T00:36:24+00:00
EGY,Egypt,displacement_refugees_origin,Refugees (from country),Context,Displacement,Context,Refugees under UNHCR's mandate originating from the country,people,True,2024,23736,UNHCR,UNHCR Refugee Population Statistics,https://www.unhcr.org/refugee-statistics/,2026-09-10T00:36:24+00:00
EGY,Egypt,displacement_idps,Internally displaced persons,Context,Displacement,Context,Internally displaced persons of concern to UNHCR in the country,people,True,2024,0,UNHCR,UNHCR Refugee Population Statistics,https://www.unhcr.org/refugee-statistics/,2026-09-10T00:36:24+00:00
EGY,Egypt,displacement_refugees_hosted,Refugees (hosted),Context,Displacement,Context,Refugees under UNHCR's mandate hosted in the country (by country of asylum),people,True,2000,6840,UNHCR,UNHCR Refugee Population Statistics,https://www.unhcr.org/refugee-statistics/,2026-09-10T00:36:24+00:00
EGY,Egypt,displacement_refugees_hosted,Refugees (hosted),Context,Displacement,Context,Refugees under UNHCR's mandate hosted in the country (by country of asylum),people,True,2001,7223,UNHCR,UNHCR Refugee Population Statistics,https://www.unhcr.org/refugee-statistics/,2026-09-10T00:36:24+00:00
EGY,Egypt,displacement_refugees_hosted,Refugees (hosted),Context,Displacement,Context,Refugees under UNHCR's mandate hosted in the country (by country of asylum),people,True,2002,80488,UNHCR,UNHCR Refugee Population Statistics,https://www.unhcr.org/refugee-statistics/,2026-09-10T00:36:24+00:00
EGY,Egypt,displacement_refugees_hosted,Refugees (hosted),Context,Displacement,Context,Refugees under UNHCR's mandate hosted in the country (by country of asylum),people,True,2003,88745,UNHCR,UNHCR Refugee Population Statistics,https://www.unhcr.org/refugee-statistics/,2026-09-10T00:36:24+00:00
EGY,Egypt,displacement_refugees_hosted,Refugees (hosted),Context,Displacement,Context,Refugees under UNHCR's mandate hosted in the country (by country of asylum),people,True,2004,90335,UNHCR,UNHCR Refugee Population Statistics,https://www.unhcr.org/refugee-statistics/,2026-09-10T00:36:24+00:00
EGY,Egypt,displacement_refugees_hosted,Refugees (hosted),Context,Displacement,Context,Refugees under UNHCR's mandate hosted in the country (by country of asylum),people,True,2005,88934,UNHCR,UNHCR Refugee Population Statistics,https://www.unhcr.org/refugee-statistics/,2026-09-10T00:36:24+00:00
EGY,Egypt,displacement_refugees_hosted,Refugees (hosted),Context,Displacement,Context,Refugees under UNHCR's mandate hosted in the country (by country of asylum),people,True,2006,88014,UNHCR,UNHCR Refugee Population Statistics,https://www.unhcr.org/refugee-statistics/,2026-09-10T00:36:24+00:00
EGY,Egypt,displacement_refugees_hosted,Refugees (hosted),Context,Displacement,Context,Refugees under UNHCR's mandate hosted in the country (by country of asylum),people,True,2007,97550,UNHCR,UNHCR Refugee Population Statistics,https://www.unhcr.org/refugee-statistics/,2026-09-10T00:36:24+00:00
EGY,Egypt,displacement_refugees_hosted,Refugees (hosted),Context,Displacement,Context,Refugees under UNHCR's mandate hosted in the country (by country of asylum),people,True,2008,97851,UNHCR,UNHCR Refugee Population Statistics,https://www.unhcr.org/refugee-statistics/,2026-09-10T00:36:24+00:00
EGY,Egypt,displacement_refugees_hosted,Refugees (hosted),Context,Displacement,Context,Refugees under UNHCR's mandate hosted in the country (by country of asylum),people,True,2009,94392,UNHCR,UNHCR Refugee Population Statistics,https://www.unhcr.org/refugee-statistics/,2026-09-10T00:36:24+00:00
EGY,Egypt,displacement_refugees_hosted,Refugees (hosted),Context,Displacement,Context,Refugees under UNHCR's mandate hosted in the country (by country of asylum),people,True,2010,95044,UNHCR,UNHCR Refugee Population Statistics,https://www.unhcr.org/refugee-statistics/,2026-09-10T00:36:24+00:00
EGY,Egypt,displacement_refugees_hosted,Refugees (hosted),Context,Displacement,Context,Refugees under UNHCR's mandate hosted in the country (by country of asylum),people,True,2011,95078,UNHCR,UNHCR Refugee Population Statistics,https://www.unhcr.org/refugee-statistics/,2026-09-10T00:36:24+00:00
EGY,Egypt,displacement_refugees_hosted,Refugees (hosted),Context,Displacement,Context,Refugees under UNHCR's mandate hosted in the country (by country of asylum),people,True,2012,109923,UNHCR,UNHCR Refugee Population Statistics,https://www.unhcr.org/refugee-statistics/,2026-09-10T00:36:24+00:00
EGY,Egypt,displacement_refugees_hosted,Refugees (hosted),Context,Displacement,Context,Refugees under UNHCR's mandate hosted in the country (by country of asylum),people,True,2013,230070,UNHCR,UNHCR Refugee Population Statistics,https://www.unhcr.org/refugee-statistics/,2026-09-10T00:36:24+00:00
EGY,Egypt,displacement_refugees_hosted,Refugees (hosted),Context,Displacement,Context,Refugees under UNHCR's mandate hosted in the country (by country of asylum),people,True,2014,236085,UNHCR,UNHCR Refugee Population Statistics,https://www.unhcr.org/refugee-statistics/,2026-09-10T00:36:24+00:00
EGY,Egypt,displacement_refugees_hosted,Refugees (hosted),Context,Displacement,Context,Refugees under UNHCR's mandate hosted in the country (by country of asylum),people,True,2015,212492,UNHCR,UNHCR Refugee Population Statistics,https://www.unhcr.org/refugee-statistics/,2026-09-10T00:36:24+00:00
EGY,Egypt,displacement_refugees_hosted,Refugees (hosted),Context,Displacement,Context,Refugees under UNHCR's mandate hosted in the country (by country of asylum),people,True,2016,213515,UNHCR,UNHCR Refugee Population Statistics,https://www.unhcr.org/refugee-statistics/,2026-09-10T00:36:24+00:00
EGY,Egypt,displacement_refugees_hosted,Refugees (hosted),Context,Displacement,Context,Refugees under UNHCR's mandate hosted in the country (by country of asylum),people,True,2017,232647,UNHCR,UNHCR Refugee Population Statistics,https://www.unhcr.org/refugee-statistics/,2026-09-10T00:36:24+00:00
EGY,Egypt,displacement_refugees_hosted,Refugees (hosted),Context,Displacement,Context,Refugees under UNHCR's mandate hosted in the country (by country of asylum),people,True,2018,246746,UNHCR,UNHCR Refugee Population Statistics,https://www.unhcr.org/refugee-statistics/,2026-09-10T00:36:24+00:00
EGY,Egypt,displacement_refugees_hosted,Refugees (hosted),Context,Displacement,Context,Refugees under UNHCR's mandate hosted in the country (by country of asylum),people,True,2019,258391,UNHCR,UNHCR Refugee Population Statistics,https://www.unhcr.org/refugee-statistics/,2026-09-10T00:36:24+00:00
EGY,Egypt,displacement_refugees_hosted,Refugees (hosted),Context,Displacement,Context,Refugees under UNHCR's mandate hosted in the country (by country of asylum),people,True,2020,272826,UNHCR,UNHCR Refugee Population Statistics,https://www.unhcr.org/refugee-statistics/,2026-09-10T00:36:24+00:00
EGY,Egypt,displacement_refugees_hosted,Refugees (hosted),Context,Displacement,Context,Refugees under UNHCR's mandate hosted in the country (by country of asylum),people,True,2021,280686,UNHCR,UNHCR Refugee Population Statistics,https://www.unhcr.org/refugee-statistics/,2026-09-10T00:36:24+00:00
EGY,Egypt,displacement_refugees_hosted,Refugees (hosted),Context,Displacement,Context,Refugees under UNHCR's mandate hosted in the country (by country of asylum),people,True,2022,294632,UNHCR,UNHCR Refugee Population Statistics,https://www.unhcr.org/refugee-statistics/,2026-09-10T00:36:24+00:00
EGY,Egypt,displacement_refugees_hosted,Refugees (hosted),Context,Displacement,Context,Refugees under UNHCR's mandate hosted in the country (by country of asylum),people,True,2023,240507,UNHCR,UNHCR Refugee Population Statistics,https://www.unhcr.org/refugee-statistics/,2026-09-10T00:36:24+00:00
EGY,Egypt,displacement_refugees_hosted,Refugees (hosted),Context,Displacement,Context,Refugees under UNHCR's mandate hosted in the country (by country of asylum),people,True,2024,238014,UNHCR,UNHCR Refugee Population Statistics,https://www.unhcr.org/refugee-statistics/,2026-09-10T00:36:24+00:00
IRQ,Iraq,displacement_refugees_origin,Refugees (from country),Context,Displacement,Context,Refugees under UNHCR's mandate originating from the country,people,True,2000,526165,UNHCR,UNHCR Refugee Population Statistics,https://www.unhcr.org/refugee-statistics/,2026-09-10T00:36:24+00:00
IRQ,Iraq,displacement_idps,Internally displaced persons,Context,Displacement,Context,Internally displaced persons of concern to UNHCR in the country,people,True,2000,0,UNHCR,UNHCR Refugee Population Statistics,https://www.unhcr.org/refugee-statistics/,2026-09-10T00:36:24+00:00
IRQ,Iraq,displacement_refugees_origin,Refugees (from country),Context,Displacement,Context,Refugees under UNHCR's mandate originating from the country,people,True,2001,530508,UNHCR,UNHCR Refugee Population Statistics,https://www.unhcr.org/refugee-statistics/,2026-09-10T00:36:24+00:00
IRQ,Iraq,displacement_idps,Internally displaced persons,Context,Displacement,Context,Internally displaced persons of concern to UNHCR in the country,people,True,2001,0,UNHCR,UNHCR Refugee Population Statistics,https://www.unhcr.org/refugee-statistics/,2026-09-10T00:36:24+00:00
IRQ,Iraq,displacement_refugees_origin,Refugees (from country),Context,Displacement,Context,Refugees under UNHCR's mandate originating from the country,people,True,2002,422504,UNHCR,UNHCR Refugee Population Statistics,https://www.unhcr.org/refugee-statistics/,2026-09-10T00:36:24+00:00
IRQ,Iraq,displacement_idps,Internally displaced persons,Context,Displacement,Context,Internally displaced persons of concern to UNHCR in the country,people,True,2002,0,UNHCR,UNHCR Refugee Population Statistics,https://www.unhcr.org/refugee-statistics/,2026-09-10T00:36:24+00:00
IRQ,Iraq,displacement_refugees_origin,Refugees (from country),Context,Displacement,Context,Refugees under UNHCR's mandate originating from the country,people,True,2003,368577,UNHCR,UNHCR Refugee Population Statistics,https://www.unhcr.org/refugee-statistics/,2026-09-10T00:36:24+00:00
IRQ,Iraq,displacement_idps,Internally displaced persons,Context,Displacement,Context,Internally displaced persons of concern to UNHCR in the country,people,True,2003,0,UNHCR,UNHCR Refugee Population Statistics,https://www.unhcr.org/refugee-statistics/,2026-09-10T00:36:24+00:00
IRQ,Iraq,displacement_refugees_origin,Refugees (from country),Context,Displacement,Context,Refugees under UNHCR's mandate originating from the country,people,True,2004,311889,UNHCR,UNHCR Refugee Population Statistics,https://www.unhcr.org/refugee-statistics/,2026-09-10T00:36:24+00:00
IRQ,Iraq,displacement_idps,Internally displaced persons,Context,Displacement,Context,Internally displaced persons of concern to UNHCR in the country,people,True,2004,0,UNHCR,UNHCR Refugee Population Statistics,https://www.unhcr.org/refugee-statistics/,2026-09-10T00:36:24+00:00
IRQ,Iraq,displacement_refugees_origin,Refugees (from country),Context,Displacement,Context,Refugees under UNHCR's mandate originating from the country,people,True,2005,262302,UNHCR,UNHCR Refugee Population Statistics,https://www.unhcr.org/refugee-statistics/,2026-09-10T00:36:24+00:00
IRQ,Iraq,displacement_idps,Internally displaced persons,Context,Displacement,Context,Internally displaced persons of concern to UNHCR in the country,people,True,2005,1200000,UNHCR,UNHCR Refugee Population Statistics,https://www.unhcr.org/refugee-statistics/,2026-09-10T00:36:24+00:00
IRQ,Iraq,displacement_refugees_origin,Refugees (from country),Context,Displacement,Context,Refugees under UNHCR's mandate originating from the country,people,True,2006,1450908,UNHCR,UNHCR Refugee Population Statistics,https://www.unhcr.org/refugee-statistics/,2026-09-10T00:36:24+00:00
IRQ,Iraq,displacement_idps,Internally displaced persons,Context,Displacement,Context,Internally displaced persons of concern to UNHCR in the country,people,True,2006,1834368,UNHCR,UNHCR Refugee Population Statistics,https://www.unhcr.org/refugee-statistics/,2026-09-10T00:36:24+00:00
IRQ,Iraq,displacement_refugees_origin,Refugees (from country),Context,Displacement,Context,Refugees under UNHCR's mandate originating from the country,people,True,2007,2309246,UNHCR,UNHCR Refugee Population Statistics,https://www.unhcr.org/refugee-statistics/,2026-09-10T00:36:24+00:00
IRQ,Iraq,displacement_idps,Internally displaced persons,Context,Displacement,Context,Internally displaced persons of concern to UNHCR in the country,people,True,2007,2385865,UNHCR,UNHCR Refugee Population Statistics,https://www.unhcr.org/refugee-statistics/,2026-09-10T00:36:24+00:00
IRQ,Iraq,displacement_refugees_origin,Refugees (from country),Context,Displacement,Context,Refugees under UNHCR's mandate originating from the country,people,True,2008,1903516,UNHCR,UNHCR Refugee Population Statistics,https://www.unhcr.org/refugee-statistics/,2026-09-10T00:36:24+00:00
IRQ,Iraq,displacement_idps,Internally displaced persons,Context,Displacement,Context,Internally displaced persons of concern to UNHCR in the country,people,True,2008,2647251,UNHCR,UNHCR Refugee Population Statistics,https://www.unhcr.org/refugee-statistics/,2026-09-10T00:36:24+00:00
IRQ,Iraq,displacement_refugees_origin,Refugees (from country),Context,Displacement,Context,Refugees under UNHCR's mandate originating from the country,people,True,2009,1785215,UNHCR,UNHCR Refugee Population Statistics,https://www.unhcr.org/refugee-statistics/,2026-09-10T00:36:24+00:00
IRQ,Iraq,displacement_idps,Internally displaced persons,Context,Displacement,Context,Internally displaced persons of concern to UNHCR in the country,people,True,2009,1552003,UNHCR,UNHCR Refugee Population Statistics,https://www.unhcr.org/refugee-statistics/,2026-09-10T00:36:24+00:00
IRQ,Iraq,displacement_refugees_origin,Refugees (from country),Context,Displacement,Context,Refugees under UNHCR's mandate originating from the country,people,True,2010,1683576,UNHCR,UNHCR Refugee Population Statistics,https://www.unhcr.org/refugee-statistics/,2026-09-10T00:36:24+00:00
IRQ,Iraq,displacement_idps,Internally displaced persons,Context,Displacement,Context,Internally displaced persons of concern to UNHCR in the country,people,True,2010,1343568,UNHCR,UNHCR Refugee Population Statistics,https://www.unhcr.org/refugee-statistics/,2026-09-10T00:36:24+00:00
IRQ,Iraq,displacement_refugees_origin,Refugees (from country),Context,Displacement,Context,Refugees under UNHCR's mandate originating from the country,people,True,2011,1428306,UNHCR,UNHCR Refugee Population Statistics,https://www.unhcr.org/refugee-statistics/,2026-09-10T00:36:24+00:00
IRQ,Iraq,displacement_idps,Internally displaced persons,Context,Displacement,Context,Internally displaced persons of concern to UNHCR in the country,people,True,2011,1332382,UNHCR,UNHCR Refugee Population Statistics,https://www.unhcr.org/refugee-statistics/,2026-09-10T00:36:24+00:00
IRQ,Iraq,displacement_refugees_origin,Refugees (from country),Context,Displacement,Context,Refugees under UNHCR's mandate originating from the country,people,True,2012,746204,UNHCR,UNHCR Refugee Population Statistics,https://www.unhcr.org/refugee-statistics/,2026-09-10T00:36:24+00:00
IRQ,Iraq,displacement_idps,Internally displaced persons,Context,Displacement,Context,Internally displaced persons of concern to UNHCR in the country,people,True,2012,1131810,UNHCR,UNHCR Refugee Population Statistics,https://www.unhcr.org/refugee-statistics/,2026-09-10T00:36:24+00:00
IRQ,Iraq,displacement_refugees_origin,Refugees (from country),Context,Displacement,Context,Refugees under UNHCR's mandate originating from the country,people,True,2013,401461,UNHCR,UNHCR Refugee Population Statistics,https://www.unhcr.org/refugee-statistics/,2026-09-10T00:36:24+00:00
IRQ,Iraq,displacement_idps,Internally displaced persons,Context,Displacement,Context,Internally displaced persons of concern to UNHCR in the country,people,True,2013,954128,UNHCR,UNHCR Refugee Population Statistics,https://www.unhcr.org/refugee-statistics/,2026-09-10T00:36:24+00:00
IRQ,Iraq,displacement_refugees_origin,Refugees (from country),Context,Displacement,Context,Refugees under UNHCR's mandate originating from the country,people,True,2014,369960,UNHCR,UNHCR Refugee Population Statistics,https://www.unhcr.org/refugee-statistics/,2026-09-10T00:36:24+00:00
IRQ,Iraq,displacement_idps,Internally displaced persons,Context,Displacement,Context,Internally displaced persons of concern to UNHCR in the country,people,True,2014,3596356,UNHCR,UNHCR Refugee Population Statistics,https://www.unhcr.org/refugee-statistics/,2026-09-10T00:36:24+00:00
IRQ,Iraq,displacement_refugees_origin,Refugees (from country),Context,Displacement,Context,Refugees under UNHCR's mandate originating from the country,people,True,2015,264086,UNHCR,UNHCR Refugee Population Statistics,https://www.unhcr.org/refugee-statistics/,2026-09-10T00:36:24+00:00
IRQ,Iraq,displacement_idps,Internally displaced persons,Context,Displacement,Context,Internally displaced persons of concern to UNHCR in the country,people,True,2015,4403287,UNHCR,UNHCR Refugee Population Statistics,https://www.unhcr.org/refugee-statistics/,2026-09-10T00:36:24+00:00
IRQ,Iraq,displacement_refugees_origin,Refugees (from country),Context,Displacement,Context,Refugees under UNHCR's mandate originating from the country,people,True,2016,316056,UNHCR,UNHCR Refugee Population Statistics,https://www.unhcr.org/refugee-statistics/,2026-09-10T00:36:24+00:00
IRQ,Iraq,displacement_idps,Internally displaced persons,Context,Displacement,Context,Internally displaced persons of concern to UNHCR in the country,people,True,2016,3604285,UNHCR,UNHCR Refugee Population Statistics,https://www.unhcr.org/refugee-statistics/,2026-09-10T00:36:24+00:00
IRQ,Iraq,displacement_refugees_origin,Refugees (from country),Context,Displacement,Context,Refugees under UNHCR's mandate originating from the country,people,True,2017,362536,UNHCR,UNHCR Refugee Population Statistics,https://www.unhcr.org/refugee-statistics/,2026-09-10T00:36:24+00:00
IRQ,Iraq,displacement_idps,Internally displaced persons,Context,Displacement,Context,Internally displaced persons of concern to UNHCR in the country,people,True,2017,2615988,UNHCR,UNHCR Refugee Population Statistics,https://www.unhcr.org/refugee-statistics/,2026-09-10T00:36:24+00:00
IRQ,Iraq,displacement_refugees_origin,Refugees (from country),Context,Displacement,Context,Refugees under UNHCR's mandate originating from the country,people,True,2018,372332,UNHCR,UNHCR Refugee Population Statistics,https://www.unhcr.org/refugee-statistics/,2026-09-10T00:36:24+00:00
IRQ,Iraq,displacement_idps,Internally displaced persons,Context,Displacement,Context,Internally displaced persons of concern to UNHCR in the country,people,True,2018,1802832,UNHCR,UNHCR Refugee Population Statistics,https://www.unhcr.org/refugee-statistics/,2026-09-10T00:36:24+00:00
IRQ,Iraq,displacement_refugees_origin,Refugees (from country),Context,Displacement,Context,Refugees under UNHCR's mandate originating from the country,people,True,2019,336274,UNHCR,UNHCR Refugee Population Statistics,https://www.unhcr.org/refugee-statistics/,2026-09-10T00:36:24+00:00
IRQ,Iraq,displacement_idps,Internally displaced persons,Context,Displacement,Context,Internally displaced persons of concern to UNHCR in the country,people,True,2019,1414632,UNHCR,UNHCR Refugee Population Statistics,https://www.unhcr.org/refugee-statistics/,2026-09-10T00:36:24+00:00
IRQ,Iraq,displacement_refugees_origin,Refugees (from country),Context,Displacement,Context,Refugees under UNHCR's mandate originating from the country,people,True,2020,333200,UNHCR,UNHCR Refugee Population Statistics,https://www.unhcr.org/refugee-statistics/,2026-09-10T00:36:24+00:00
IRQ,Iraq,displacement_idps,Internally displaced persons,Context,Displacement,Context,Internally displaced persons of concern to UNHCR in the country,people,True,2020,1224108,UNHCR,UNHCR Refugee Population Statistics,https://www.unhcr.org/refugee-statistics/,2026-09-10T00:36:24+00:00
IRQ,Iraq,displacement_refugees_origin,Refugees (from country),Context,Displacement,Context,Refugees under UNHCR's mandate originating from the country,people,True,2021,343899,UNHCR,UNHCR Refugee Population Statistics,https://www.unhcr.org/refugee-statistics/,2026-09-10T00:36:24+00:00
IRQ,Iraq,displacement_idps,Internally displaced persons,Context,Displacement,Context,Internally displaced persons of concern to UNHCR in the country,people,True,2021,1186556,UNHCR,UNHCR Refugee Population Statistics,https://www.unhcr.org/refugee-statistics/,2026-09-10T00:36:24+00:00
IRQ,Iraq,displacement_refugees_origin,Refugees (from country),Context,Displacement,Context,Refugees under UNHCR's mandate originating from the country,people,True,2022,287446,UNHCR,UNHCR Refugee Population Statistics,https://www.unhcr.org/refugee-statistics/,2026-09-10T00:36:24+00:00
IRQ,Iraq,displacement_idps,Internally displaced persons,Context,Displacement,Context,Internally displaced persons of concern to UNHCR in the country,people,True,2022,1168619,UNHCR,UNHCR Refugee Population Statistics,https://www.unhcr.org/refugee-statistics/,2026-09-10T00:36:24+00:00
IRQ,Iraq,displacement_refugees_origin,Refugees (from country),Context,Displacement,Context,Refugees under UNHCR's mandate originating from the country,people,True,2023,329032,UNHCR,UNHCR Refugee Population Statistics,https://www.unhcr.org/refugee-statistics/,2026-09-10T00:36:24+00:00
IRQ,Iraq,displacement_idps,Internally displaced persons,Context,Displacement,Context,Internally displaced persons of concern to UNHCR in the country,people,True,2023,1123663,UNHCR,UNHCR Refugee Population Statistics,https://www.unhcr.org/refugee-statistics/,2026-09-10T00:36:24+00:00
IRQ,Iraq,displacement_refugees_origin,Refugees (from country),Context,Displacement,Context,Refugees under UNHCR's mandate originating from the country,people,True,2024,305504,UNHCR,UNHCR Refugee Population Statistics,https://www.unhcr.org/refugee-statistics/,2026-09-10T00:36:24+00:00
IRQ,Iraq,displacement_idps,Internally displaced persons,Context,Displacement,Context,Internally displaced persons of concern to UNHCR in the country,people,True,2024,1031475,UNHCR,UNHCR Refugee Population Statistics,https://www.unhcr.org/refugee-statistics/,2026-09-10T00:36:24+00:00
IRQ,Iraq,displacement_refugees_hosted,Refugees (hosted),Context,Displacement,Context,Refugees under UNHCR's mandate hosted in the country (by country of asylum),people,True,2000,127787,UNHCR,UNHCR Refugee Population Statistics,https://www.unhcr.org/refugee-statistics/,2026-09-10T00:36:24+00:00
IRQ,Iraq,displacement_refugees_hosted,Refugees (hosted),Context,Displacement,Context,Refugees under UNHCR's mandate hosted in the country (by country of asylum),people,True,2001,128142,UNHCR,UNHCR Refugee Population Statistics,https://www.unhcr.org/refugee-statistics/,2026-09-10T00:36:24+00:00
IRQ,Iraq,displacement_refugees_hosted,Refugees (hosted),Context,Displacement,Context,Refugees under UNHCR's mandate hosted in the country (by country of asylum),people,True,2002,134190,UNHCR,UNHCR Refugee Population Statistics,https://www.unhcr.org/refugee-statistics/,2026-09-10T00:36:24+00:00
IRQ,Iraq,displacement_refugees_hosted,Refugees (hosted),Context,Displacement,Context,Refugees under UNHCR's mandate hosted in the country (by country of asylum),people,True,2003,46721,UNHCR,UNHCR Refugee Population Statistics,https://www.unhcr.org/refugee-statistics/,2026-09-10T00:36:24+00:00
IRQ,Iraq,displacement_refugees_hosted,Refugees (hosted),Context,Displacement,Context,Refugees under UNHCR's mandate hosted in the country (by country of asylum),people,True,2004,46053,UNHCR,UNHCR Refugee Population Statistics,https://www.unhcr.org/refugee-statistics/,2026-09-10T00:36:24+00:00
IRQ,Iraq,displacement_refugees_hosted,Refugees (hosted),Context,Displacement,Context,Refugees under UNHCR's mandate hosted in the country (by country of asylum),people,True,2005,50177,UNHCR,UNHCR Refugee Population Statistics,https://www.unhcr.org/refugee-statistics/,2026-09-10T00:36:24+00:00
IRQ,Iraq,displacement_refugees_hosted,Refugees (hosted),Context,Displacement,Context,Refugees under UNHCR's mandate hosted in the country (by country of asylum),people,True,2006,44406,UNHCR,UNHCR Refugee Population Statistics,https://www.unhcr.org/refugee-statistics/,2026-09-10T00:36:24+00:00
IRQ,Iraq,displacement_refugees_hosted,Refugees (hosted),Context,Displacement,Context,Refugees under UNHCR's mandate hosted in the country (by country of asylum),people,True,2007,42352,UNHCR,UNHCR Refugee Population Statistics,https://www.unhcr.org/refugee-statistics/,2026-09-10T00:36:24+00:00
IRQ,Iraq,displacement_refugees_hosted,Refugees (hosted),Context,Displacement,Context,Refugees under UNHCR's mandate hosted in the country (by country of asylum),people,True,2008,39503,UNHCR,UNHCR Refugee Population Statistics,https://www.unhcr.org/refugee-statistics/,2026-09-10T00:36:24+00:00
IRQ,Iraq,displacement_refugees_hosted,Refugees (hosted),Context,Displacement,Context,Refugees under UNHCR's mandate hosted in the country (by country of asylum),people,True,2009,35213,UNHCR,UNHCR Refugee Population Statistics,https://www.unhcr.org/refugee-statistics/,2026-09-10T00:36:24+00:00
IRQ,Iraq,displacement_refugees_hosted,Refugees (hosted),Context,Displacement,Context,Refugees under UNHCR's mandate hosted in the country (by country of asylum),people,True,2010,34647,UNHCR,UNHCR Refugee Population Statistics,https://www.unhcr.org/refugee-statistics/,2026-09-10T00:36:24+00:00
IRQ,Iraq,displacement_refugees_hosted,Refugees (hosted),Context,Displacement,Context,Refugees under UNHCR's mandate hosted in the country (by country of asylum),people,True,2011,35184,UNHCR,UNHCR Refugee Population Statistics,https://www.unhcr.org/refugee-statistics/,2026-09-10T00:36:24+00:00
IRQ,Iraq,displacement_refugees_hosted,Refugees (hosted),Context,Displacement,Context,Refugees under UNHCR's mandate hosted in the country (by country of asylum),people,True,2012,98818,UNHCR,UNHCR Refugee Population Statistics,https://www.unhcr.org/refugee-statistics/,2026-09-10T00:36:24+00:00
IRQ,Iraq,displacement_refugees_hosted,Refugees (hosted),Context,Displacement,Context,Refugees under UNHCR's mandate hosted in the country (by country of asylum),people,True,2013,246294,UNHCR,UNHCR Refugee Population Statistics,https://www.unhcr.org/refugee-statistics/,2026-09-10T00:36:24+00:00
IRQ,Iraq,displacement_refugees_hosted,Refugees (hosted),Context,Displacement,Context,Refugees under UNHCR's mandate hosted in the country (by country of asylum),people,True,2014,271137,UNHCR,UNHCR Refugee Population Statistics,https://www.unhcr.org/refugee-statistics/,2026-09-10T00:36:24+00:00
IRQ,Iraq,displacement_refugees_hosted,Refugees (hosted),Context,Displacement,Context,Refugees under UNHCR's mandate hosted in the country (by country of asylum),people,True,2015,277702,UNHCR,UNHCR Refugee Population Statistics,https://www.unhcr.org/refugee-statistics/,2026-09-10T00:36:24+00:00
IRQ,Iraq,displacement_refugees_hosted,Refugees (hosted),Context,Displacement,Context,Refugees under UNHCR's mandate hosted in the country (by country of asylum),people,True,2016,261863,UNHCR,UNHCR Refugee Population Statistics,https://www.unhcr.org/refugee-statistics/,2026-09-10T00:36:24+00:00
IRQ,Iraq,displacement_refugees_hosted,Refugees (hosted),Context,Displacement,Context,Refugees under UNHCR's mandate hosted in the country (by country of asylum),people,True,2017,277668,UNHCR,UNHCR Refugee Population Statistics,https://www.unhcr.org/refugee-statistics/,2026-09-10T00:36:24+00:00
IRQ,Iraq,displacement_refugees_hosted,Refugees (hosted),Context,Displacement,Context,Refugees under UNHCR's mandate hosted in the country (by country of asylum),people,True,2018,283018,UNHCR,UNHCR Refugee Population Statistics,https://www.unhcr.org/refugee-statistics/,2026-09-10T00:36:24+00:00
IRQ,Iraq,displacement_refugees_hosted,Refugees (hosted),Context,Displacement,Context,Refugees under UNHCR's mandate hosted in the country (by country of asylum),people,True,2019,273986,UNHCR,UNHCR Refugee Population Statistics,https://www.unhcr.org/refugee-statistics/,2026-09-10T00:36:24+00:00
IRQ,Iraq,displacement_refugees_hosted,Refugees (hosted),Context,Displacement,Context,Refugees under UNHCR's mandate hosted in the country (by country of asylum),people,True,2020,270377,UNHCR,UNHCR Refugee Population Statistics,https://www.unhcr.org/refugee-statistics/,2026-09-10T00:36:24+00:00
IRQ,Iraq,displacement_refugees_hosted,Refugees (hosted),Context,Displacement,Context,Refugees under UNHCR's mandate hosted in the country (by country of asylum),people,True,2021,280072,UNHCR,UNHCR Refugee Population Statistics,https://www.unhcr.org/refugee-statistics/,2026-09-10T00:36:24+00:00
IRQ,Iraq,displacement_refugees_hosted,Refugees (hosted),Context,Displacement,Context,Refugees under UNHCR's mandate hosted in the country (by country of asylum),people,True,2022,273716,UNHCR,UNHCR Refugee Population Statistics,https://www.unhcr.org/refugee-statistics/,2026-09-10T00:36:24+00:00
IRQ,Iraq,displacement_refugees_hosted,Refugees (hosted),Context,Displacement,Context,Refugees under UNHCR's mandate hosted in the country (by country of asylum),people,True,2023,286480,UNHCR,UNHCR Refugee Population Statistics,https://www.unhcr.org/refugee-statistics/,2026-09-10T00:36:24+00:00
IRQ,Iraq,displacement_refugees_hosted,Refugees (hosted),Context,Displacement,Context,Refugees under UNHCR's mandate hosted in the country (by country of asylum),people,True,2024,318461,UNHCR,UNHCR Refugee Population Statistics,https://www.unhcr.org/refugee-statistics/,2026-09-10T00:36:24+00:00
JOR,Jordan,displacement_refugees_origin,Refugees (from country),Context,Displacement,Context,Refugees under UNHCR's mandate originating from the country,people,True,2000,915,UNHCR,UNHCR Refugee Population Statistics,https://www.unhcr.org/refugee-statistics/,2026-09-10T00:36:24+00:00
JOR,Jordan,displacement_idps,Internally displaced persons,Context,Displacement,Context,Internally displaced persons of concern to UNHCR in the country,people,True,2000,0,UNHCR,UNHCR Refugee Population Statistics,https://www.unhcr.org/refugee-statistics/,2026-09-10T00:36:24+00:00
JOR,Jordan,displacement_refugees_origin,Refugees (from country),Context,Displacement,Context,Refugees under UNHCR's mandate originating from the country,people,True,2001,773,UNHCR,UNHCR Refugee Population Statistics,https://www.unhcr.org/refugee-statistics/,2026-09-10T00:36:24+00:00
JOR,Jordan,displacement_idps,Internally displaced persons,Context,Displacement,Context,Internally displaced persons of concern to UNHCR in the country,people,True,2001,0,UNHCR,UNHCR Refugee Population Statistics,https://www.unhcr.org/refugee-statistics/,2026-09-10T00:36:24+00:00
JOR,Jordan,displacement_refugees_origin,Refugees (from country),Context,Displacement,Context,Refugees under UNHCR's mandate originating from the country,people,True,2002,1280,UNHCR,UNHCR Refugee Population Statistics,https://www.unhcr.org/refugee-statistics/,2026-09-10T00:36:24+00:00
JOR,Jordan,displacement_idps,Internally displaced persons,Context,Displacement,Context,Internally displaced persons of concern to UNHCR in the country,people,True,2002,0,UNHCR,UNHCR Refugee Population Statistics,https://www.unhcr.org/refugee-statistics/,2026-09-10T00:36:24+00:00
JOR,Jordan,displacement_refugees_origin,Refugees (from country),Context,Displacement,Context,Refugees under UNHCR's mandate originating from the country,people,True,2003,1149,UNHCR,UNHCR Refugee Population Statistics,https://www.unhcr.org/refugee-statistics/,2026-09-10T00:36:24+00:00
JOR,Jordan,displacement_idps,Internally displaced persons,Context,Displacement,Context,Internally displaced persons of concern to UNHCR in the country,people,True,2003,0,UNHCR,UNHCR Refugee Population Statistics,https://www.unhcr.org/refugee-statistics/,2026-09-10T00:36:24+00:00
JOR,Jordan,displacement_refugees_origin,Refugees (from country),Context,Displacement,Context,Refugees under UNHCR's mandate originating from the country,people,True,2004,1158,UNHCR,UNHCR Refugee Population Statistics,https://www.unhcr.org/refugee-statistics/,2026-09-10T00:36:24+00:00
JOR,Jordan,displacement_idps,Internally displaced persons,Context,Displacement,Context,Internally displaced persons of concern to UNHCR in the country,people,True,2004,0,UNHCR,UNHCR Refugee Population Statistics,https://www.unhcr.org/refugee-statistics/,2026-09-10T00:36:24+00:00
JOR,Jordan,displacement_refugees_origin,Refugees (from country),Context,Displacement,Context,Refugees under UNHCR's mandate originating from the country,people,True,2005,1778,UNHCR,UNHCR Refugee Population Statistics,https://www.unhcr.org/refugee-statistics/,2026-09-10T00:36:24+00:00
JOR,Jordan,displacement_idps,Internally displaced persons,Context,Displacement,Context,Internally displaced persons of concern to UNHCR in the country,people,True,2005,0,UNHCR,UNHCR Refugee Population Statistics,https://www.unhcr.org/refugee-statistics/,2026-09-10T00:36:24+00:00
JOR,Jordan,displacement_refugees_origin,Refugees (from country),Context,Displacement,Context,Refugees under UNHCR's mandate originating from the country,people,True,2006,1592,UNHCR,UNHCR Refugee Population Statistics,https://www.unhcr.org/refugee-statistics/,2026-09-10T00:36:24+00:00
JOR,Jordan,displacement_idps,Internally displaced persons,Context,Displacement,Context,Internally displaced persons of concern to UNHCR in the country,people,True,2006,0,UNHCR,UNHCR Refugee Population Statistics,https://www.unhcr.org/refugee-statistics/,2026-09-10T00:36:24+00:00
JOR,Jordan,displacement_refugees_origin,Refugees (from country),Context,Displacement,Context,Refugees under UNHCR's mandate originating from the country,people,True,2007,1777,UNHCR,UNHCR Refugee Population Statistics,https://www.unhcr.org/refugee-statistics/,2026-09-10T00:36:24+00:00
JOR,Jordan,displacement_idps,Internally displaced persons,Context,Displacement,Context,Internally displaced persons of concern to UNHCR in the country,people,True,2007,0,UNHCR,UNHCR Refugee Population Statistics,https://www.unhcr.org/refugee-statistics/,2026-09-10T00:36:24+00:00
JOR,Jordan,displacement_refugees_origin,Refugees (from country),Context,Displacement,Context,Refugees under UNHCR's mandate originating from the country,people,True,2008,1882,UNHCR,UNHCR Refugee Population Statistics,https://www.unhcr.org/refugee-statistics/,2026-09-10T00:36:24+00:00
JOR,Jordan,displacement_idps,Internally displaced persons,Context,Displacement,Context,Internally displaced persons of concern to UNHCR in the country,people,True,2008,0,UNHCR,UNHCR Refugee Population Statistics,https://www.unhcr.org/refugee-statistics/,2026-09-10T00:36:24+00:00
JOR,Jordan,displacement_refugees_origin,Refugees (from country),Context,Displacement,Context,Refugees under UNHCR's mandate originating from the country,people,True,2009,2109,UNHCR,UNHCR Refugee Population Statistics,https://www.unhcr.org/refugee-statistics/,2026-09-10T00:36:24+00:00
JOR,Jordan,displacement_idps,Internally displaced persons,Context,Displacement,Context,Internally displaced persons of concern to UNHCR in the country,people,True,2009,0,UNHCR,UNHCR Refugee Population Statistics,https://www.unhcr.org/refugee-statistics/,2026-09-10T00:36:24+00:00
JOR,Jordan,displacement_refugees_origin,Refugees (from country),Context,Displacement,Context,Refugees under UNHCR's mandate originating from the country,people,True,2010,2248,UNHCR,UNHCR Refugee Population Statistics,https://www.unhcr.org/refugee-statistics/,2026-09-10T00:36:24+00:00
JOR,Jordan,displacement_idps,Internally displaced persons,Context,Displacement,Context,Internally displaced persons of concern to UNHCR in the country,people,True,2010,0,UNHCR,UNHCR Refugee Population Statistics,https://www.unhcr.org/refugee-statistics/,2026-09-10T00:36:24+00:00
JOR,Jordan,displacement_refugees_origin,Refugees (from country),Context,Displacement,Context,Refugees under UNHCR's mandate originating from the country,people,True,2011,2242,UNHCR,UNHCR Refugee Population Statistics,https://www.unhcr.org/refugee-statistics/,2026-09-10T00:36:24+00:00
JOR,Jordan,displacement_idps,Internally displaced persons,Context,Displacement,Context,Internally displaced persons of concern to UNHCR in the country,people,True,2011,0,UNHCR,UNHCR Refugee Population Statistics,https://www.unhcr.org/refugee-statistics/,2026-09-10T00:36:24+00:00
JOR,Jordan,displacement_refugees_origin,Refugees (from country),Context,Displacement,Context,Refugees under UNHCR's mandate originating from the country,people,True,2012,2363,UNHCR,UNHCR Refugee Population Statistics,https://www.unhcr.org/refugee-statistics/,2026-09-10T00:36:24+00:00
JOR,Jordan,displacement_idps,Internally displaced persons,Context,Displacement,Context,Internally displaced persons of concern to UNHCR in the country,people,True,2012,0,UNHCR,UNHCR Refugee Population Statistics,https://www.unhcr.org/refugee-statistics/,2026-09-10T00:36:24+00:00
JOR,Jordan,displacement_refugees_origin,Refugees (from country),Context,Displacement,Context,Refugees under UNHCR's mandate originating from the country,people,True,2013,1622,UNHCR,UNHCR Refugee Population Statistics,https://www.unhcr.org/refugee-statistics/,2026-09-10T00:36:24+00:00
JOR,Jordan,displacement_idps,Internally displaced persons,Context,Displacement,Context,Internally displaced persons of concern to UNHCR in the country,people,True,2013,0,UNHCR,UNHCR Refugee Population Statistics,https://www.unhcr.org/refugee-statistics/,2026-09-10T00:36:24+00:00
JOR,Jordan,displacement_refugees_origin,Refugees (from country),Context,Displacement,Context,Refugees under UNHCR's mandate originating from the country,people,True,2014,1711,UNHCR,UNHCR Refugee Population Statistics,https://www.unhcr.org/refugee-statistics/,2026-09-10T00:36:24+00:00
JOR,Jordan,displacement_idps,Internally displaced persons,Context,Displacement,Context,Internally displaced persons of concern to UNHCR in the country,people,True,2014,0,UNHCR,UNHCR Refugee Population Statistics,https://www.unhcr.org/refugee-statistics/,2026-09-10T00:36:24+00:00
JOR,Jordan,displacement_refugees_origin,Refugees (from country),Context,Displacement,Context,Refugees under UNHCR's mandate originating from the country,people,True,2015,1836,UNHCR,UNHCR Refugee Population Statistics,https://www.unhcr.org/refugee-statistics/,2026-09-10T00:36:24+00:00
JOR,Jordan,displacement_idps,Internally displaced persons,Context,Displacement,Context,Internally displaced persons of concern to UNHCR in the country,people,True,2015,0,UNHCR,UNHCR Refugee Population Statistics,https://www.unhcr.org/refugee-statistics/,2026-09-10T00:36:24+00:00
JOR,Jordan,displacement_refugees_origin,Refugees (from country),Context,Displacement,Context,Refugees under UNHCR's mandate originating from the country,people,True,2016,1919,UNHCR,UNHCR Refugee Population Statistics,https://www.unhcr.org/refugee-statistics/,2026-09-10T00:36:24+00:00
JOR,Jordan,displacement_idps,Internally displaced persons,Context,Displacement,Context,Internally displaced persons of concern to UNHCR in the country,people,True,2016,0,UNHCR,UNHCR Refugee Population Statistics,https://www.unhcr.org/refugee-statistics/,2026-09-10T00:36:24+00:00
JOR,Jordan,displacement_refugees_origin,Refugees (from country),Context,Displacement,Context,Refugees under UNHCR's mandate originating from the country,people,True,2017,2119,UNHCR,UNHCR Refugee Population Statistics,https://www.unhcr.org/refugee-statistics/,2026-09-10T00:36:24+00:00
JOR,Jordan,displacement_idps,Internally displaced persons,Context,Displacement,Context,Internally displaced persons of concern to UNHCR in the country,people,True,2017,0,UNHCR,UNHCR Refugee Population Statistics,https://www.unhcr.org/refugee-statistics/,2026-09-10T00:36:24+00:00
JOR,Jordan,displacement_refugees_origin,Refugees (from country),Context,Displacement,Context,Refugees under UNHCR's mandate originating from the country,people,True,2018,2430,UNHCR,UNHCR Refugee Population Statistics,https://www.unhcr.org/refugee-statistics/,2026-09-10T00:36:24+00:00
JOR,Jordan,displacement_idps,Internally displaced persons,Context,Displacement,Context,Internally displaced persons of concern to UNHCR in the country,people,True,2018,0,UNHCR,UNHCR Refugee Population Statistics,https://www.unhcr.org/refugee-statistics/,2026-09-10T00:36:24+00:00
JOR,Jordan,displacement_refugees_origin,Refugees (from country),Context,Displacement,Context,Refugees under UNHCR's mandate originating from the country,people,True,2019,2308,UNHCR,UNHCR Refugee Population Statistics,https://www.unhcr.org/refugee-statistics/,2026-09-10T00:36:24+00:00
JOR,Jordan,displacement_idps,Internally displaced persons,Context,Displacement,Context,Internally displaced persons of concern to UNHCR in the country,people,True,2019,0,UNHCR,UNHCR Refugee Population Statistics,https://www.unhcr.org/refugee-statistics/,2026-09-10T00:36:24+00:00
JOR,Jordan,displacement_refugees_origin,Refugees (from country),Context,Displacement,Context,Refugees under UNHCR's mandate originating from the country,people,True,2020,2486,UNHCR,UNHCR Refugee Population Statistics,https://www.unhcr.org/refugee-statistics/,2026-09-10T00:36:24+00:00
JOR,Jordan,displacement_idps,Internally displaced persons,Context,Displacement,Context,Internally displaced persons of concern to UNHCR in the country,people,True,2020,0,UNHCR,UNHCR Refugee Population Statistics,https://www.unhcr.org/refugee-statistics/,2026-09-10T00:36:24+00:00
JOR,Jordan,displacement_refugees_origin,Refugees (from country),Context,Displacement,Context,Refugees under UNHCR's mandate originating from the country,people,True,2021,2981,UNHCR,UNHCR Refugee Population Statistics,https://www.unhcr.org/refugee-statistics/,2026-09-10T00:36:24+00:00
JOR,Jordan,displacement_idps,Internally displaced persons,Context,Displacement,Context,Internally displaced persons of concern to UNHCR in the country,people,True,2021,0,UNHCR,UNHCR Refugee Population Statistics,https://www.unhcr.org/refugee-statistics/,2026-09-10T00:36:24+00:00
JOR,Jordan,displacement_refugees_origin,Refugees (from country),Context,Displacement,Context,Refugees under UNHCR's mandate originating from the country,people,True,2022,3550,UNHCR,UNHCR Refugee Population Statistics,https://www.unhcr.org/refugee-statistics/,2026-09-10T00:36:24+00:00
JOR,Jordan,displacement_idps,Internally displaced persons,Context,Displacement,Context,Internally displaced persons of concern to UNHCR in the country,people,True,2022,0,UNHCR,UNHCR Refugee Population Statistics,https://www.unhcr.org/refugee-statistics/,2026-09-10T00:36:24+00:00
JOR,Jordan,displacement_refugees_origin,Refugees (from country),Context,Displacement,Context,Refugees under UNHCR's mandate originating from the country,people,True,2023,3978,UNHCR,UNHCR Refugee Population Statistics,https://www.unhcr.org/refugee-statistics/,2026-09-10T00:36:24+00:00
JOR,Jordan,displacement_idps,Internally displaced persons,Context,Displacement,Context,Internally displaced persons of concern to UNHCR in the country,people,True,2023,0,UNHCR,UNHCR Refugee Population Statistics,https://www.unhcr.org/refugee-statistics/,2026-09-10T00:36:24+00:00
JOR,Jordan,displacement_refugees_origin,Refugees (from country),Context,Displacement,Context,Refugees under UNHCR's mandate originating from the country,people,True,2024,4990,UNHCR,UNHCR Refugee Population Statistics,https://www.unhcr.org/refugee-statistics/,2026-09-10T00:36:24+00:00
JOR,Jordan,displacement_idps,Internally displaced persons,Context,Displacement,Context,Internally displaced persons of concern to UNHCR in the country,people,True,2024,0,UNHCR,UNHCR Refugee Population Statistics,https://www.unhcr.org/refugee-statistics/,2026-09-10T00:36:24+00:00
JOR,Jordan,displacement_refugees_hosted,Refugees (hosted),Context,Displacement,Context,Refugees under UNHCR's mandate hosted in the country (by country of asylum),people,True,2000,1064,UNHCR,UNHCR Refugee Population Statistics,https://www.unhcr.org/refugee-statistics/,2026-09-10T00:36:24+00:00
JOR,Jordan,displacement_refugees_hosted,Refugees (hosted),Context,Displacement,Context,Refugees under UNHCR's mandate hosted in the country (by country of asylum),people,True,2001,1062,UNHCR,UNHCR Refugee Population Statistics,https://www.unhcr.org/refugee-statistics/,2026-09-10T00:36:24+00:00
JOR,Jordan,displacement_refugees_hosted,Refugees (hosted),Context,Displacement,Context,Refugees under UNHCR's mandate hosted in the country (by country of asylum),people,True,2002,1198,UNHCR,UNHCR Refugee Population Statistics,https://www.unhcr.org/refugee-statistics/,2026-09-10T00:36:24+00:00
JOR,Jordan,displacement_refugees_hosted,Refugees (hosted),Context,Displacement,Context,Refugees under UNHCR's mandate hosted in the country (by country of asylum),people,True,2003,1195,UNHCR,UNHCR Refugee Population Statistics,https://www.unhcr.org/refugee-statistics/,2026-09-10T00:36:24+00:00
JOR,Jordan,displacement_refugees_hosted,Refugees (hosted),Context,Displacement,Context,Refugees under UNHCR's mandate hosted in the country (by country of asylum),people,True,2004,1096,UNHCR,UNHCR Refugee Population Statistics,https://www.unhcr.org/refugee-statistics/,2026-09-10T00:36:24+00:00
JOR,Jordan,displacement_refugees_hosted,Refugees (hosted),Context,Displacement,Context,Refugees under UNHCR's mandate hosted in the country (by country of asylum),people,True,2005,962,UNHCR,UNHCR Refugee Population Statistics,https://www.unhcr.org/refugee-statistics/,2026-09-10T00:36:24+00:00
JOR,Jordan,displacement_refugees_hosted,Refugees (hosted),Context,Displacement,Context,Refugees under UNHCR's mandate hosted in the country (by country of asylum),people,True,2006,500225,UNHCR,UNHCR Refugee Population Statistics,https://www.unhcr.org/refugee-statistics/,2026-09-10T00:36:24+00:00
JOR,Jordan,displacement_refugees_hosted,Refugees (hosted),Context,Displacement,Context,Refugees under UNHCR's mandate hosted in the country (by country of asylum),people,True,2007,500273,UNHCR,UNHCR Refugee Population Statistics,https://www.unhcr.org/refugee-statistics/,2026-09-10T00:36:24+00:00
JOR,Jordan,displacement_refugees_hosted,Refugees (hosted),Context,Displacement,Context,Refugees under UNHCR's mandate hosted in the country (by country of asylum),people,True,2008,500406,UNHCR,UNHCR Refugee Population Statistics,https://www.unhcr.org/refugee-statistics/,2026-09-10T00:36:24+00:00
JOR,Jordan,displacement_refugees_hosted,Refugees (hosted),Context,Displacement,Context,Refugees under UNHCR's mandate hosted in the country (by country of asylum),people,True,2009,450752,UNHCR,UNHCR Refugee Population Statistics,https://www.unhcr.org/refugee-statistics/,2026-09-10T00:36:24+00:00
JOR,Jordan,displacement_refugees_hosted,Refugees (hosted),Context,Displacement,Context,Refugees under UNHCR's mandate hosted in the country (by country of asylum),people,True,2010,450908,UNHCR,UNHCR Refugee Population Statistics,https://www.unhcr.org/refugee-statistics/,2026-09-10T00:36:24+00:00
JOR,Jordan,displacement_refugees_hosted,Refugees (hosted),Context,Displacement,Context,Refugees under UNHCR's mandate hosted in the country (by country of asylum),people,True,2011,451000,UNHCR,UNHCR Refugee Population Statistics,https://www.unhcr.org/refugee-statistics/,2026-09-10T00:36:24+00:00
JOR,Jordan,displacement_refugees_hosted,Refugees (hosted),Context,Displacement,Context,Refugees under UNHCR's mandate hosted in the country (by country of asylum),people,True,2012,302700,UNHCR,UNHCR Refugee Population Statistics,https://www.unhcr.org/refugee-statistics/,2026-09-10T00:36:24+00:00
JOR,Jordan,displacement_refugees_hosted,Refugees (hosted),Context,Displacement,Context,Refugees under UNHCR's mandate hosted in the country (by country of asylum),people,True,2013,641904,UNHCR,UNHCR Refugee Population Statistics,https://www.unhcr.org/refugee-statistics/,2026-09-10T00:36:24+00:00
JOR,Jordan,displacement_refugees_hosted,Refugees (hosted),Context,Displacement,Context,Refugees under UNHCR's mandate hosted in the country (by country of asylum),people,True,2014,654131,UNHCR,UNHCR Refugee Population Statistics,https://www.unhcr.org/refugee-statistics/,2026-09-10T00:36:24+00:00
JOR,Jordan,displacement_refugees_hosted,Refugees (hosted),Context,Displacement,Context,Refugees under UNHCR's mandate hosted in the country (by country of asylum),people,True,2015,664110,UNHCR,UNHCR Refugee Population Statistics,https://www.unhcr.org/refugee-statistics/,2026-09-10T00:36:24+00:00
JOR,Jordan,displacement_refugees_hosted,Refugees (hosted),Context,Displacement,Context,Refugees under UNHCR's mandate hosted in the country (by country of asylum),people,True,2016,685188,UNHCR,UNHCR Refugee Population Statistics,https://www.unhcr.org/refugee-statistics/,2026-09-10T00:36:24+00:00
JOR,Jordan,displacement_refugees_hosted,Refugees (hosted),Context,Displacement,Context,Refugees under UNHCR's mandate hosted in the country (by country of asylum),people,True,2017,691015,UNHCR,UNHCR Refugee Population Statistics,https://www.unhcr.org/refugee-statistics/,2026-09-10T00:36:24+00:00
JOR,Jordan,displacement_refugees_hosted,Refugees (hosted),Context,Displacement,Context,Refugees under UNHCR's mandate hosted in the country (by country of asylum),people,True,2018,715298,UNHCR,UNHCR Refugee Population Statistics,https://www.unhcr.org/refugee-statistics/,2026-09-10T00:36:24+00:00
JOR,Jordan,displacement_refugees_hosted,Refugees (hosted),Context,Displacement,Context,Refugees under UNHCR's mandate hosted in the country (by country of asylum),people,True,2019,693668,UNHCR,UNHCR Refugee Population Statistics,https://www.unhcr.org/refugee-statistics/,2026-09-10T00:36:24+00:00
JOR,Jordan,displacement_refugees_hosted,Refugees (hosted),Context,Displacement,Context,Refugees under UNHCR's mandate hosted in the country (by country of asylum),people,True,2020,702461,UNHCR,UNHCR Refugee Population Statistics,https://www.unhcr.org/refugee-statistics/,2026-09-10T00:36:24+00:00
JOR,Jordan,displacement_refugees_hosted,Refugees (hosted),Context,Displacement,Context,Refugees under UNHCR's mandate hosted in the country (by country of asylum),people,True,2021,712823,UNHCR,UNHCR Refugee Population Statistics,https://www.unhcr.org/refugee-statistics/,2026-09-10T00:36:24+00:00
JOR,Jordan,displacement_refugees_hosted,Refugees (hosted),Context,Displacement,Context,Refugees under UNHCR's mandate hosted in the country (by country of asylum),people,True,2022,697761,UNHCR,UNHCR Refugee Population Statistics,https://www.unhcr.org/refugee-statistics/,2026-09-10T00:36:24+00:00
JOR,Jordan,displacement_refugees_hosted,Refugees (hosted),Context,Displacement,Context,Refugees under UNHCR's mandate hosted in the country (by country of asylum),people,True,2023,684066,UNHCR,UNHCR Refugee Population Statistics,https://www.unhcr.org/refugee-statistics/,2026-09-10T00:36:24+00:00
JOR,Jordan,displacement_refugees_hosted,Refugees (hosted),Context,Displacement,Context,Refugees under UNHCR's mandate hosted in the country (by country of asylum),people,True,2024,643641,UNHCR,UNHCR Refugee Population Statistics,https://www.unhcr.org/refugee-statistics/,2026-09-10T00:36:24+00:00
KWT,Kuwait,displacement_refugees_origin,Refugees (from country),Context,Displacement,Context,Refugees under UNHCR's mandate originating from the country,people,True,2000,688,UNHCR,UNHCR Refugee Population Statistics,https://www.unhcr.org/refugee-statistics/,2026-09-10T00:36:24+00:00
KWT,Kuwait,displacement_idps,Internally displaced persons,Context,Displacement,Context,Internally displaced persons of concern to UNHCR in the country,people,True,2000,0,UNHCR,UNHCR Refugee Population Statistics,https://www.unhcr.org/refugee-statistics/,2026-09-10T00:36:24+00:00
KWT,Kuwait,displacement_refugees_origin,Refugees (from country),Context,Displacement,Context,Refugees under UNHCR's mandate originating from the country,people,True,2001,696,UNHCR,UNHCR Refugee Population Statistics,https://www.unhcr.org/refugee-statistics/,2026-09-10T00:36:24+00:00
KWT,Kuwait,displacement_idps,Internally displaced persons,Context,Displacement,Context,Internally displaced persons of concern to UNHCR in the country,people,True,2001,0,UNHCR,UNHCR Refugee Population Statistics,https://www.unhcr.org/refugee-statistics/,2026-09-10T00:36:24+00:00
KWT,Kuwait,displacement_refugees_origin,Refugees (from country),Context,Displacement,Context,Refugees under UNHCR's mandate originating from the country,people,True,2002,705,UNHCR,UNHCR Refugee Population Statistics,https://www.unhcr.org/refugee-statistics/,2026-09-10T00:36:24+00:00
KWT,Kuwait,displacement_idps,Internally displaced persons,Context,Displacement,Context,Internally displaced persons of concern to UNHCR in the country,people,True,2002,0,UNHCR,UNHCR Refugee Population Statistics,https://www.unhcr.org/refugee-statistics/,2026-09-10T00:36:24+00:00
KWT,Kuwait,displacement_refugees_origin,Refugees (from country),Context,Displacement,Context,Refugees under UNHCR's mandate originating from the country,people,True,2003,615,UNHCR,UNHCR Refugee Population Statistics,https://www.unhcr.org/refugee-statistics/,2026-09-10T00:36:24+00:00
KWT,Kuwait,displacement_idps,Internally displaced persons,Context,Displacement,Context,Internally displaced persons of concern to UNHCR in the country,people,True,2003,0,UNHCR,UNHCR Refugee Population Statistics,https://www.unhcr.org/refugee-statistics/,2026-09-10T00:36:24+00:00
KWT,Kuwait,displacement_refugees_origin,Refugees (from country),Context,Displacement,Context,Refugees under UNHCR's mandate originating from the country,people,True,2004,391,UNHCR,UNHCR Refugee Population Statistics,https://www.unhcr.org/refugee-statistics/,2026-09-10T00:36:24+00:00
KWT,Kuwait,displacement_idps,Internally displaced persons,Context,Displacement,Context,Internally displaced persons of concern to UNHCR in the country,people,True,2004,0,UNHCR,UNHCR Refugee Population Statistics,https://www.unhcr.org/refugee-statistics/,2026-09-10T00:36:24+00:00
KWT,Kuwait,displacement_refugees_origin,Refugees (from country),Context,Displacement,Context,Refugees under UNHCR's mandate originating from the country,people,True,2005,374,UNHCR,UNHCR Refugee Population Statistics,https://www.unhcr.org/refugee-statistics/,2026-09-10T00:36:24+00:00
KWT,Kuwait,displacement_idps,Internally displaced persons,Context,Displacement,Context,Internally displaced persons of concern to UNHCR in the country,people,True,2005,0,UNHCR,UNHCR Refugee Population Statistics,https://www.unhcr.org/refugee-statistics/,2026-09-10T00:36:24+00:00
KWT,Kuwait,displacement_refugees_origin,Refugees (from country),Context,Displacement,Context,Refugees under UNHCR's mandate originating from the country,people,True,2006,610,UNHCR,UNHCR Refugee Population Statistics,https://www.unhcr.org/refugee-statistics/,2026-09-10T00:36:24+00:00
KWT,Kuwait,displacement_idps,Internally displaced persons,Context,Displacement,Context,Internally displaced persons of concern to UNHCR in the country,people,True,2006,0,UNHCR,UNHCR Refugee Population Statistics,https://www.unhcr.org/refugee-statistics/,2026-09-10T00:36:24+00:00
KWT,Kuwait,displacement_refugees_origin,Refugees (from country),Context,Displacement,Context,Refugees under UNHCR's mandate originating from the country,people,True,2007,741,UNHCR,UNHCR Refugee Population Statistics,https://www.unhcr.org/refugee-statistics/,2026-09-10T00:36:24+00:00
KWT,Kuwait,displacement_idps,Internally displaced persons,Context,Displacement,Context,Internally displaced persons of concern to UNHCR in the country,people,True,2007,0,UNHCR,UNHCR Refugee Population Statistics,https://www.unhcr.org/refugee-statistics/,2026-09-10T00:36:24+00:00
KWT,Kuwait,displacement_refugees_origin,Refugees (from country),Context,Displacement,Context,Refugees under UNHCR's mandate originating from the country,people,True,2008,847,UNHCR,UNHCR Refugee Population Statistics,https://www.unhcr.org/refugee-statistics/,2026-09-10T00:36:24+00:00
KWT,Kuwait,displacement_idps,Internally displaced persons,Context,Displacement,Context,Internally displaced persons of concern to UNHCR in the country,people,True,2008,0,UNHCR,UNHCR Refugee Population Statistics,https://www.unhcr.org/refugee-statistics/,2026-09-10T00:36:24+00:00
KWT,Kuwait,displacement_refugees_origin,Refugees (from country),Context,Displacement,Context,Refugees under UNHCR's mandate originating from the country,people,True,2009,936,UNHCR,UNHCR Refugee Population Statistics,https://www.unhcr.org/refugee-statistics/,2026-09-10T00:36:24+00:00
KWT,Kuwait,displacement_idps,Internally displaced persons,Context,Displacement,Context,Internally displaced persons of concern to UNHCR in the country,people,True,2009,0,UNHCR,UNHCR Refugee Population Statistics,https://www.unhcr.org/refugee-statistics/,2026-09-10T00:36:24+00:00
KWT,Kuwait,displacement_refugees_origin,Refugees (from country),Context,Displacement,Context,Refugees under UNHCR's mandate originating from the country,people,True,2010,986,UNHCR,UNHCR Refugee Population Statistics,https://www.unhcr.org/refugee-statistics/,2026-09-10T00:36:24+00:00
KWT,Kuwait,displacement_idps,Internally displaced persons,Context,Displacement,Context,Internally displaced persons of concern to UNHCR in the country,people,True,2010,0,UNHCR,UNHCR Refugee Population Statistics,https://www.unhcr.org/refugee-statistics/,2026-09-10T00:36:24+00:00
KWT,Kuwait,displacement_refugees_origin,Refugees (from country),Context,Displacement,Context,Refugees under UNHCR's mandate originating from the country,people,True,2011,1112,UNHCR,UNHCR Refugee Population Statistics,https://www.unhcr.org/refugee-statistics/,2026-09-10T00:36:24+00:00
KWT,Kuwait,displacement_idps,Internally displaced persons,Context,Displacement,Context,Internally displaced persons of concern to UNHCR in the country,people,True,2011,0,UNHCR,UNHCR Refugee Population Statistics,https://www.unhcr.org/refugee-statistics/,2026-09-10T00:36:24+00:00
KWT,Kuwait,displacement_refugees_origin,Refugees (from country),Context,Displacement,Context,Refugees under UNHCR's mandate originating from the country,people,True,2012,1189,UNHCR,UNHCR Refugee Population Statistics,https://www.unhcr.org/refugee-statistics/,2026-09-10T00:36:24+00:00
KWT,Kuwait,displacement_idps,Internally displaced persons,Context,Displacement,Context,Internally displaced persons of concern to UNHCR in the country,people,True,2012,0,UNHCR,UNHCR Refugee Population Statistics,https://www.unhcr.org/refugee-statistics/,2026-09-10T00:36:24+00:00
KWT,Kuwait,displacement_refugees_origin,Refugees (from country),Context,Displacement,Context,Refugees under UNHCR's mandate originating from the country,people,True,2013,971,UNHCR,UNHCR Refugee Population Statistics,https://www.unhcr.org/refugee-statistics/,2026-09-10T00:36:24+00:00
KWT,Kuwait,displacement_idps,Internally displaced persons,Context,Displacement,Context,Internally displaced persons of concern to UNHCR in the country,people,True,2013,0,UNHCR,UNHCR Refugee Population Statistics,https://www.unhcr.org/refugee-statistics/,2026-09-10T00:36:24+00:00
KWT,Kuwait,displacement_refugees_origin,Refugees (from country),Context,Displacement,Context,Refugees under UNHCR's mandate originating from the country,people,True,2014,974,UNHCR,UNHCR Refugee Population Statistics,https://www.unhcr.org/refugee-statistics/,2026-09-10T00:36:24+00:00
KWT,Kuwait,displacement_idps,Internally displaced persons,Context,Displacement,Context,Internally displaced persons of concern to UNHCR in the country,people,True,2014,0,UNHCR,UNHCR Refugee Population Statistics,https://www.unhcr.org/refugee-statistics/,2026-09-10T00:36:24+00:00
KWT,Kuwait,displacement_refugees_origin,Refugees (from country),Context,Displacement,Context,Refugees under UNHCR's mandate originating from the country,people,True,2015,1076,UNHCR,UNHCR Refugee Population Statistics,https://www.unhcr.org/refugee-statistics/,2026-09-10T00:36:24+00:00
KWT,Kuwait,displacement_idps,Internally displaced persons,Context,Displacement,Context,Internally displaced persons of concern to UNHCR in the country,people,True,2015,0,UNHCR,UNHCR Refugee Population Statistics,https://www.unhcr.org/refugee-statistics/,2026-09-10T00:36:24+00:00
KWT,Kuwait,displacement_refugees_origin,Refugees (from country),Context,Displacement,Context,Refugees under UNHCR's mandate originating from the country,people,True,2016,1013,UNHCR,UNHCR Refugee Population Statistics,https://www.unhcr.org/refugee-statistics/,2026-09-10T00:36:24+00:00
KWT,Kuwait,displacement_idps,Internally displaced persons,Context,Displacement,Context,Internally displaced persons of concern to UNHCR in the country,people,True,2016,0,UNHCR,UNHCR Refugee Population Statistics,https://www.unhcr.org/refugee-statistics/,2026-09-10T00:36:24+00:00
KWT,Kuwait,displacement_refugees_origin,Refugees (from country),Context,Displacement,Context,Refugees under UNHCR's mandate originating from the country,people,True,2017,1097,UNHCR,UNHCR Refugee Population Statistics,https://www.unhcr.org/refugee-statistics/,2026-09-10T00:36:24+00:00
KWT,Kuwait,displacement_idps,Internally displaced persons,Context,Displacement,Context,Internally displaced persons of concern to UNHCR in the country,people,True,2017,0,UNHCR,UNHCR Refugee Population Statistics,https://www.unhcr.org/refugee-statistics/,2026-09-10T00:36:24+00:00
KWT,Kuwait,displacement_refugees_origin,Refugees (from country),Context,Displacement,Context,Refugees under UNHCR's mandate originating from the country,people,True,2018,1251,UNHCR,UNHCR Refugee Population Statistics,https://www.unhcr.org/refugee-statistics/,2026-09-10T00:36:24+00:00
KWT,Kuwait,displacement_idps,Internally displaced persons,Context,Displacement,Context,Internally displaced persons of concern to UNHCR in the country,people,True,2018,0,UNHCR,UNHCR Refugee Population Statistics,https://www.unhcr.org/refugee-statistics/,2026-09-10T00:36:24+00:00
KWT,Kuwait,displacement_refugees_origin,Refugees (from country),Context,Displacement,Context,Refugees under UNHCR's mandate originating from the country,people,True,2019,1300,UNHCR,UNHCR Refugee Population Statistics,https://www.unhcr.org/refugee-statistics/,2026-09-10T00:36:24+00:00
KWT,Kuwait,displacement_idps,Internally displaced persons,Context,Displacement,Context,Internally displaced persons of concern to UNHCR in the country,people,True,2019,0,UNHCR,UNHCR Refugee Population Statistics,https://www.unhcr.org/refugee-statistics/,2026-09-10T00:36:24+00:00
KWT,Kuwait,displacement_refugees_origin,Refugees (from country),Context,Displacement,Context,Refugees under UNHCR's mandate originating from the country,people,True,2020,1422,UNHCR,UNHCR Refugee Population Statistics,https://www.unhcr.org/refugee-statistics/,2026-09-10T00:36:24+00:00
KWT,Kuwait,displacement_idps,Internally displaced persons,Context,Displacement,Context,Internally displaced persons of concern to UNHCR in the country,people,True,2020,0,UNHCR,UNHCR Refugee Population Statistics,https://www.unhcr.org/refugee-statistics/,2026-09-10T00:36:24+00:00
KWT,Kuwait,displacement_refugees_origin,Refugees (from country),Context,Displacement,Context,Refugees under UNHCR's mandate originating from the country,people,True,2021,1702,UNHCR,UNHCR Refugee Population Statistics,https://www.unhcr.org/refugee-statistics/,2026-09-10T00:36:24+00:00
KWT,Kuwait,displacement_idps,Internally displaced persons,Context,Displacement,Context,Internally displaced persons of concern to UNHCR in the country,people,True,2021,0,UNHCR,UNHCR Refugee Population Statistics,https://www.unhcr.org/refugee-statistics/,2026-09-10T00:36:24+00:00
KWT,Kuwait,displacement_refugees_origin,Refugees (from country),Context,Displacement,Context,Refugees under UNHCR's mandate originating from the country,people,True,2022,1981,UNHCR,UNHCR Refugee Population Statistics,https://www.unhcr.org/refugee-statistics/,2026-09-10T00:36:24+00:00
KWT,Kuwait,displacement_idps,Internally displaced persons,Context,Displacement,Context,Internally displaced persons of concern to UNHCR in the country,people,True,2022,0,UNHCR,UNHCR Refugee Population Statistics,https://www.unhcr.org/refugee-statistics/,2026-09-10T00:36:24+00:00
KWT,Kuwait,displacement_refugees_origin,Refugees (from country),Context,Displacement,Context,Refugees under UNHCR's mandate originating from the country,people,True,2023,2276,UNHCR,UNHCR Refugee Population Statistics,https://www.unhcr.org/refugee-statistics/,2026-09-10T00:36:24+00:00
KWT,Kuwait,displacement_idps,Internally displaced persons,Context,Displacement,Context,Internally displaced persons of concern to UNHCR in the country,people,True,2023,0,UNHCR,UNHCR Refugee Population Statistics,https://www.unhcr.org/refugee-statistics/,2026-09-10T00:36:24+00:00
KWT,Kuwait,displacement_refugees_origin,Refugees (from country),Context,Displacement,Context,Refugees under UNHCR's mandate originating from the country,people,True,2024,3019,UNHCR,UNHCR Refugee Population Statistics,https://www.unhcr.org/refugee-statistics/,2026-09-10T00:36:24+00:00
KWT,Kuwait,displacement_idps,Internally displaced persons,Context,Displacement,Context,Internally displaced persons of concern to UNHCR in the country,people,True,2024,0,UNHCR,UNHCR Refugee Population Statistics,https://www.unhcr.org/refugee-statistics/,2026-09-10T00:36:24+00:00
KWT,Kuwait,displacement_refugees_hosted,Refugees (hosted),Context,Displacement,Context,Refugees under UNHCR's mandate hosted in the country (by country of asylum),people,True,2000,2776,UNHCR,UNHCR Refugee Population Statistics,https://www.unhcr.org/refugee-statistics/,2026-09-10T00:36:24+00:00
KWT,Kuwait,displacement_refugees_hosted,Refugees (hosted),Context,Displacement,Context,Refugees under UNHCR's mandate hosted in the country (by country of asylum),people,True,2001,1255,UNHCR,UNHCR Refugee Population Statistics,https://www.unhcr.org/refugee-statistics/,2026-09-10T00:36:24+00:00
KWT,Kuwait,displacement_refugees_hosted,Refugees (hosted),Context,Displacement,Context,Refugees under UNHCR's mandate hosted in the country (by country of asylum),people,True,2002,1521,UNHCR,UNHCR Refugee Population Statistics,https://www.unhcr.org/refugee-statistics/,2026-09-10T00:36:24+00:00
KWT,Kuwait,displacement_refugees_hosted,Refugees (hosted),Context,Displacement,Context,Refugees under UNHCR's mandate hosted in the country (by country of asylum),people,True,2003,1518,UNHCR,UNHCR Refugee Population Statistics,https://www.unhcr.org/refugee-statistics/,2026-09-10T00:36:24+00:00
KWT,Kuwait,displacement_refugees_hosted,Refugees (hosted),Context,Displacement,Context,Refugees under UNHCR's mandate hosted in the country (by country of asylum),people,True,2004,1519,UNHCR,UNHCR Refugee Population Statistics,https://www.unhcr.org/refugee-statistics/,2026-09-10T00:36:24+00:00
KWT,Kuwait,displacement_refugees_hosted,Refugees (hosted),Context,Displacement,Context,Refugees under UNHCR's mandate hosted in the country (by country of asylum),people,True,2005,1523,UNHCR,UNHCR Refugee Population Statistics,https://www.unhcr.org/refugee-statistics/,2026-09-10T00:36:24+00:00
KWT,Kuwait,displacement_refugees_hosted,Refugees (hosted),Context,Displacement,Context,Refugees under UNHCR's mandate hosted in the country (by country of asylum),people,True,2006,49,UNHCR,UNHCR Refugee Population Statistics,https://www.unhcr.org/refugee-statistics/,2026-09-10T00:36:24+00:00
KWT,Kuwait,displacement_refugees_hosted,Refugees (hosted),Context,Displacement,Context,Refugees under UNHCR's mandate hosted in the country (by country of asylum),people,True,2007,38158,UNHCR,UNHCR Refugee Population Statistics,https://www.unhcr.org/refugee-statistics/,2026-09-10T00:36:24+00:00
KWT,Kuwait,displacement_refugees_hosted,Refugees (hosted),Context,Displacement,Context,Refugees under UNHCR's mandate hosted in the country (by country of asylum),people,True,2008,38237,UNHCR,UNHCR Refugee Population Statistics,https://www.unhcr.org/refugee-statistics/,2026-09-10T00:36:24+00:00
KWT,Kuwait,displacement_refugees_hosted,Refugees (hosted),Context,Displacement,Context,Refugees under UNHCR's mandate hosted in the country (by country of asylum),people,True,2009,222,UNHCR,UNHCR Refugee Population Statistics,https://www.unhcr.org/refugee-statistics/,2026-09-10T00:36:24+00:00
KWT,Kuwait,displacement_refugees_hosted,Refugees (hosted),Context,Displacement,Context,Refugees under UNHCR's mandate hosted in the country (by country of asylum),people,True,2010,185,UNHCR,UNHCR Refugee Population Statistics,https://www.unhcr.org/refugee-statistics/,2026-09-10T00:36:24+00:00
KWT,Kuwait,displacement_refugees_hosted,Refugees (hosted),Context,Displacement,Context,Refugees under UNHCR's mandate hosted in the country (by country of asylum),people,True,2011,336,UNHCR,UNHCR Refugee Population Statistics,https://www.unhcr.org/refugee-statistics/,2026-09-10T00:36:24+00:00
KWT,Kuwait,displacement_refugees_hosted,Refugees (hosted),Context,Displacement,Context,Refugees under UNHCR's mandate hosted in the country (by country of asylum),people,True,2012,676,UNHCR,UNHCR Refugee Population Statistics,https://www.unhcr.org/refugee-statistics/,2026-09-10T00:36:24+00:00
KWT,Kuwait,displacement_refugees_hosted,Refugees (hosted),Context,Displacement,Context,Refugees under UNHCR's mandate hosted in the country (by country of asylum),people,True,2013,633,UNHCR,UNHCR Refugee Population Statistics,https://www.unhcr.org/refugee-statistics/,2026-09-10T00:36:24+00:00
KWT,Kuwait,displacement_refugees_hosted,Refugees (hosted),Context,Displacement,Context,Refugees under UNHCR's mandate hosted in the country (by country of asylum),people,True,2014,611,UNHCR,UNHCR Refugee Population Statistics,https://www.unhcr.org/refugee-statistics/,2026-09-10T00:36:24+00:00
KWT,Kuwait,displacement_refugees_hosted,Refugees (hosted),Context,Displacement,Context,Refugees under UNHCR's mandate hosted in the country (by country of asylum),people,True,2015,736,UNHCR,UNHCR Refugee Population Statistics,https://www.unhcr.org/refugee-statistics/,2026-09-10T00:36:24+00:00
KWT,Kuwait,displacement_refugees_hosted,Refugees (hosted),Context,Displacement,Context,Refugees under UNHCR's mandate hosted in the country (by country of asylum),people,True,2016,935,UNHCR,UNHCR Refugee Population Statistics,https://www.unhcr.org/refugee-statistics/,2026-09-10T00:36:24+00:00
KWT,Kuwait,displacement_refugees_hosted,Refugees (hosted),Context,Displacement,Context,Refugees under UNHCR's mandate hosted in the country (by country of asylum),people,True,2017,613,UNHCR,UNHCR Refugee Population Statistics,https://www.unhcr.org/refugee-statistics/,2026-09-10T00:36:24+00:00
KWT,Kuwait,displacement_refugees_hosted,Refugees (hosted),Context,Displacement,Context,Refugees under UNHCR's mandate hosted in the country (by country of asylum),people,True,2018,671,UNHCR,UNHCR Refugee Population Statistics,https://www.unhcr.org/refugee-statistics/,2026-09-10T00:36:24+00:00
KWT,Kuwait,displacement_refugees_hosted,Refugees (hosted),Context,Displacement,Context,Refugees under UNHCR's mandate hosted in the country (by country of asylum),people,True,2019,686,UNHCR,UNHCR Refugee Population Statistics,https://www.unhcr.org/refugee-statistics/,2026-09-10T00:36:24+00:00
KWT,Kuwait,displacement_refugees_hosted,Refugees (hosted),Context,Displacement,Context,Refugees under UNHCR's mandate hosted in the country (by country of asylum),people,True,2020,732,UNHCR,UNHCR Refugee Population Statistics,https://www.unhcr.org/refugee-statistics/,2026-09-10T00:36:24+00:00
KWT,Kuwait,displacement_refugees_hosted,Refugees (hosted),Context,Displacement,Context,Refugees under UNHCR's mandate hosted in the country (by country of asylum),people,True,2021,720,UNHCR,UNHCR Refugee Population Statistics,https://www.unhcr.org/refugee-statistics/,2026-09-10T00:36:24+00:00
KWT,Kuwait,displacement_refugees_hosted,Refugees (hosted),Context,Displacement,Context,Refugees under UNHCR's mandate hosted in the country (by country of asylum),people,True,2022,684,UNHCR,UNHCR Refugee Population Statistics,https://www.unhcr.org/refugee-statistics/,2026-09-10T00:36:24+00:00
KWT,Kuwait,displacement_refugees_hosted,Refugees (hosted),Context,Displacement,Context,Refugees under UNHCR's mandate hosted in the country (by country of asylum),people,True,2023,572,UNHCR,UNHCR Refugee Population Statistics,https://www.unhcr.org/refugee-statistics/,2026-09-10T00:36:24+00:00
KWT,Kuwait,displacement_refugees_hosted,Refugees (hosted),Context,Displacement,Context,Refugees under UNHCR's mandate hosted in the country (by country of asylum),people,True,2024,488,UNHCR,UNHCR Refugee Population Statistics,https://www.unhcr.org/refugee-statistics/,2026-09-10T00:36:24+00:00
LBN,Lebanon,displacement_refugees_origin,Refugees (from country),Context,Displacement,Context,Refugees under UNHCR's mandate originating from the country,people,True,2000,10208,UNHCR,UNHCR Refugee Population Statistics,https://www.unhcr.org/refugee-statistics/,2026-09-10T00:36:24+00:00
LBN,Lebanon,displacement_idps,Internally displaced persons,Context,Displacement,Context,Internally displaced persons of concern to UNHCR in the country,people,True,2000,0,UNHCR,UNHCR Refugee Population Statistics,https://www.unhcr.org/refugee-statistics/,2026-09-10T00:36:24+00:00
LBN,Lebanon,displacement_refugees_origin,Refugees (from country),Context,Displacement,Context,Refugees under UNHCR's mandate originating from the country,people,True,2001,8754,UNHCR,UNHCR Refugee Population Statistics,https://www.unhcr.org/refugee-statistics/,2026-09-10T00:36:24+00:00
LBN,Lebanon,displacement_idps,Internally displaced persons,Context,Displacement,Context,Internally displaced persons of concern to UNHCR in the country,people,True,2001,0,UNHCR,UNHCR Refugee Population Statistics,https://www.unhcr.org/refugee-statistics/,2026-09-10T00:36:24+00:00
LBN,Lebanon,displacement_refugees_origin,Refugees (from country),Context,Displacement,Context,Refugees under UNHCR's mandate originating from the country,people,True,2002,26313,UNHCR,UNHCR Refugee Population Statistics,https://www.unhcr.org/refugee-statistics/,2026-09-10T00:36:24+00:00
LBN,Lebanon,displacement_idps,Internally displaced persons,Context,Displacement,Context,Internally displaced persons of concern to UNHCR in the country,people,True,2002,0,UNHCR,UNHCR Refugee Population Statistics,https://www.unhcr.org/refugee-statistics/,2026-09-10T00:36:24+00:00
LBN,Lebanon,displacement_refugees_origin,Refugees (from country),Context,Displacement,Context,Refugees under UNHCR's mandate originating from the country,people,True,2003,24929,UNHCR,UNHCR Refugee Population Statistics,https://www.unhcr.org/refugee-statistics/,2026-09-10T00:36:24+00:00
LBN,Lebanon,displacement_idps,Internally displaced persons,Context,Displacement,Context,Internally displaced persons of concern to UNHCR in the country,people,True,2003,0,UNHCR,UNHCR Refugee Population Statistics,https://www.unhcr.org/refugee-statistics/,2026-09-10T00:36:24+00:00
LBN,Lebanon,displacement_refugees_origin,Refugees (from country),Context,Displacement,Context,Refugees under UNHCR's mandate originating from the country,people,True,2004,19854,UNHCR,UNHCR Refugee Population Statistics,https://www.unhcr.org/refugee-statistics/,2026-09-10T00:36:24+00:00
LBN,Lebanon,displacement_idps,Internally displaced persons,Context,Displacement,Context,Internally displaced persons of concern to UNHCR in the country,people,True,2004,0,UNHCR,UNHCR Refugee Population Statistics,https://www.unhcr.org/refugee-statistics/,2026-09-10T00:36:24+00:00
LBN,Lebanon,displacement_refugees_origin,Refugees (from country),Context,Displacement,Context,Refugees under UNHCR's mandate originating from the country,people,True,2005,18325,UNHCR,UNHCR Refugee Population Statistics,https://www.unhcr.org/refugee-statistics/,2026-09-10T00:36:24+00:00
LBN,Lebanon,displacement_idps,Internally displaced persons,Context,Displacement,Context,Internally displaced persons of concern to UNHCR in the country,people,True,2005,0,UNHCR,UNHCR Refugee Population Statistics,https://www.unhcr.org/refugee-statistics/,2026-09-10T00:36:24+00:00
LBN,Lebanon,displacement_refugees_origin,Refugees (from country),Context,Displacement,Context,Refugees under UNHCR's mandate originating from the country,people,True,2006,12249,UNHCR,UNHCR Refugee Population Statistics,https://www.unhcr.org/refugee-statistics/,2026-09-10T00:36:24+00:00
LBN,Lebanon,displacement_idps,Internally displaced persons,Context,Displacement,Context,Internally displaced persons of concern to UNHCR in the country,people,True,2006,200000,UNHCR,UNHCR Refugee Population Statistics,https://www.unhcr.org/refugee-statistics/,2026-09-10T00:36:24+00:00
LBN,Lebanon,displacement_refugees_origin,Refugees (from country),Context,Displacement,Context,Refugees under UNHCR's mandate originating from the country,people,True,2007,13089,UNHCR,UNHCR Refugee Population Statistics,https://www.unhcr.org/refugee-statistics/,2026-09-10T00:36:24+00:00
LBN,Lebanon,displacement_idps,Internally displaced persons,Context,Displacement,Context,Internally displaced persons of concern to UNHCR in the country,people,True,2007,70000,UNHCR,UNHCR Refugee Population Statistics,https://www.unhcr.org/refugee-statistics/,2026-09-10T00:36:24+00:00
LBN,Lebanon,displacement_refugees_origin,Refugees (from country),Context,Displacement,Context,Refugees under UNHCR's mandate originating from the country,people,True,2008,12966,UNHCR,UNHCR Refugee Population Statistics,https://www.unhcr.org/refugee-statistics/,2026-09-10T00:36:24+00:00
LBN,Lebanon,displacement_idps,Internally displaced persons,Context,Displacement,Context,Internally displaced persons of concern to UNHCR in the country,people,True,2008,0,UNHCR,UNHCR Refugee Population Statistics,https://www.unhcr.org/refugee-statistics/,2026-09-10T00:36:24+00:00
LBN,Lebanon,displacement_refugees_origin,Refugees (from country),Context,Displacement,Context,Refugees under UNHCR's mandate originating from the country,people,True,2009,16250,UNHCR,UNHCR Refugee Population Statistics,https://www.unhcr.org/refugee-statistics/,2026-09-10T00:36:24+00:00
LBN,Lebanon,displacement_idps,Internally displaced persons,Context,Displacement,Context,Internally displaced persons of concern to UNHCR in the country,people,True,2009,0,UNHCR,UNHCR Refugee Population Statistics,https://www.unhcr.org/refugee-statistics/,2026-09-10T00:36:24+00:00
LBN,Lebanon,displacement_refugees_origin,Refugees (from country),Context,Displacement,Context,Refugees under UNHCR's mandate originating from the country,people,True,2010,15864,UNHCR,UNHCR Refugee Population Statistics,https://www.unhcr.org/refugee-statistics/,2026-09-10T00:36:24+00:00
LBN,Lebanon,displacement_idps,Internally displaced persons,Context,Displacement,Context,Internally displaced persons of concern to UNHCR in the country,people,True,2010,0,UNHCR,UNHCR Refugee Population Statistics,https://www.unhcr.org/refugee-statistics/,2026-09-10T00:36:24+00:00
LBN,Lebanon,displacement_refugees_origin,Refugees (from country),Context,Displacement,Context,Refugees under UNHCR's mandate originating from the country,people,True,2011,15004,UNHCR,UNHCR Refugee Population Statistics,https://www.unhcr.org/refugee-statistics/,2026-09-10T00:36:24+00:00
LBN,Lebanon,displacement_idps,Internally displaced persons,Context,Displacement,Context,Internally displaced persons of concern to UNHCR in the country,people,True,2011,0,UNHCR,UNHCR Refugee Population Statistics,https://www.unhcr.org/refugee-statistics/,2026-09-10T00:36:24+00:00
LBN,Lebanon,displacement_refugees_origin,Refugees (from country),Context,Displacement,Context,Refugees under UNHCR's mandate originating from the country,people,True,2012,15100,UNHCR,UNHCR Refugee Population Statistics,https://www.unhcr.org/refugee-statistics/,2026-09-10T00:36:24+00:00
LBN,Lebanon,displacement_idps,Internally displaced persons,Context,Displacement,Context,Internally displaced persons of concern to UNHCR in the country,people,True,2012,0,UNHCR,UNHCR Refugee Population Statistics,https://www.unhcr.org/refugee-statistics/,2026-09-10T00:36:24+00:00
LBN,Lebanon,displacement_refugees_origin,Refugees (from country),Context,Displacement,Context,Refugees under UNHCR's mandate originating from the country,people,True,2013,3809,UNHCR,UNHCR Refugee Population Statistics,https://www.unhcr.org/refugee-statistics/,2026-09-10T00:36:24+00:00
LBN,Lebanon,displacement_idps,Internally displaced persons,Context,Displacement,Context,Internally displaced persons of concern to UNHCR in the country,people,True,2013,0,UNHCR,UNHCR Refugee Population Statistics,https://www.unhcr.org/refugee-statistics/,2026-09-10T00:36:24+00:00
LBN,Lebanon,displacement_refugees_origin,Refugees (from country),Context,Displacement,Context,Refugees under UNHCR's mandate originating from the country,people,True,2014,4262,UNHCR,UNHCR Refugee Population Statistics,https://www.unhcr.org/refugee-statistics/,2026-09-10T00:36:24+00:00
LBN,Lebanon,displacement_idps,Internally displaced persons,Context,Displacement,Context,Internally displaced persons of concern to UNHCR in the country,people,True,2014,0,UNHCR,UNHCR Refugee Population Statistics,https://www.unhcr.org/refugee-statistics/,2026-09-10T00:36:24+00:00
LBN,Lebanon,displacement_refugees_origin,Refugees (from country),Context,Displacement,Context,Refugees under UNHCR's mandate originating from the country,people,True,2015,4353,UNHCR,UNHCR Refugee Population Statistics,https://www.unhcr.org/refugee-statistics/,2026-09-10T00:36:24+00:00
LBN,Lebanon,displacement_idps,Internally displaced persons,Context,Displacement,Context,Internally displaced persons of concern to UNHCR in the country,people,True,2015,0,UNHCR,UNHCR Refugee Population Statistics,https://www.unhcr.org/refugee-statistics/,2026-09-10T00:36:24+00:00
LBN,Lebanon,displacement_refugees_origin,Refugees (from country),Context,Displacement,Context,Refugees under UNHCR's mandate originating from the country,people,True,2016,4719,UNHCR,UNHCR Refugee Population Statistics,https://www.unhcr.org/refugee-statistics/,2026-09-10T00:36:24+00:00
LBN,Lebanon,displacement_idps,Internally displaced persons,Context,Displacement,Context,Internally displaced persons of concern to UNHCR in the country,people,True,2016,0,UNHCR,UNHCR Refugee Population Statistics,https://www.unhcr.org/refugee-statistics/,2026-09-10T00:36:24+00:00
LBN,Lebanon,displacement_refugees_origin,Refugees (from country),Context,Displacement,Context,Refugees under UNHCR's mandate originating from the country,people,True,2017,5301,UNHCR,UNHCR Refugee Population Statistics,https://www.unhcr.org/refugee-statistics/,2026-09-10T00:36:24+00:00
LBN,Lebanon,displacement_idps,Internally displaced persons,Context,Displacement,Context,Internally displaced persons of concern to UNHCR in the country,people,True,2017,0,UNHCR,UNHCR Refugee Population Statistics,https://www.unhcr.org/refugee-statistics/,2026-09-10T00:36:24+00:00
LBN,Lebanon,displacement_refugees_origin,Refugees (from country),Context,Displacement,Context,Refugees under UNHCR's mandate originating from the country,people,True,2018,5620,UNHCR,UNHCR Refugee Population Statistics,https://www.unhcr.org/refugee-statistics/,2026-09-10T00:36:24+00:00
LBN,Lebanon,displacement_idps,Internally displaced persons,Context,Displacement,Context,Internally displaced persons of concern to UNHCR in the country,people,True,2018,0,UNHCR,UNHCR Refugee Population Statistics,https://www.unhcr.org/refugee-statistics/,2026-09-10T00:36:24+00:00
LBN,Lebanon,displacement_refugees_origin,Refugees (from country),Context,Displacement,Context,Refugees under UNHCR's mandate originating from the country,people,True,2019,5647,UNHCR,UNHCR Refugee Population Statistics,https://www.unhcr.org/refugee-statistics/,2026-09-10T00:36:24+00:00
LBN,Lebanon,displacement_idps,Internally displaced persons,Context,Displacement,Context,Internally displaced persons of concern to UNHCR in the country,people,True,2019,0,UNHCR,UNHCR Refugee Population Statistics,https://www.unhcr.org/refugee-statistics/,2026-09-10T00:36:24+00:00
LBN,Lebanon,displacement_refugees_origin,Refugees (from country),Context,Displacement,Context,Refugees under UNHCR's mandate originating from the country,people,True,2020,5495,UNHCR,UNHCR Refugee Population Statistics,https://www.unhcr.org/refugee-statistics/,2026-09-10T00:36:24+00:00
LBN,Lebanon,displacement_idps,Internally displaced persons,Context,Displacement,Context,Internally displaced persons of concern to UNHCR in the country,people,True,2020,0,UNHCR,UNHCR Refugee Population Statistics,https://www.unhcr.org/refugee-statistics/,2026-09-10T00:36:24+00:00
LBN,Lebanon,displacement_refugees_origin,Refugees (from country),Context,Displacement,Context,Refugees under UNHCR's mandate originating from the country,people,True,2021,6061,UNHCR,UNHCR Refugee Population Statistics,https://www.unhcr.org/refugee-statistics/,2026-09-10T00:36:24+00:00
LBN,Lebanon,displacement_idps,Internally displaced persons,Context,Displacement,Context,Internally displaced persons of concern to UNHCR in the country,people,True,2021,0,UNHCR,UNHCR Refugee Population Statistics,https://www.unhcr.org/refugee-statistics/,2026-09-10T00:36:24+00:00
LBN,Lebanon,displacement_refugees_origin,Refugees (from country),Context,Displacement,Context,Refugees under UNHCR's mandate originating from the country,people,True,2022,6794,UNHCR,UNHCR Refugee Population Statistics,https://www.unhcr.org/refugee-statistics/,2026-09-10T00:36:24+00:00
LBN,Lebanon,displacement_idps,Internally displaced persons,Context,Displacement,Context,Internally displaced persons of concern to UNHCR in the country,people,True,2022,0,UNHCR,UNHCR Refugee Population Statistics,https://www.unhcr.org/refugee-statistics/,2026-09-10T00:36:24+00:00
LBN,Lebanon,displacement_refugees_origin,Refugees (from country),Context,Displacement,Context,Refugees under UNHCR's mandate originating from the country,people,True,2023,7392,UNHCR,UNHCR Refugee Population Statistics,https://www.unhcr.org/refugee-statistics/,2026-09-10T00:36:24+00:00
LBN,Lebanon,displacement_idps,Internally displaced persons,Context,Displacement,Context,Internally displaced persons of concern to UNHCR in the country,people,True,2023,0,UNHCR,UNHCR Refugee Population Statistics,https://www.unhcr.org/refugee-statistics/,2026-09-10T00:36:24+00:00
LBN,Lebanon,displacement_refugees_origin,Refugees (from country),Context,Displacement,Context,Refugees under UNHCR's mandate originating from the country,people,True,2024,9534,UNHCR,UNHCR Refugee Population Statistics,https://www.unhcr.org/refugee-statistics/,2026-09-10T00:36:24+00:00
LBN,Lebanon,displacement_idps,Internally displaced persons,Context,Displacement,Context,Internally displaced persons of concern to UNHCR in the country,people,True,2024,123774,UNHCR,UNHCR Refugee Population Statistics,https://www.unhcr.org/refugee-statistics/,2026-09-10T00:36:24+00:00
LBN,Lebanon,displacement_refugees_hosted,Refugees (hosted),Context,Displacement,Context,Refugees under UNHCR's mandate hosted in the country (by country of asylum),people,True,2000,2672,UNHCR,UNHCR Refugee Population Statistics,https://www.unhcr.org/refugee-statistics/,2026-09-10T00:36:24+00:00
LBN,Lebanon,displacement_refugees_hosted,Refugees (hosted),Context,Displacement,Context,Refugees under UNHCR's mandate hosted in the country (by country of asylum),people,True,2001,2816,UNHCR,UNHCR Refugee Population Statistics,https://www.unhcr.org/refugee-statistics/,2026-09-10T00:36:24+00:00
LBN,Lebanon,displacement_refugees_hosted,Refugees (hosted),Context,Displacement,Context,Refugees under UNHCR's mandate hosted in the country (by country of asylum),people,True,2002,2826,UNHCR,UNHCR Refugee Population Statistics,https://www.unhcr.org/refugee-statistics/,2026-09-10T00:36:24+00:00
LBN,Lebanon,displacement_refugees_hosted,Refugees (hosted),Context,Displacement,Context,Refugees under UNHCR's mandate hosted in the country (by country of asylum),people,True,2003,2519,UNHCR,UNHCR Refugee Population Statistics,https://www.unhcr.org/refugee-statistics/,2026-09-10T00:36:24+00:00
LBN,Lebanon,displacement_refugees_hosted,Refugees (hosted),Context,Displacement,Context,Refugees under UNHCR's mandate hosted in the country (by country of asylum),people,True,2004,1753,UNHCR,UNHCR Refugee Population Statistics,https://www.unhcr.org/refugee-statistics/,2026-09-10T00:36:24+00:00
LBN,Lebanon,displacement_refugees_hosted,Refugees (hosted),Context,Displacement,Context,Refugees under UNHCR's mandate hosted in the country (by country of asylum),people,True,2005,1078,UNHCR,UNHCR Refugee Population Statistics,https://www.unhcr.org/refugee-statistics/,2026-09-10T00:36:24+00:00
LBN,Lebanon,displacement_refugees_hosted,Refugees (hosted),Context,Displacement,Context,Refugees under UNHCR's mandate hosted in the country (by country of asylum),people,True,2006,20164,UNHCR,UNHCR Refugee Population Statistics,https://www.unhcr.org/refugee-statistics/,2026-09-10T00:36:24+00:00
LBN,Lebanon,displacement_refugees_hosted,Refugees (hosted),Context,Displacement,Context,Refugees under UNHCR's mandate hosted in the country (by country of asylum),people,True,2007,50330,UNHCR,UNHCR Refugee Population Statistics,https://www.unhcr.org/refugee-statistics/,2026-09-10T00:36:24+00:00
LBN,Lebanon,displacement_refugees_hosted,Refugees (hosted),Context,Displacement,Context,Refugees under UNHCR's mandate hosted in the country (by country of asylum),people,True,2008,50413,UNHCR,UNHCR Refugee Population Statistics,https://www.unhcr.org/refugee-statistics/,2026-09-10T00:36:24+00:00
LBN,Lebanon,displacement_refugees_hosted,Refugees (hosted),Context,Displacement,Context,Refugees under UNHCR's mandate hosted in the country (by country of asylum),people,True,2009,50398,UNHCR,UNHCR Refugee Population Statistics,https://www.unhcr.org/refugee-statistics/,2026-09-10T00:36:24+00:00
LBN,Lebanon,displacement_refugees_hosted,Refugees (hosted),Context,Displacement,Context,Refugees under UNHCR's mandate hosted in the country (by country of asylum),people,True,2010,8045,UNHCR,UNHCR Refugee Population Statistics,https://www.unhcr.org/refugee-statistics/,2026-09-10T00:36:24+00:00
LBN,Lebanon,displacement_refugees_hosted,Refugees (hosted),Context,Displacement,Context,Refugees under UNHCR's mandate hosted in the country (by country of asylum),people,True,2011,8971,UNHCR,UNHCR Refugee Population Statistics,https://www.unhcr.org/refugee-statistics/,2026-09-10T00:36:24+00:00
LBN,Lebanon,displacement_refugees_hosted,Refugees (hosted),Context,Displacement,Context,Refugees under UNHCR's mandate hosted in the country (by country of asylum),people,True,2012,133913,UNHCR,UNHCR Refugee Population Statistics,https://www.unhcr.org/refugee-statistics/,2026-09-10T00:36:24+00:00
LBN,Lebanon,displacement_refugees_hosted,Refugees (hosted),Context,Displacement,Context,Refugees under UNHCR's mandate hosted in the country (by country of asylum),people,True,2013,856539,UNHCR,UNHCR Refugee Population Statistics,https://www.unhcr.org/refugee-statistics/,2026-09-10T00:36:24+00:00
LBN,Lebanon,displacement_refugees_hosted,Refugees (hosted),Context,Displacement,Context,Refugees under UNHCR's mandate hosted in the country (by country of asylum),people,True,2014,1154029,UNHCR,UNHCR Refugee Population Statistics,https://www.unhcr.org/refugee-statistics/,2026-09-10T00:36:24+00:00
LBN,Lebanon,displacement_refugees_hosted,Refugees (hosted),Context,Displacement,Context,Refugees under UNHCR's mandate hosted in the country (by country of asylum),people,True,2015,1070844,UNHCR,UNHCR Refugee Population Statistics,https://www.unhcr.org/refugee-statistics/,2026-09-10T00:36:24+00:00
LBN,Lebanon,displacement_refugees_hosted,Refugees (hosted),Context,Displacement,Context,Refugees under UNHCR's mandate hosted in the country (by country of asylum),people,True,2016,1012959,UNHCR,UNHCR Refugee Population Statistics,https://www.unhcr.org/refugee-statistics/,2026-09-10T00:36:24+00:00
LBN,Lebanon,displacement_refugees_hosted,Refugees (hosted),Context,Displacement,Context,Refugees under UNHCR's mandate hosted in the country (by country of asylum),people,True,2017,998876,UNHCR,UNHCR Refugee Population Statistics,https://www.unhcr.org/refugee-statistics/,2026-09-10T00:36:24+00:00
LBN,Lebanon,displacement_refugees_hosted,Refugees (hosted),Context,Displacement,Context,Refugees under UNHCR's mandate hosted in the country (by country of asylum),people,True,2018,949653,UNHCR,UNHCR Refugee Population Statistics,https://www.unhcr.org/refugee-statistics/,2026-09-10T00:36:24+00:00
LBN,Lebanon,displacement_refugees_hosted,Refugees (hosted),Context,Displacement,Context,Refugees under UNHCR's mandate hosted in the country (by country of asylum),people,True,2019,916141,UNHCR,UNHCR Refugee Population Statistics,https://www.unhcr.org/refugee-statistics/,2026-09-10T00:36:24+00:00
LBN,Lebanon,displacement_refugees_hosted,Refugees (hosted),Context,Displacement,Context,Refugees under UNHCR's mandate hosted in the country (by country of asylum),people,True,2020,870388,UNHCR,UNHCR Refugee Population Statistics,https://www.unhcr.org/refugee-statistics/,2026-09-10T00:36:24+00:00
LBN,Lebanon,displacement_refugees_hosted,Refugees (hosted),Context,Displacement,Context,Refugees under UNHCR's mandate hosted in the country (by country of asylum),people,True,2021,845865,UNHCR,UNHCR Refugee Population Statistics,https://www.unhcr.org/refugee-statistics/,2026-09-10T00:36:24+00:00
LBN,Lebanon,displacement_refugees_hosted,Refugees (hosted),Context,Displacement,Context,Refugees under UNHCR's mandate hosted in the country (by country of asylum),people,True,2022,818861,UNHCR,UNHCR Refugee Population Statistics,https://www.unhcr.org/refugee-statistics/,2026-09-10T00:36:24+00:00
LBN,Lebanon,displacement_refugees_hosted,Refugees (hosted),Context,Displacement,Context,Refugees under UNHCR's mandate hosted in the country (by country of asylum),people,True,2023,788472,UNHCR,UNHCR Refugee Population Statistics,https://www.unhcr.org/refugee-statistics/,2026-09-10T00:36:24+00:00
LBN,Lebanon,displacement_refugees_hosted,Refugees (hosted),Context,Displacement,Context,Refugees under UNHCR's mandate hosted in the country (by country of asylum),people,True,2024,758642,UNHCR,UNHCR Refugee Population Statistics,https://www.unhcr.org/refugee-statistics/,2026-09-10T00:36:24+00:00
LBY,Libya,displacement_refugees_origin,Refugees (from country),Context,Displacement,Context,Refugees under UNHCR's mandate originating from the country,people,True,2000,603,UNHCR,UNHCR Refugee Population Statistics,https://www.unhcr.org/refugee-statistics/,2026-09-10T00:36:24+00:00
LBY,Libya,displacement_idps,Internally displaced persons,Context,Displacement,Context,Internally displaced persons of concern to UNHCR in the country,people,True,2000,0,UNHCR,UNHCR Refugee Population Statistics,https://www.unhcr.org/refugee-statistics/,2026-09-10T00:36:24+00:00
LBY,Libya,displacement_refugees_origin,Refugees (from country),Context,Displacement,Context,Refugees under UNHCR's mandate originating from the country,people,True,2001,877,UNHCR,UNHCR Refugee Population Statistics,https://www.unhcr.org/refugee-statistics/,2026-09-10T00:36:24+00:00
LBY,Libya,displacement_idps,Internally displaced persons,Context,Displacement,Context,Internally displaced persons of concern to UNHCR in the country,people,True,2001,0,UNHCR,UNHCR Refugee Population Statistics,https://www.unhcr.org/refugee-statistics/,2026-09-10T00:36:24+00:00
LBY,Libya,displacement_refugees_origin,Refugees (from country),Context,Displacement,Context,Refugees under UNHCR's mandate originating from the country,people,True,2002,1443,UNHCR,UNHCR Refugee Population Statistics,https://www.unhcr.org/refugee-statistics/,2026-09-10T00:36:24+00:00
LBY,Libya,displacement_idps,Internally displaced persons,Context,Displacement,Context,Internally displaced persons of concern to UNHCR in the country,people,True,2002,0,UNHCR,UNHCR Refugee Population Statistics,https://www.unhcr.org/refugee-statistics/,2026-09-10T00:36:24+00:00
LBY,Libya,displacement_refugees_origin,Refugees (from country),Context,Displacement,Context,Refugees under UNHCR's mandate originating from the country,people,True,2003,1553,UNHCR,UNHCR Refugee Population Statistics,https://www.unhcr.org/refugee-statistics/,2026-09-10T00:36:24+00:00
LBY,Libya,displacement_idps,Internally displaced persons,Context,Displacement,Context,Internally displaced persons of concern to UNHCR in the country,people,True,2003,0,UNHCR,UNHCR Refugee Population Statistics,https://www.unhcr.org/refugee-statistics/,2026-09-10T00:36:24+00:00
LBY,Libya,displacement_refugees_origin,Refugees (from country),Context,Displacement,Context,Refugees under UNHCR's mandate originating from the country,people,True,2004,1696,UNHCR,UNHCR Refugee Population Statistics,https://www.unhcr.org/refugee-statistics/,2026-09-10T00:36:24+00:00
LBY,Libya,displacement_idps,Internally displaced persons,Context,Displacement,Context,Internally displaced persons of concern to UNHCR in the country,people,True,2004,0,UNHCR,UNHCR Refugee Population Statistics,https://www.unhcr.org/refugee-statistics/,2026-09-10T00:36:24+00:00
LBY,Libya,displacement_refugees_origin,Refugees (from country),Context,Displacement,Context,Refugees under UNHCR's mandate originating from the country,people,True,2005,1556,UNHCR,UNHCR Refugee Population Statistics,https://www.unhcr.org/refugee-statistics/,2026-09-10T00:36:24+00:00
LBY,Libya,displacement_idps,Internally displaced persons,Context,Displacement,Context,Internally displaced persons of concern to UNHCR in the country,people,True,2005,0,UNHCR,UNHCR Refugee Population Statistics,https://www.unhcr.org/refugee-statistics/,2026-09-10T00:36:24+00:00
LBY,Libya,displacement_refugees_origin,Refugees (from country),Context,Displacement,Context,Refugees under UNHCR's mandate originating from the country,people,True,2006,1557,UNHCR,UNHCR Refugee Population Statistics,https://www.unhcr.org/refugee-statistics/,2026-09-10T00:36:24+00:00
LBY,Libya,displacement_idps,Internally displaced persons,Context,Displacement,Context,Internally displaced persons of concern to UNHCR in the country,people,True,2006,0,UNHCR,UNHCR Refugee Population Statistics,https://www.unhcr.org/refugee-statistics/,2026-09-10T00:36:24+00:00
LBY,Libya,displacement_refugees_origin,Refugees (from country),Context,Displacement,Context,Refugees under UNHCR's mandate originating from the country,people,True,2007,1939,UNHCR,UNHCR Refugee Population Statistics,https://www.unhcr.org/refugee-statistics/,2026-09-10T00:36:24+00:00
LBY,Libya,displacement_idps,Internally displaced persons,Context,Displacement,Context,Internally displaced persons of concern to UNHCR in the country,people,True,2007,0,UNHCR,UNHCR Refugee Population Statistics,https://www.unhcr.org/refugee-statistics/,2026-09-10T00:36:24+00:00
LBY,Libya,displacement_refugees_origin,Refugees (from country),Context,Displacement,Context,Refugees under UNHCR's mandate originating from the country,people,True,2008,2068,UNHCR,UNHCR Refugee Population Statistics,https://www.unhcr.org/refugee-statistics/,2026-09-10T00:36:24+00:00
LBY,Libya,displacement_idps,Internally displaced persons,Context,Displacement,Context,Internally displaced persons of concern to UNHCR in the country,people,True,2008,0,UNHCR,UNHCR Refugee Population Statistics,https://www.unhcr.org/refugee-statistics/,2026-09-10T00:36:24+00:00
LBY,Libya,displacement_refugees_origin,Refugees (from country),Context,Displacement,Context,Refugees under UNHCR's mandate originating from the country,people,True,2009,2189,UNHCR,UNHCR Refugee Population Statistics,https://www.unhcr.org/refugee-statistics/,2026-09-10T00:36:24+00:00
LBY,Libya,displacement_idps,Internally displaced persons,Context,Displacement,Context,Internally displaced persons of concern to UNHCR in the country,people,True,2009,0,UNHCR,UNHCR Refugee Population Statistics,https://www.unhcr.org/refugee-statistics/,2026-09-10T00:36:24+00:00
LBY,Libya,displacement_refugees_origin,Refugees (from country),Context,Displacement,Context,Refugees under UNHCR's mandate originating from the country,people,True,2010,2297,UNHCR,UNHCR Refugee Population Statistics,https://www.unhcr.org/refugee-statistics/,2026-09-10T00:36:24+00:00
LBY,Libya,displacement_idps,Internally displaced persons,Context,Displacement,Context,Internally displaced persons of concern to UNHCR in the country,people,True,2010,0,UNHCR,UNHCR Refugee Population Statistics,https://www.unhcr.org/refugee-statistics/,2026-09-10T00:36:24+00:00
LBY,Libya,displacement_refugees_origin,Refugees (from country),Context,Displacement,Context,Refugees under UNHCR's mandate originating from the country,people,True,2011,4372,UNHCR,UNHCR Refugee Population Statistics,https://www.unhcr.org/refugee-statistics/,2026-09-10T00:36:24+00:00
LBY,Libya,displacement_idps,Internally displaced persons,Context,Displacement,Context,Internally displaced persons of concern to UNHCR in the country,people,True,2011,93565,UNHCR,UNHCR Refugee Population Statistics,https://www.unhcr.org/refugee-statistics/,2026-09-10T00:36:24+00:00
LBY,Libya,displacement_refugees_origin,Refugees (from country),Context,Displacement,Context,Refugees under UNHCR's mandate originating from the country,people,True,2012,5233,UNHCR,UNHCR Refugee Population Statistics,https://www.unhcr.org/refugee-statistics/,2026-09-10T00:36:24+00:00
LBY,Libya,displacement_idps,Internally displaced persons,Context,Displacement,Context,Internally displaced persons of concern to UNHCR in the country,people,True,2012,59425,UNHCR,UNHCR Refugee Population Statistics,https://www.unhcr.org/refugee-statistics/,2026-09-10T00:36:24+00:00
LBY,Libya,displacement_refugees_origin,Refugees (from country),Context,Displacement,Context,Refugees under UNHCR's mandate originating from the country,people,True,2013,3298,UNHCR,UNHCR Refugee Population Statistics,https://www.unhcr.org/refugee-statistics/,2026-09-10T00:36:24+00:00
LBY,Libya,displacement_idps,Internally displaced persons,Context,Displacement,Context,Internally displaced persons of concern to UNHCR in the country,people,True,2013,53579,UNHCR,UNHCR Refugee Population Statistics,https://www.unhcr.org/refugee-statistics/,2026-09-10T00:36:24+00:00
LBY,Libya,displacement_refugees_origin,Refugees (from country),Context,Displacement,Context,Refugees under UNHCR's mandate originating from the country,people,True,2014,4187,UNHCR,UNHCR Refugee Population Statistics,https://www.unhcr.org/refugee-statistics/,2026-09-10T00:36:24+00:00
LBY,Libya,displacement_idps,Internally displaced persons,Context,Displacement,Context,Internally displaced persons of concern to UNHCR in the country,people,True,2014,363067,UNHCR,UNHCR Refugee Population Statistics,https://www.unhcr.org/refugee-statistics/,2026-09-10T00:36:24+00:00
LBY,Libya,displacement_refugees_origin,Refugees (from country),Context,Displacement,Context,Refugees under UNHCR's mandate originating from the country,people,True,2015,6077,UNHCR,UNHCR Refugee Population Statistics,https://www.unhcr.org/refugee-statistics/,2026-09-10T00:36:24+00:00
LBY,Libya,displacement_idps,Internally displaced persons,Context,Displacement,Context,Internally displaced persons of concern to UNHCR in the country,people,True,2015,434869,UNHCR,UNHCR Refugee Population Statistics,https://www.unhcr.org/refugee-statistics/,2026-09-10T00:36:24+00:00
LBY,Libya,displacement_refugees_origin,Refugees (from country),Context,Displacement,Context,Refugees under UNHCR's mandate originating from the country,people,True,2016,8831,UNHCR,UNHCR Refugee Population Statistics,https://www.unhcr.org/refugee-statistics/,2026-09-10T00:36:24+00:00
LBY,Libya,displacement_idps,Internally displaced persons,Context,Displacement,Context,Internally displaced persons of concern to UNHCR in the country,people,True,2016,174510,UNHCR,UNHCR Refugee Population Statistics,https://www.unhcr.org/refugee-statistics/,2026-09-10T00:36:24+00:00
LBY,Libya,displacement_refugees_origin,Refugees (from country),Context,Displacement,Context,Refugees under UNHCR's mandate originating from the country,people,True,2017,11205,UNHCR,UNHCR Refugee Population Statistics,https://www.unhcr.org/refugee-statistics/,2026-09-10T00:36:24+00:00
LBY,Libya,displacement_idps,Internally displaced persons,Context,Displacement,Context,Internally displaced persons of concern to UNHCR in the country,people,True,2017,180937,UNHCR,UNHCR Refugee Population Statistics,https://www.unhcr.org/refugee-statistics/,2026-09-10T00:36:24+00:00
LBY,Libya,displacement_refugees_origin,Refugees (from country),Context,Displacement,Context,Refugees under UNHCR's mandate originating from the country,people,True,2018,13868,UNHCR,UNHCR Refugee Population Statistics,https://www.unhcr.org/refugee-statistics/,2026-09-10T00:36:24+00:00
LBY,Libya,displacement_idps,Internally displaced persons,Context,Displacement,Context,Internally displaced persons of concern to UNHCR in the country,people,True,2018,170491,UNHCR,UNHCR Refugee Population Statistics,https://www.unhcr.org/refugee-statistics/,2026-09-10T00:36:24+00:00
LBY,Libya,displacement_refugees_origin,Refugees (from country),Context,Displacement,Context,Refugees under UNHCR's mandate originating from the country,people,True,2019,16033,UNHCR,UNHCR Refugee Population Statistics,https://www.unhcr.org/refugee-statistics/,2026-09-10T00:36:24+00:00
LBY,Libya,displacement_idps,Internally displaced persons,Context,Displacement,Context,Internally displaced persons of concern to UNHCR in the country,people,True,2019,355672,UNHCR,UNHCR Refugee Population Statistics,https://www.unhcr.org/refugee-statistics/,2026-09-10T00:36:24+00:00
LBY,Libya,displacement_refugees_origin,Refugees (from country),Context,Displacement,Context,Refugees under UNHCR's mandate originating from the country,people,True,2020,17523,UNHCR,UNHCR Refugee Population Statistics,https://www.unhcr.org/refugee-statistics/,2026-09-10T00:36:24+00:00
LBY,Libya,displacement_idps,Internally displaced persons,Context,Displacement,Context,Internally displaced persons of concern to UNHCR in the country,people,True,2020,278177,UNHCR,UNHCR Refugee Population Statistics,https://www.unhcr.org/refugee-statistics/,2026-09-10T00:36:24+00:00
LBY,Libya,displacement_refugees_origin,Refugees (from country),Context,Displacement,Context,Refugees under UNHCR's mandate originating from the country,people,True,2021,19090,UNHCR,UNHCR Refugee Population Statistics,https://www.unhcr.org/refugee-statistics/,2026-09-10T00:36:24+00:00
LBY,Libya,displacement_idps,Internally displaced persons,Context,Displacement,Context,Internally displaced persons of concern to UNHCR in the country,people,True,2021,179047,UNHCR,UNHCR Refugee Population Statistics,https://www.unhcr.org/refugee-statistics/,2026-09-10T00:36:24+00:00
LBY,Libya,displacement_refugees_origin,Refugees (from country),Context,Displacement,Context,Refugees under UNHCR's mandate originating from the country,people,True,2022,17811,UNHCR,UNHCR Refugee Population Statistics,https://www.unhcr.org/refugee-statistics/,2026-09-10T00:36:24+00:00
LBY,Libya,displacement_idps,Internally displaced persons,Context,Displacement,Context,Internally displaced persons of concern to UNHCR in the country,people,True,2022,161613,UNHCR,UNHCR Refugee Population Statistics,https://www.unhcr.org/refugee-statistics/,2026-09-10T00:36:24+00:00
LBY,Libya,displacement_refugees_origin,Refugees (from country),Context,Displacement,Context,Refugees under UNHCR's mandate originating from the country,people,True,2023,17958,UNHCR,UNHCR Refugee Population Statistics,https://www.unhcr.org/refugee-statistics/,2026-09-10T00:36:24+00:00
LBY,Libya,displacement_idps,Internally displaced persons,Context,Displacement,Context,Internally displaced persons of concern to UNHCR in the country,people,True,2023,125802,UNHCR,UNHCR Refugee Population Statistics,https://www.unhcr.org/refugee-statistics/,2026-09-10T00:36:24+00:00
LBY,Libya,displacement_refugees_origin,Refugees (from country),Context,Displacement,Context,Refugees under UNHCR's mandate originating from the country,people,True,2024,17235,UNHCR,UNHCR Refugee Population Statistics,https://www.unhcr.org/refugee-statistics/,2026-09-10T00:36:24+00:00
LBY,Libya,displacement_idps,Internally displaced persons,Context,Displacement,Context,Internally displaced persons of concern to UNHCR in the country,people,True,2024,32791,UNHCR,UNHCR Refugee Population Statistics,https://www.unhcr.org/refugee-statistics/,2026-09-10T00:36:24+00:00
LBY,Libya,displacement_refugees_hosted,Refugees (hosted),Context,Displacement,Context,Refugees under UNHCR's mandate hosted in the country (by country of asylum),people,True,2000,11541,UNHCR,UNHCR Refugee Population Statistics,https://www.unhcr.org/refugee-statistics/,2026-09-10T00:36:24+00:00
LBY,Libya,displacement_refugees_hosted,Refugees (hosted),Context,Displacement,Context,Refugees under UNHCR's mandate hosted in the country (by country of asylum),people,True,2001,11662,UNHCR,UNHCR Refugee Population Statistics,https://www.unhcr.org/refugee-statistics/,2026-09-10T00:36:24+00:00
LBY,Libya,displacement_refugees_hosted,Refugees (hosted),Context,Displacement,Context,Refugees under UNHCR's mandate hosted in the country (by country of asylum),people,True,2002,11666,UNHCR,UNHCR Refugee Population Statistics,https://www.unhcr.org/refugee-statistics/,2026-09-10T00:36:24+00:00
LBY,Libya,displacement_refugees_hosted,Refugees (hosted),Context,Displacement,Context,Refugees under UNHCR's mandate hosted in the country (by country of asylum),people,True,2003,11899,UNHCR,UNHCR Refugee Population Statistics,https://www.unhcr.org/refugee-statistics/,2026-09-10T00:36:24+00:00
LBY,Libya,displacement_refugees_hosted,Refugees (hosted),Context,Displacement,Context,Refugees under UNHCR's mandate hosted in the country (by country of asylum),people,True,2004,12164,UNHCR,UNHCR Refugee Population Statistics,https://www.unhcr.org/refugee-statistics/,2026-09-10T00:36:24+00:00
LBY,Libya,displacement_refugees_hosted,Refugees (hosted),Context,Displacement,Context,Refugees under UNHCR's mandate hosted in the country (by country of asylum),people,True,2005,12164,UNHCR,UNHCR Refugee Population Statistics,https://www.unhcr.org/refugee-statistics/,2026-09-10T00:36:24+00:00
LBY,Libya,displacement_refugees_hosted,Refugees (hosted),Context,Displacement,Context,Refugees under UNHCR's mandate hosted in the country (by country of asylum),people,True,2006,2760,UNHCR,UNHCR Refugee Population Statistics,https://www.unhcr.org/refugee-statistics/,2026-09-10T00:36:24+00:00
LBY,Libya,displacement_refugees_hosted,Refugees (hosted),Context,Displacement,Context,Refugees under UNHCR's mandate hosted in the country (by country of asylum),people,True,2007,4090,UNHCR,UNHCR Refugee Population Statistics,https://www.unhcr.org/refugee-statistics/,2026-09-10T00:36:24+00:00
LBY,Libya,displacement_refugees_hosted,Refugees (hosted),Context,Displacement,Context,Refugees under UNHCR's mandate hosted in the country (by country of asylum),people,True,2008,6713,UNHCR,UNHCR Refugee Population Statistics,https://www.unhcr.org/refugee-statistics/,2026-09-10T00:36:24+00:00
LBY,Libya,displacement_refugees_hosted,Refugees (hosted),Context,Displacement,Context,Refugees under UNHCR's mandate hosted in the country (by country of asylum),people,True,2009,9000,UNHCR,UNHCR Refugee Population Statistics,https://www.unhcr.org/refugee-statistics/,2026-09-10T00:36:24+00:00
LBY,Libya,displacement_refugees_hosted,Refugees (hosted),Context,Displacement,Context,Refugees under UNHCR's mandate hosted in the country (by country of asylum),people,True,2010,7922,UNHCR,UNHCR Refugee Population Statistics,https://www.unhcr.org/refugee-statistics/,2026-09-10T00:36:24+00:00
LBY,Libya,displacement_refugees_hosted,Refugees (hosted),Context,Displacement,Context,Refugees under UNHCR's mandate hosted in the country (by country of asylum),people,True,2011,10129,UNHCR,UNHCR Refugee Population Statistics,https://www.unhcr.org/refugee-statistics/,2026-09-10T00:36:24+00:00
LBY,Libya,displacement_refugees_hosted,Refugees (hosted),Context,Displacement,Context,Refugees under UNHCR's mandate hosted in the country (by country of asylum),people,True,2012,7065,UNHCR,UNHCR Refugee Population Statistics,https://www.unhcr.org/refugee-statistics/,2026-09-10T00:36:24+00:00
LBY,Libya,displacement_refugees_hosted,Refugees (hosted),Context,Displacement,Context,Refugees under UNHCR's mandate hosted in the country (by country of asylum),people,True,2013,25561,UNHCR,UNHCR Refugee Population Statistics,https://www.unhcr.org/refugee-statistics/,2026-09-10T00:36:24+00:00
LBY,Libya,displacement_refugees_hosted,Refugees (hosted),Context,Displacement,Context,Refugees under UNHCR's mandate hosted in the country (by country of asylum),people,True,2014,27964,UNHCR,UNHCR Refugee Population Statistics,https://www.unhcr.org/refugee-statistics/,2026-09-10T00:36:24+00:00
LBY,Libya,displacement_refugees_hosted,Refugees (hosted),Context,Displacement,Context,Refugees under UNHCR's mandate hosted in the country (by country of asylum),people,True,2015,9305,UNHCR,UNHCR Refugee Population Statistics,https://www.unhcr.org/refugee-statistics/,2026-09-10T00:36:24+00:00
LBY,Libya,displacement_refugees_hosted,Refugees (hosted),Context,Displacement,Context,Refugees under UNHCR's mandate hosted in the country (by country of asylum),people,True,2016,9311,UNHCR,UNHCR Refugee Population Statistics,https://www.unhcr.org/refugee-statistics/,2026-09-10T00:36:24+00:00
LBY,Libya,displacement_refugees_hosted,Refugees (hosted),Context,Displacement,Context,Refugees under UNHCR's mandate hosted in the country (by country of asylum),people,True,2017,9352,UNHCR,UNHCR Refugee Population Statistics,https://www.unhcr.org/refugee-statistics/,2026-09-10T00:36:24+00:00
LBY,Libya,displacement_refugees_hosted,Refugees (hosted),Context,Displacement,Context,Refugees under UNHCR's mandate hosted in the country (by country of asylum),people,True,2018,8792,UNHCR,UNHCR Refugee Population Statistics,https://www.unhcr.org/refugee-statistics/,2026-09-10T00:36:24+00:00
LBY,Libya,displacement_refugees_hosted,Refugees (hosted),Context,Displacement,Context,Refugees under UNHCR's mandate hosted in the country (by country of asylum),people,True,2019,4730,UNHCR,UNHCR Refugee Population Statistics,https://www.unhcr.org/refugee-statistics/,2026-09-10T00:36:24+00:00
LBY,Libya,displacement_refugees_hosted,Refugees (hosted),Context,Displacement,Context,Refugees under UNHCR's mandate hosted in the country (by country of asylum),people,True,2020,4149,UNHCR,UNHCR Refugee Population Statistics,https://www.unhcr.org/refugee-statistics/,2026-09-10T00:36:24+00:00
LBY,Libya,displacement_refugees_hosted,Refugees (hosted),Context,Displacement,Context,Refugees under UNHCR's mandate hosted in the country (by country of asylum),people,True,2021,3141,UNHCR,UNHCR Refugee Population Statistics,https://www.unhcr.org/refugee-statistics/,2026-09-10T00:36:24+00:00
LBY,Libya,displacement_refugees_hosted,Refugees (hosted),Context,Displacement,Context,Refugees under UNHCR's mandate hosted in the country (by country of asylum),people,True,2022,2208,UNHCR,UNHCR Refugee Population Statistics,https://www.unhcr.org/refugee-statistics/,2026-09-10T00:36:24+00:00
LBY,Libya,displacement_refugees_hosted,Refugees (hosted),Context,Displacement,Context,Refugees under UNHCR's mandate hosted in the country (by country of asylum),people,True,2023,1837,UNHCR,UNHCR Refugee Population Statistics,https://www.unhcr.org/refugee-statistics/,2026-09-10T00:36:24+00:00
LBY,Libya,displacement_refugees_hosted,Refugees (hosted),Context,Displacement,Context,Refugees under UNHCR's mandate hosted in the country (by country of asylum),people,True,2024,200335,UNHCR,UNHCR Refugee Population Statistics,https://www.unhcr.org/refugee-statistics/,2026-09-10T00:36:24+00:00
MRT,Mauritania,displacement_refugees_origin,Refugees (from country),Context,Displacement,Context,Refugees under UNHCR's mandate originating from the country,people,True,2000,29742,UNHCR,UNHCR Refugee Population Statistics,https://www.unhcr.org/refugee-statistics/,2026-09-10T00:36:24+00:00
MRT,Mauritania,displacement_idps,Internally displaced persons,Context,Displacement,Context,Internally displaced persons of concern to UNHCR in the country,people,True,2000,0,UNHCR,UNHCR Refugee Population Statistics,https://www.unhcr.org/refugee-statistics/,2026-09-10T00:36:24+00:00
MRT,Mauritania,displacement_refugees_origin,Refugees (from country),Context,Displacement,Context,Refugees under UNHCR's mandate originating from the country,people,True,2001,29850,UNHCR,UNHCR Refugee Population Statistics,https://www.unhcr.org/refugee-statistics/,2026-09-10T00:36:24+00:00
MRT,Mauritania,displacement_idps,Internally displaced persons,Context,Displacement,Context,Internally displaced persons of concern to UNHCR in the country,people,True,2001,0,UNHCR,UNHCR Refugee Population Statistics,https://www.unhcr.org/refugee-statistics/,2026-09-10T00:36:24+00:00
MRT,Mauritania,displacement_refugees_origin,Refugees (from country),Context,Displacement,Context,Refugees under UNHCR's mandate originating from the country,people,True,2002,30130,UNHCR,UNHCR Refugee Population Statistics,https://www.unhcr.org/refugee-statistics/,2026-09-10T00:36:24+00:00
MRT,Mauritania,displacement_idps,Internally displaced persons,Context,Displacement,Context,Internally displaced persons of concern to UNHCR in the country,people,True,2002,0,UNHCR,UNHCR Refugee Population Statistics,https://www.unhcr.org/refugee-statistics/,2026-09-10T00:36:24+00:00
MRT,Mauritania,displacement_refugees_origin,Refugees (from country),Context,Displacement,Context,Refugees under UNHCR's mandate originating from the country,people,True,2003,30518,UNHCR,UNHCR Refugee Population Statistics,https://www.unhcr.org/refugee-statistics/,2026-09-10T00:36:24+00:00
MRT,Mauritania,displacement_idps,Internally displaced persons,Context,Displacement,Context,Internally displaced persons of concern to UNHCR in the country,people,True,2003,0,UNHCR,UNHCR Refugee Population Statistics,https://www.unhcr.org/refugee-statistics/,2026-09-10T00:36:24+00:00
MRT,Mauritania,displacement_refugees_origin,Refugees (from country),Context,Displacement,Context,Refugees under UNHCR's mandate originating from the country,people,True,2004,31104,UNHCR,UNHCR Refugee Population Statistics,https://www.unhcr.org/refugee-statistics/,2026-09-10T00:36:24+00:00
MRT,Mauritania,displacement_idps,Internally displaced persons,Context,Displacement,Context,Internally displaced persons of concern to UNHCR in the country,people,True,2004,0,UNHCR,UNHCR Refugee Population Statistics,https://www.unhcr.org/refugee-statistics/,2026-09-10T00:36:24+00:00
MRT,Mauritania,displacement_refugees_origin,Refugees (from country),Context,Displacement,Context,Refugees under UNHCR's mandate originating from the country,people,True,2005,31650,UNHCR,UNHCR Refugee Population Statistics,https://www.unhcr.org/refugee-statistics/,2026-09-10T00:36:24+00:00
MRT,Mauritania,displacement_idps,Internally displaced persons,Context,Displacement,Context,Internally displaced persons of concern to UNHCR in the country,people,True,2005,0,UNHCR,UNHCR Refugee Population Statistics,https://www.unhcr.org/refugee-statistics/,2026-09-10T00:36:24+00:00
MRT,Mauritania,displacement_refugees_origin,Refugees (from country),Context,Displacement,Context,Refugees under UNHCR's mandate originating from the country,people,True,2006,33420,UNHCR,UNHCR Refugee Population Statistics,https://www.unhcr.org/refugee-statistics/,2026-09-10T00:36:24+00:00
MRT,Mauritania,displacement_idps,Internally displaced persons,Context,Displacement,Context,Internally displaced persons of concern to UNHCR in the country,people,True,2006,0,UNHCR,UNHCR Refugee Population Statistics,https://www.unhcr.org/refugee-statistics/,2026-09-10T00:36:24+00:00
MRT,Mauritania,displacement_refugees_origin,Refugees (from country),Context,Displacement,Context,Refugees under UNHCR's mandate originating from the country,people,True,2007,33095,UNHCR,UNHCR Refugee Population Statistics,https://www.unhcr.org/refugee-statistics/,2026-09-10T00:36:24+00:00
MRT,Mauritania,displacement_idps,Internally displaced persons,Context,Displacement,Context,Internally displaced persons of concern to UNHCR in the country,people,True,2007,0,UNHCR,UNHCR Refugee Population Statistics,https://www.unhcr.org/refugee-statistics/,2026-09-10T00:36:24+00:00
MRT,Mauritania,displacement_refugees_origin,Refugees (from country),Context,Displacement,Context,Refugees under UNHCR's mandate originating from the country,people,True,2008,45592,UNHCR,UNHCR Refugee Population Statistics,https://www.unhcr.org/refugee-statistics/,2026-09-10T00:36:24+00:00
MRT,Mauritania,displacement_idps,Internally displaced persons,Context,Displacement,Context,Internally displaced persons of concern to UNHCR in the country,people,True,2008,0,UNHCR,UNHCR Refugee Population Statistics,https://www.unhcr.org/refugee-statistics/,2026-09-10T00:36:24+00:00
MRT,Mauritania,displacement_refugees_origin,Refugees (from country),Context,Displacement,Context,Refugees under UNHCR's mandate originating from the country,people,True,2009,39134,UNHCR,UNHCR Refugee Population Statistics,https://www.unhcr.org/refugee-statistics/,2026-09-10T00:36:24+00:00
MRT,Mauritania,displacement_idps,Internally displaced persons,Context,Displacement,Context,Internally displaced persons of concern to UNHCR in the country,people,True,2009,0,UNHCR,UNHCR Refugee Population Statistics,https://www.unhcr.org/refugee-statistics/,2026-09-10T00:36:24+00:00
MRT,Mauritania,displacement_refugees_origin,Refugees (from country),Context,Displacement,Context,Refugees under UNHCR's mandate originating from the country,people,True,2010,37721,UNHCR,UNHCR Refugee Population Statistics,https://www.unhcr.org/refugee-statistics/,2026-09-10T00:36:24+00:00
MRT,Mauritania,displacement_idps,Internally displaced persons,Context,Displacement,Context,Internally displaced persons of concern to UNHCR in the country,people,True,2010,0,UNHCR,UNHCR Refugee Population Statistics,https://www.unhcr.org/refugee-statistics/,2026-09-10T00:36:24+00:00
MRT,Mauritania,displacement_refugees_origin,Refugees (from country),Context,Displacement,Context,Refugees under UNHCR's mandate originating from the country,people,True,2011,39919,UNHCR,UNHCR Refugee Population Statistics,https://www.unhcr.org/refugee-statistics/,2026-09-10T00:36:24+00:00
MRT,Mauritania,displacement_idps,Internally displaced persons,Context,Displacement,Context,Internally displaced persons of concern to UNHCR in the country,people,True,2011,0,UNHCR,UNHCR Refugee Population Statistics,https://www.unhcr.org/refugee-statistics/,2026-09-10T00:36:24+00:00
MRT,Mauritania,displacement_refugees_origin,Refugees (from country),Context,Displacement,Context,Refugees under UNHCR's mandate originating from the country,people,True,2012,33747,UNHCR,UNHCR Refugee Population Statistics,https://www.unhcr.org/refugee-statistics/,2026-09-10T00:36:24+00:00
MRT,Mauritania,displacement_idps,Internally displaced persons,Context,Displacement,Context,Internally displaced persons of concern to UNHCR in the country,people,True,2012,0,UNHCR,UNHCR Refugee Population Statistics,https://www.unhcr.org/refugee-statistics/,2026-09-10T00:36:24+00:00
MRT,Mauritania,displacement_refugees_origin,Refugees (from country),Context,Displacement,Context,Refugees under UNHCR's mandate originating from the country,people,True,2013,34239,UNHCR,UNHCR Refugee Population Statistics,https://www.unhcr.org/refugee-statistics/,2026-09-10T00:36:24+00:00
MRT,Mauritania,displacement_idps,Internally displaced persons,Context,Displacement,Context,Internally displaced persons of concern to UNHCR in the country,people,True,2013,0,UNHCR,UNHCR Refugee Population Statistics,https://www.unhcr.org/refugee-statistics/,2026-09-10T00:36:24+00:00
MRT,Mauritania,displacement_refugees_origin,Refugees (from country),Context,Displacement,Context,Refugees under UNHCR's mandate originating from the country,people,True,2014,34103,UNHCR,UNHCR Refugee Population Statistics,https://www.unhcr.org/refugee-statistics/,2026-09-10T00:36:24+00:00
MRT,Mauritania,displacement_idps,Internally displaced persons,Context,Displacement,Context,Internally displaced persons of concern to UNHCR in the country,people,True,2014,0,UNHCR,UNHCR Refugee Population Statistics,https://www.unhcr.org/refugee-statistics/,2026-09-10T00:36:24+00:00
MRT,Mauritania,displacement_refugees_origin,Refugees (from country),Context,Displacement,Context,Refugees under UNHCR's mandate originating from the country,people,True,2015,34656,UNHCR,UNHCR Refugee Population Statistics,https://www.unhcr.org/refugee-statistics/,2026-09-10T00:36:24+00:00
MRT,Mauritania,displacement_idps,Internally displaced persons,Context,Displacement,Context,Internally displaced persons of concern to UNHCR in the country,people,True,2015,0,UNHCR,UNHCR Refugee Population Statistics,https://www.unhcr.org/refugee-statistics/,2026-09-10T00:36:24+00:00
MRT,Mauritania,displacement_refugees_origin,Refugees (from country),Context,Displacement,Context,Refugees under UNHCR's mandate originating from the country,people,True,2016,36263,UNHCR,UNHCR Refugee Population Statistics,https://www.unhcr.org/refugee-statistics/,2026-09-10T00:36:24+00:00
MRT,Mauritania,displacement_idps,Internally displaced persons,Context,Displacement,Context,Internally displaced persons of concern to UNHCR in the country,people,True,2016,0,UNHCR,UNHCR Refugee Population Statistics,https://www.unhcr.org/refugee-statistics/,2026-09-10T00:36:24+00:00
MRT,Mauritania,displacement_refugees_origin,Refugees (from country),Context,Displacement,Context,Refugees under UNHCR's mandate originating from the country,people,True,2017,36525,UNHCR,UNHCR Refugee Population Statistics,https://www.unhcr.org/refugee-statistics/,2026-09-10T00:36:24+00:00
MRT,Mauritania,displacement_idps,Internally displaced persons,Context,Displacement,Context,Internally displaced persons of concern to UNHCR in the country,people,True,2017,0,UNHCR,UNHCR Refugee Population Statistics,https://www.unhcr.org/refugee-statistics/,2026-09-10T00:36:24+00:00
MRT,Mauritania,displacement_refugees_origin,Refugees (from country),Context,Displacement,Context,Refugees under UNHCR's mandate originating from the country,people,True,2018,37050,UNHCR,UNHCR Refugee Population Statistics,https://www.unhcr.org/refugee-statistics/,2026-09-10T00:36:24+00:00
MRT,Mauritania,displacement_idps,Internally displaced persons,Context,Displacement,Context,Internally displaced persons of concern to UNHCR in the country,people,True,2018,0,UNHCR,UNHCR Refugee Population Statistics,https://www.unhcr.org/refugee-statistics/,2026-09-10T00:36:24+00:00
MRT,Mauritania,displacement_refugees_origin,Refugees (from country),Context,Displacement,Context,Refugees under UNHCR's mandate originating from the country,people,True,2019,37423,UNHCR,UNHCR Refugee Population Statistics,https://www.unhcr.org/refugee-statistics/,2026-09-10T00:36:24+00:00
MRT,Mauritania,displacement_idps,Internally displaced persons,Context,Displacement,Context,Internally displaced persons of concern to UNHCR in the country,people,True,2019,0,UNHCR,UNHCR Refugee Population Statistics,https://www.unhcr.org/refugee-statistics/,2026-09-10T00:36:24+00:00
MRT,Mauritania,displacement_refugees_origin,Refugees (from country),Context,Displacement,Context,Refugees under UNHCR's mandate originating from the country,people,True,2020,37931,UNHCR,UNHCR Refugee Population Statistics,https://www.unhcr.org/refugee-statistics/,2026-09-10T00:36:24+00:00
MRT,Mauritania,displacement_idps,Internally displaced persons,Context,Displacement,Context,Internally displaced persons of concern to UNHCR in the country,people,True,2020,0,UNHCR,UNHCR Refugee Population Statistics,https://www.unhcr.org/refugee-statistics/,2026-09-10T00:36:24+00:00
MRT,Mauritania,displacement_refugees_origin,Refugees (from country),Context,Displacement,Context,Refugees under UNHCR's mandate originating from the country,people,True,2021,39279,UNHCR,UNHCR Refugee Population Statistics,https://www.unhcr.org/refugee-statistics/,2026-09-10T00:36:24+00:00
MRT,Mauritania,displacement_idps,Internally displaced persons,Context,Displacement,Context,Internally displaced persons of concern to UNHCR in the country,people,True,2021,0,UNHCR,UNHCR Refugee Population Statistics,https://www.unhcr.org/refugee-statistics/,2026-09-10T00:36:24+00:00
MRT,Mauritania,displacement_refugees_origin,Refugees (from country),Context,Displacement,Context,Refugees under UNHCR's mandate originating from the country,people,True,2022,36928,UNHCR,UNHCR Refugee Population Statistics,https://www.unhcr.org/refugee-statistics/,2026-09-10T00:36:24+00:00
MRT,Mauritania,displacement_idps,Internally displaced persons,Context,Displacement,Context,Internally displaced persons of concern to UNHCR in the country,people,True,2022,0,UNHCR,UNHCR Refugee Population Statistics,https://www.unhcr.org/refugee-statistics/,2026-09-10T00:36:24+00:00
MRT,Mauritania,displacement_refugees_origin,Refugees (from country),Context,Displacement,Context,Refugees under UNHCR's mandate originating from the country,people,True,2023,37532,UNHCR,UNHCR Refugee Population Statistics,https://www.unhcr.org/refugee-statistics/,2026-09-10T00:36:24+00:00
MRT,Mauritania,displacement_idps,Internally displaced persons,Context,Displacement,Context,Internally displaced persons of concern to UNHCR in the country,people,True,2023,0,UNHCR,UNHCR Refugee Population Statistics,https://www.unhcr.org/refugee-statistics/,2026-09-10T00:36:24+00:00
MRT,Mauritania,displacement_refugees_origin,Refugees (from country),Context,Displacement,Context,Refugees under UNHCR's mandate originating from the country,people,True,2024,38111,UNHCR,UNHCR Refugee Population Statistics,https://www.unhcr.org/refugee-statistics/,2026-09-10T00:36:24+00:00
MRT,Mauritania,displacement_idps,Internally displaced persons,Context,Displacement,Context,Internally displaced persons of concern to UNHCR in the country,people,True,2024,0,UNHCR,UNHCR Refugee Population Statistics,https://www.unhcr.org/refugee-statistics/,2026-09-10T00:36:24+00:00
MRT,Mauritania,displacement_refugees_hosted,Refugees (hosted),Context,Displacement,Context,Refugees under UNHCR's mandate hosted in the country (by country of asylum),people,True,2000,350,UNHCR,UNHCR Refugee Population Statistics,https://www.unhcr.org/refugee-statistics/,2026-09-10T00:36:24+00:00
MRT,Mauritania,displacement_refugees_hosted,Refugees (hosted),Context,Displacement,Context,Refugees under UNHCR's mandate hosted in the country (by country of asylum),people,True,2001,363,UNHCR,UNHCR Refugee Population Statistics,https://www.unhcr.org/refugee-statistics/,2026-09-10T00:36:24+00:00
MRT,Mauritania,displacement_refugees_hosted,Refugees (hosted),Context,Displacement,Context,Refugees under UNHCR's mandate hosted in the country (by country of asylum),people,True,2002,398,UNHCR,UNHCR Refugee Population Statistics,https://www.unhcr.org/refugee-statistics/,2026-09-10T00:36:24+00:00
MRT,Mauritania,displacement_refugees_hosted,Refugees (hosted),Context,Displacement,Context,Refugees under UNHCR's mandate hosted in the country (by country of asylum),people,True,2003,475,UNHCR,UNHCR Refugee Population Statistics,https://www.unhcr.org/refugee-statistics/,2026-09-10T00:36:24+00:00
MRT,Mauritania,displacement_refugees_hosted,Refugees (hosted),Context,Displacement,Context,Refugees under UNHCR's mandate hosted in the country (by country of asylum),people,True,2004,473,UNHCR,UNHCR Refugee Population Statistics,https://www.unhcr.org/refugee-statistics/,2026-09-10T00:36:24+00:00
MRT,Mauritania,displacement_refugees_hosted,Refugees (hosted),Context,Displacement,Context,Refugees under UNHCR's mandate hosted in the country (by country of asylum),people,True,2005,627,UNHCR,UNHCR Refugee Population Statistics,https://www.unhcr.org/refugee-statistics/,2026-09-10T00:36:24+00:00
MRT,Mauritania,displacement_refugees_hosted,Refugees (hosted),Context,Displacement,Context,Refugees under UNHCR's mandate hosted in the country (by country of asylum),people,True,2006,771,UNHCR,UNHCR Refugee Population Statistics,https://www.unhcr.org/refugee-statistics/,2026-09-10T00:36:24+00:00
MRT,Mauritania,displacement_refugees_hosted,Refugees (hosted),Context,Displacement,Context,Refugees under UNHCR's mandate hosted in the country (by country of asylum),people,True,2007,30465,UNHCR,UNHCR Refugee Population Statistics,https://www.unhcr.org/refugee-statistics/,2026-09-10T00:36:24+00:00
MRT,Mauritania,displacement_refugees_hosted,Refugees (hosted),Context,Displacement,Context,Refugees under UNHCR's mandate hosted in the country (by country of asylum),people,True,2008,27036,UNHCR,UNHCR Refugee Population Statistics,https://www.unhcr.org/refugee-statistics/,2026-09-10T00:36:24+00:00
MRT,Mauritania,displacement_refugees_hosted,Refugees (hosted),Context,Displacement,Context,Refugees under UNHCR's mandate hosted in the country (by country of asylum),people,True,2009,26789,UNHCR,UNHCR Refugee Population Statistics,https://www.unhcr.org/refugee-statistics/,2026-09-10T00:36:24+00:00
MRT,Mauritania,displacement_refugees_hosted,Refugees (hosted),Context,Displacement,Context,Refugees under UNHCR's mandate hosted in the country (by country of asylum),people,True,2010,26709,UNHCR,UNHCR Refugee Population Statistics,https://www.unhcr.org/refugee-statistics/,2026-09-10T00:36:24+00:00
MRT,Mauritania,displacement_refugees_hosted,Refugees (hosted),Context,Displacement,Context,Refugees under UNHCR's mandate hosted in the country (by country of asylum),people,True,2011,26535,UNHCR,UNHCR Refugee Population Statistics,https://www.unhcr.org/refugee-statistics/,2026-09-10T00:36:24+00:00
MRT,Mauritania,displacement_refugees_hosted,Refugees (hosted),Context,Displacement,Context,Refugees under UNHCR's mandate hosted in the country (by country of asylum),people,True,2012,80500,UNHCR,UNHCR Refugee Population Statistics,https://www.unhcr.org/refugee-statistics/,2026-09-10T00:36:24+00:00
MRT,Mauritania,displacement_refugees_hosted,Refugees (hosted),Context,Displacement,Context,Refugees under UNHCR's mandate hosted in the country (by country of asylum),people,True,2013,92766,UNHCR,UNHCR Refugee Population Statistics,https://www.unhcr.org/refugee-statistics/,2026-09-10T00:36:24+00:00
MRT,Mauritania,displacement_refugees_hosted,Refugees (hosted),Context,Displacement,Context,Refugees under UNHCR's mandate hosted in the country (by country of asylum),people,True,2014,75628,UNHCR,UNHCR Refugee Population Statistics,https://www.unhcr.org/refugee-statistics/,2026-09-10T00:36:24+00:00
MRT,Mauritania,displacement_refugees_hosted,Refugees (hosted),Context,Displacement,Context,Refugees under UNHCR's mandate hosted in the country (by country of asylum),people,True,2015,77390,UNHCR,UNHCR Refugee Population Statistics,https://www.unhcr.org/refugee-statistics/,2026-09-10T00:36:24+00:00
MRT,Mauritania,displacement_refugees_hosted,Refugees (hosted),Context,Displacement,Context,Refugees under UNHCR's mandate hosted in the country (by country of asylum),people,True,2016,74146,UNHCR,UNHCR Refugee Population Statistics,https://www.unhcr.org/refugee-statistics/,2026-09-10T00:36:24+00:00
MRT,Mauritania,displacement_refugees_hosted,Refugees (hosted),Context,Displacement,Context,Refugees under UNHCR's mandate hosted in the country (by country of asylum),people,True,2017,77424,UNHCR,UNHCR Refugee Population Statistics,https://www.unhcr.org/refugee-statistics/,2026-09-10T00:36:24+00:00
MRT,Mauritania,displacement_refugees_hosted,Refugees (hosted),Context,Displacement,Context,Refugees under UNHCR's mandate hosted in the country (by country of asylum),people,True,2018,83183,UNHCR,UNHCR Refugee Population Statistics,https://www.unhcr.org/refugee-statistics/,2026-09-10T00:36:24+00:00
MRT,Mauritania,displacement_refugees_hosted,Refugees (hosted),Context,Displacement,Context,Refugees under UNHCR's mandate hosted in the country (by country of asylum),people,True,2019,84900,UNHCR,UNHCR Refugee Population Statistics,https://www.unhcr.org/refugee-statistics/,2026-09-10T00:36:24+00:00
MRT,Mauritania,displacement_refugees_hosted,Refugees (hosted),Context,Displacement,Context,Refugees under UNHCR's mandate hosted in the country (by country of asylum),people,True,2020,93607,UNHCR,UNHCR Refugee Population Statistics,https://www.unhcr.org/refugee-statistics/,2026-09-10T00:36:24+00:00
MRT,Mauritania,displacement_refugees_hosted,Refugees (hosted),Context,Displacement,Context,Refugees under UNHCR's mandate hosted in the country (by country of asylum),people,True,2021,101942,UNHCR,UNHCR Refugee Population Statistics,https://www.unhcr.org/refugee-statistics/,2026-09-10T00:36:24+00:00
MRT,Mauritania,displacement_refugees_hosted,Refugees (hosted),Context,Displacement,Context,Refugees under UNHCR's mandate hosted in the country (by country of asylum),people,True,2022,100981,UNHCR,UNHCR Refugee Population Statistics,https://www.unhcr.org/refugee-statistics/,2026-09-10T00:36:24+00:00
MRT,Mauritania,displacement_refugees_hosted,Refugees (hosted),Context,Displacement,Context,Refugees under UNHCR's mandate hosted in the country (by country of asylum),people,True,2023,112549,UNHCR,UNHCR Refugee Population Statistics,https://www.unhcr.org/refugee-statistics/,2026-09-10T00:36:24+00:00
MRT,Mauritania,displacement_refugees_hosted,Refugees (hosted),Context,Displacement,Context,Refugees under UNHCR's mandate hosted in the country (by country of asylum),people,True,2024,155193,UNHCR,UNHCR Refugee Population Statistics,https://www.unhcr.org/refugee-statistics/,2026-09-10T00:36:24+00:00
MAR,Morocco,displacement_refugees_origin,Refugees (from country),Context,Displacement,Context,Refugees under UNHCR's mandate originating from the country,people,True,2000,394,UNHCR,UNHCR Refugee Population Statistics,https://www.unhcr.org/refugee-statistics/,2026-09-10T00:36:24+00:00
MAR,Morocco,displacement_idps,Internally displaced persons,Context,Displacement,Context,Internally displaced persons of concern to UNHCR in the country,people,True,2000,0,UNHCR,UNHCR Refugee Population Statistics,https://www.unhcr.org/refugee-statistics/,2026-09-10T00:36:24+00:00
MAR,Morocco,displacement_refugees_origin,Refugees (from country),Context,Displacement,Context,Refugees under UNHCR's mandate originating from the country,people,True,2001,357,UNHCR,UNHCR Refugee Population Statistics,https://www.unhcr.org/refugee-statistics/,2026-09-10T00:36:24+00:00
MAR,Morocco,displacement_idps,Internally displaced persons,Context,Displacement,Context,Internally displaced persons of concern to UNHCR in the country,people,True,2001,0,UNHCR,UNHCR Refugee Population Statistics,https://www.unhcr.org/refugee-statistics/,2026-09-10T00:36:24+00:00
MAR,Morocco,displacement_refugees_origin,Refugees (from country),Context,Displacement,Context,Refugees under UNHCR's mandate originating from the country,people,True,2002,1266,UNHCR,UNHCR Refugee Population Statistics,https://www.unhcr.org/refugee-statistics/,2026-09-10T00:36:24+00:00
MAR,Morocco,displacement_idps,Internally displaced persons,Context,Displacement,Context,Internally displaced persons of concern to UNHCR in the country,people,True,2002,0,UNHCR,UNHCR Refugee Population Statistics,https://www.unhcr.org/refugee-statistics/,2026-09-10T00:36:24+00:00
MAR,Morocco,displacement_refugees_origin,Refugees (from country),Context,Displacement,Context,Refugees under UNHCR's mandate originating from the country,people,True,2003,1291,UNHCR,UNHCR Refugee Population Statistics,https://www.unhcr.org/refugee-statistics/,2026-09-10T00:36:24+00:00
MAR,Morocco,displacement_idps,Internally displaced persons,Context,Displacement,Context,Internally displaced persons of concern to UNHCR in the country,people,True,2003,0,UNHCR,UNHCR Refugee Population Statistics,https://www.unhcr.org/refugee-statistics/,2026-09-10T00:36:24+00:00
MAR,Morocco,displacement_refugees_origin,Refugees (from country),Context,Displacement,Context,Refugees under UNHCR's mandate originating from the country,people,True,2004,1313,UNHCR,UNHCR Refugee Population Statistics,https://www.unhcr.org/refugee-statistics/,2026-09-10T00:36:24+00:00
MAR,Morocco,displacement_idps,Internally displaced persons,Context,Displacement,Context,Internally displaced persons of concern to UNHCR in the country,people,True,2004,0,UNHCR,UNHCR Refugee Population Statistics,https://www.unhcr.org/refugee-statistics/,2026-09-10T00:36:24+00:00
MAR,Morocco,displacement_refugees_origin,Refugees (from country),Context,Displacement,Context,Refugees under UNHCR's mandate originating from the country,people,True,2005,2914,UNHCR,UNHCR Refugee Population Statistics,https://www.unhcr.org/refugee-statistics/,2026-09-10T00:36:24+00:00
MAR,Morocco,displacement_idps,Internally displaced persons,Context,Displacement,Context,Internally displaced persons of concern to UNHCR in the country,people,True,2005,0,UNHCR,UNHCR Refugee Population Statistics,https://www.unhcr.org/refugee-statistics/,2026-09-10T00:36:24+00:00
MAR,Morocco,displacement_refugees_origin,Refugees (from country),Context,Displacement,Context,Refugees under UNHCR's mandate originating from the country,people,True,2006,4699,UNHCR,UNHCR Refugee Population Statistics,https://www.unhcr.org/refugee-statistics/,2026-09-10T00:36:24+00:00
MAR,Morocco,displacement_idps,Internally displaced persons,Context,Displacement,Context,Internally displaced persons of concern to UNHCR in the country,people,True,2006,0,UNHCR,UNHCR Refugee Population Statistics,https://www.unhcr.org/refugee-statistics/,2026-09-10T00:36:24+00:00
MAR,Morocco,displacement_refugees_origin,Refugees (from country),Context,Displacement,Context,Refugees under UNHCR's mandate originating from the country,people,True,2007,4036,UNHCR,UNHCR Refugee Population Statistics,https://www.unhcr.org/refugee-statistics/,2026-09-10T00:36:24+00:00
MAR,Morocco,displacement_idps,Internally displaced persons,Context,Displacement,Context,Internally displaced persons of concern to UNHCR in the country,people,True,2007,0,UNHCR,UNHCR Refugee Population Statistics,https://www.unhcr.org/refugee-statistics/,2026-09-10T00:36:24+00:00
MAR,Morocco,displacement_refugees_origin,Refugees (from country),Context,Displacement,Context,Refugees under UNHCR's mandate originating from the country,people,True,2008,3520,UNHCR,UNHCR Refugee Population Statistics,https://www.unhcr.org/refugee-statistics/,2026-09-10T00:36:24+00:00
MAR,Morocco,displacement_idps,Internally displaced persons,Context,Displacement,Context,Internally displaced persons of concern to UNHCR in the country,people,True,2008,0,UNHCR,UNHCR Refugee Population Statistics,https://www.unhcr.org/refugee-statistics/,2026-09-10T00:36:24+00:00
MAR,Morocco,displacement_refugees_origin,Refugees (from country),Context,Displacement,Context,Refugees under UNHCR's mandate originating from the country,people,True,2009,2277,UNHCR,UNHCR Refugee Population Statistics,https://www.unhcr.org/refugee-statistics/,2026-09-10T00:36:24+00:00
MAR,Morocco,displacement_idps,Internally displaced persons,Context,Displacement,Context,Internally displaced persons of concern to UNHCR in the country,people,True,2009,0,UNHCR,UNHCR Refugee Population Statistics,https://www.unhcr.org/refugee-statistics/,2026-09-10T00:36:24+00:00
MAR,Morocco,displacement_refugees_origin,Refugees (from country),Context,Displacement,Context,Refugees under UNHCR's mandate originating from the country,people,True,2010,2276,UNHCR,UNHCR Refugee Population Statistics,https://www.unhcr.org/refugee-statistics/,2026-09-10T00:36:24+00:00
MAR,Morocco,displacement_idps,Internally displaced persons,Context,Displacement,Context,Internally displaced persons of concern to UNHCR in the country,people,True,2010,0,UNHCR,UNHCR Refugee Population Statistics,https://www.unhcr.org/refugee-statistics/,2026-09-10T00:36:24+00:00
MAR,Morocco,displacement_refugees_origin,Refugees (from country),Context,Displacement,Context,Refugees under UNHCR's mandate originating from the country,people,True,2011,2305,UNHCR,UNHCR Refugee Population Statistics,https://www.unhcr.org/refugee-statistics/,2026-09-10T00:36:24+00:00
MAR,Morocco,displacement_idps,Internally displaced persons,Context,Displacement,Context,Internally displaced persons of concern to UNHCR in the country,people,True,2011,0,UNHCR,UNHCR Refugee Population Statistics,https://www.unhcr.org/refugee-statistics/,2026-09-10T00:36:24+00:00
MAR,Morocco,displacement_refugees_origin,Refugees (from country),Context,Displacement,Context,Refugees under UNHCR's mandate originating from the country,people,True,2012,2394,UNHCR,UNHCR Refugee Population Statistics,https://www.unhcr.org/refugee-statistics/,2026-09-10T00:36:24+00:00
MAR,Morocco,displacement_idps,Internally displaced persons,Context,Displacement,Context,Internally displaced persons of concern to UNHCR in the country,people,True,2012,0,UNHCR,UNHCR Refugee Population Statistics,https://www.unhcr.org/refugee-statistics/,2026-09-10T00:36:24+00:00
MAR,Morocco,displacement_refugees_origin,Refugees (from country),Context,Displacement,Context,Refugees under UNHCR's mandate originating from the country,people,True,2013,1290,UNHCR,UNHCR Refugee Population Statistics,https://www.unhcr.org/refugee-statistics/,2026-09-10T00:36:24+00:00
MAR,Morocco,displacement_idps,Internally displaced persons,Context,Displacement,Context,Internally displaced persons of concern to UNHCR in the country,people,True,2013,0,UNHCR,UNHCR Refugee Population Statistics,https://www.unhcr.org/refugee-statistics/,2026-09-10T00:36:24+00:00
MAR,Morocco,displacement_refugees_origin,Refugees (from country),Context,Displacement,Context,Refugees under UNHCR's mandate originating from the country,people,True,2014,1523,UNHCR,UNHCR Refugee Population Statistics,https://www.unhcr.org/refugee-statistics/,2026-09-10T00:36:24+00:00
MAR,Morocco,displacement_idps,Internally displaced persons,Context,Displacement,Context,Internally displaced persons of concern to UNHCR in the country,people,True,2014,0,UNHCR,UNHCR Refugee Population Statistics,https://www.unhcr.org/refugee-statistics/,2026-09-10T00:36:24+00:00
MAR,Morocco,displacement_refugees_origin,Refugees (from country),Context,Displacement,Context,Refugees under UNHCR's mandate originating from the country,people,True,2015,1760,UNHCR,UNHCR Refugee Population Statistics,https://www.unhcr.org/refugee-statistics/,2026-09-10T00:36:24+00:00
MAR,Morocco,displacement_idps,Internally displaced persons,Context,Displacement,Context,Internally displaced persons of concern to UNHCR in the country,people,True,2015,0,UNHCR,UNHCR Refugee Population Statistics,https://www.unhcr.org/refugee-statistics/,2026-09-10T00:36:24+00:00
MAR,Morocco,displacement_refugees_origin,Refugees (from country),Context,Displacement,Context,Refugees under UNHCR's mandate originating from the country,people,True,2016,2240,UNHCR,UNHCR Refugee Population Statistics,https://www.unhcr.org/refugee-statistics/,2026-09-10T00:36:24+00:00
MAR,Morocco,displacement_idps,Internally displaced persons,Context,Displacement,Context,Internally displaced persons of concern to UNHCR in the country,people,True,2016,0,UNHCR,UNHCR Refugee Population Statistics,https://www.unhcr.org/refugee-statistics/,2026-09-10T00:36:24+00:00
MAR,Morocco,displacement_refugees_origin,Refugees (from country),Context,Displacement,Context,Refugees under UNHCR's mandate originating from the country,people,True,2017,3089,UNHCR,UNHCR Refugee Population Statistics,https://www.unhcr.org/refugee-statistics/,2026-09-10T00:36:24+00:00
MAR,Morocco,displacement_idps,Internally displaced persons,Context,Displacement,Context,Internally displaced persons of concern to UNHCR in the country,people,True,2017,0,UNHCR,UNHCR Refugee Population Statistics,https://www.unhcr.org/refugee-statistics/,2026-09-10T00:36:24+00:00
MAR,Morocco,displacement_refugees_origin,Refugees (from country),Context,Displacement,Context,Refugees under UNHCR's mandate originating from the country,people,True,2018,3873,UNHCR,UNHCR Refugee Population Statistics,https://www.unhcr.org/refugee-statistics/,2026-09-10T00:36:24+00:00
MAR,Morocco,displacement_idps,Internally displaced persons,Context,Displacement,Context,Internally displaced persons of concern to UNHCR in the country,people,True,2018,0,UNHCR,UNHCR Refugee Population Statistics,https://www.unhcr.org/refugee-statistics/,2026-09-10T00:36:24+00:00
MAR,Morocco,displacement_refugees_origin,Refugees (from country),Context,Displacement,Context,Refugees under UNHCR's mandate originating from the country,people,True,2019,4642,UNHCR,UNHCR Refugee Population Statistics,https://www.unhcr.org/refugee-statistics/,2026-09-10T00:36:24+00:00
MAR,Morocco,displacement_idps,Internally displaced persons,Context,Displacement,Context,Internally displaced persons of concern to UNHCR in the country,people,True,2019,0,UNHCR,UNHCR Refugee Population Statistics,https://www.unhcr.org/refugee-statistics/,2026-09-10T00:36:24+00:00
MAR,Morocco,displacement_refugees_origin,Refugees (from country),Context,Displacement,Context,Refugees under UNHCR's mandate originating from the country,people,True,2020,4467,UNHCR,UNHCR Refugee Population Statistics,https://www.unhcr.org/refugee-statistics/,2026-09-10T00:36:24+00:00
MAR,Morocco,displacement_idps,Internally displaced persons,Context,Displacement,Context,Internally displaced persons of concern to UNHCR in the country,people,True,2020,0,UNHCR,UNHCR Refugee Population Statistics,https://www.unhcr.org/refugee-statistics/,2026-09-10T00:36:24+00:00
MAR,Morocco,displacement_refugees_origin,Refugees (from country),Context,Displacement,Context,Refugees under UNHCR's mandate originating from the country,people,True,2021,5385,UNHCR,UNHCR Refugee Population Statistics,https://www.unhcr.org/refugee-statistics/,2026-09-10T00:36:24+00:00
MAR,Morocco,displacement_idps,Internally displaced persons,Context,Displacement,Context,Internally displaced persons of concern to UNHCR in the country,people,True,2021,0,UNHCR,UNHCR Refugee Population Statistics,https://www.unhcr.org/refugee-statistics/,2026-09-10T00:36:24+00:00
MAR,Morocco,displacement_refugees_origin,Refugees (from country),Context,Displacement,Context,Refugees under UNHCR's mandate originating from the country,people,True,2022,10435,UNHCR,UNHCR Refugee Population Statistics,https://www.unhcr.org/refugee-statistics/,2026-09-10T00:36:24+00:00
MAR,Morocco,displacement_idps,Internally displaced persons,Context,Displacement,Context,Internally displaced persons of concern to UNHCR in the country,people,True,2022,0,UNHCR,UNHCR Refugee Population Statistics,https://www.unhcr.org/refugee-statistics/,2026-09-10T00:36:24+00:00
MAR,Morocco,displacement_refugees_origin,Refugees (from country),Context,Displacement,Context,Refugees under UNHCR's mandate originating from the country,people,True,2023,8827,UNHCR,UNHCR Refugee Population Statistics,https://www.unhcr.org/refugee-statistics/,2026-09-10T00:36:24+00:00
MAR,Morocco,displacement_idps,Internally displaced persons,Context,Displacement,Context,Internally displaced persons of concern to UNHCR in the country,people,True,2023,0,UNHCR,UNHCR Refugee Population Statistics,https://www.unhcr.org/refugee-statistics/,2026-09-10T00:36:24+00:00
MAR,Morocco,displacement_refugees_origin,Refugees (from country),Context,Displacement,Context,Refugees under UNHCR's mandate originating from the country,people,True,2024,10609,UNHCR,UNHCR Refugee Population Statistics,https://www.unhcr.org/refugee-statistics/,2026-09-10T00:36:24+00:00
MAR,Morocco,displacement_idps,Internally displaced persons,Context,Displacement,Context,Internally displaced persons of concern to UNHCR in the country,people,True,2024,0,UNHCR,UNHCR Refugee Population Statistics,https://www.unhcr.org/refugee-statistics/,2026-09-10T00:36:24+00:00
MAR,Morocco,displacement_refugees_hosted,Refugees (hosted),Context,Displacement,Context,Refugees under UNHCR's mandate hosted in the country (by country of asylum),people,True,2000,2107,UNHCR,UNHCR Refugee Population Statistics,https://www.unhcr.org/refugee-statistics/,2026-09-10T00:36:24+00:00
MAR,Morocco,displacement_refugees_hosted,Refugees (hosted),Context,Displacement,Context,Refugees under UNHCR's mandate hosted in the country (by country of asylum),people,True,2001,2093,UNHCR,UNHCR Refugee Population Statistics,https://www.unhcr.org/refugee-statistics/,2026-09-10T00:36:24+00:00
MAR,Morocco,displacement_refugees_hosted,Refugees (hosted),Context,Displacement,Context,Refugees under UNHCR's mandate hosted in the country (by country of asylum),people,True,2002,2127,UNHCR,UNHCR Refugee Population Statistics,https://www.unhcr.org/refugee-statistics/,2026-09-10T00:36:24+00:00
MAR,Morocco,displacement_refugees_hosted,Refugees (hosted),Context,Displacement,Context,Refugees under UNHCR's mandate hosted in the country (by country of asylum),people,True,2003,2119,UNHCR,UNHCR Refugee Population Statistics,https://www.unhcr.org/refugee-statistics/,2026-09-10T00:36:24+00:00
MAR,Morocco,displacement_refugees_hosted,Refugees (hosted),Context,Displacement,Context,Refugees under UNHCR's mandate hosted in the country (by country of asylum),people,True,2004,189,UNHCR,UNHCR Refugee Population Statistics,https://www.unhcr.org/refugee-statistics/,2026-09-10T00:36:24+00:00
MAR,Morocco,displacement_refugees_hosted,Refugees (hosted),Context,Displacement,Context,Refugees under UNHCR's mandate hosted in the country (by country of asylum),people,True,2005,210,UNHCR,UNHCR Refugee Population Statistics,https://www.unhcr.org/refugee-statistics/,2026-09-10T00:36:24+00:00
MAR,Morocco,displacement_refugees_hosted,Refugees (hosted),Context,Displacement,Context,Refugees under UNHCR's mandate hosted in the country (by country of asylum),people,True,2006,495,UNHCR,UNHCR Refugee Population Statistics,https://www.unhcr.org/refugee-statistics/,2026-09-10T00:36:24+00:00
MAR,Morocco,displacement_refugees_hosted,Refugees (hosted),Context,Displacement,Context,Refugees under UNHCR's mandate hosted in the country (by country of asylum),people,True,2007,779,UNHCR,UNHCR Refugee Population Statistics,https://www.unhcr.org/refugee-statistics/,2026-09-10T00:36:24+00:00
MAR,Morocco,displacement_refugees_hosted,Refugees (hosted),Context,Displacement,Context,Refugees under UNHCR's mandate hosted in the country (by country of asylum),people,True,2008,768,UNHCR,UNHCR Refugee Population Statistics,https://www.unhcr.org/refugee-statistics/,2026-09-10T00:36:24+00:00
MAR,Morocco,displacement_refugees_hosted,Refugees (hosted),Context,Displacement,Context,Refugees under UNHCR's mandate hosted in the country (by country of asylum),people,True,2009,776,UNHCR,UNHCR Refugee Population Statistics,https://www.unhcr.org/refugee-statistics/,2026-09-10T00:36:24+00:00
MAR,Morocco,displacement_refugees_hosted,Refugees (hosted),Context,Displacement,Context,Refugees under UNHCR's mandate hosted in the country (by country of asylum),people,True,2010,798,UNHCR,UNHCR Refugee Population Statistics,https://www.unhcr.org/refugee-statistics/,2026-09-10T00:36:24+00:00
MAR,Morocco,displacement_refugees_hosted,Refugees (hosted),Context,Displacement,Context,Refugees under UNHCR's mandate hosted in the country (by country of asylum),people,True,2011,736,UNHCR,UNHCR Refugee Population Statistics,https://www.unhcr.org/refugee-statistics/,2026-09-10T00:36:24+00:00
MAR,Morocco,displacement_refugees_hosted,Refugees (hosted),Context,Displacement,Context,Refugees under UNHCR's mandate hosted in the country (by country of asylum),people,True,2012,745,UNHCR,UNHCR Refugee Population Statistics,https://www.unhcr.org/refugee-statistics/,2026-09-10T00:36:24+00:00
MAR,Morocco,displacement_refugees_hosted,Refugees (hosted),Context,Displacement,Context,Refugees under UNHCR's mandate hosted in the country (by country of asylum),people,True,2013,1458,UNHCR,UNHCR Refugee Population Statistics,https://www.unhcr.org/refugee-statistics/,2026-09-10T00:36:24+00:00
MAR,Morocco,displacement_refugees_hosted,Refugees (hosted),Context,Displacement,Context,Refugees under UNHCR's mandate hosted in the country (by country of asylum),people,True,2014,1205,UNHCR,UNHCR Refugee Population Statistics,https://www.unhcr.org/refugee-statistics/,2026-09-10T00:36:24+00:00
MAR,Morocco,displacement_refugees_hosted,Refugees (hosted),Context,Displacement,Context,Refugees under UNHCR's mandate hosted in the country (by country of asylum),people,True,2015,3899,UNHCR,UNHCR Refugee Population Statistics,https://www.unhcr.org/refugee-statistics/,2026-09-10T00:36:24+00:00
MAR,Morocco,displacement_refugees_hosted,Refugees (hosted),Context,Displacement,Context,Refugees under UNHCR's mandate hosted in the country (by country of asylum),people,True,2016,4762,UNHCR,UNHCR Refugee Population Statistics,https://www.unhcr.org/refugee-statistics/,2026-09-10T00:36:24+00:00
MAR,Morocco,displacement_refugees_hosted,Refugees (hosted),Context,Displacement,Context,Refugees under UNHCR's mandate hosted in the country (by country of asylum),people,True,2017,4703,UNHCR,UNHCR Refugee Population Statistics,https://www.unhcr.org/refugee-statistics/,2026-09-10T00:36:24+00:00
MAR,Morocco,displacement_refugees_hosted,Refugees (hosted),Context,Displacement,Context,Refugees under UNHCR's mandate hosted in the country (by country of asylum),people,True,2018,5932,UNHCR,UNHCR Refugee Population Statistics,https://www.unhcr.org/refugee-statistics/,2026-09-10T00:36:24+00:00
MAR,Morocco,displacement_refugees_hosted,Refugees (hosted),Context,Displacement,Context,Refugees under UNHCR's mandate hosted in the country (by country of asylum),people,True,2019,6642,UNHCR,UNHCR Refugee Population Statistics,https://www.unhcr.org/refugee-statistics/,2026-09-10T00:36:24+00:00
MAR,Morocco,displacement_refugees_hosted,Refugees (hosted),Context,Displacement,Context,Refugees under UNHCR's mandate hosted in the country (by country of asylum),people,True,2020,6505,UNHCR,UNHCR Refugee Population Statistics,https://www.unhcr.org/refugee-statistics/,2026-09-10T00:36:24+00:00
MAR,Morocco,displacement_refugees_hosted,Refugees (hosted),Context,Displacement,Context,Refugees under UNHCR's mandate hosted in the country (by country of asylum),people,True,2021,7272,UNHCR,UNHCR Refugee Population Statistics,https://www.unhcr.org/refugee-statistics/,2026-09-10T00:36:24+00:00
MAR,Morocco,displacement_refugees_hosted,Refugees (hosted),Context,Displacement,Context,Refugees under UNHCR's mandate hosted in the country (by country of asylum),people,True,2022,7907,UNHCR,UNHCR Refugee Population Statistics,https://www.unhcr.org/refugee-statistics/,2026-09-10T00:36:24+00:00
MAR,Morocco,displacement_refugees_hosted,Refugees (hosted),Context,Displacement,Context,Refugees under UNHCR's mandate hosted in the country (by country of asylum),people,True,2023,8295,UNHCR,UNHCR Refugee Population Statistics,https://www.unhcr.org/refugee-statistics/,2026-09-10T00:36:24+00:00
MAR,Morocco,displacement_refugees_hosted,Refugees (hosted),Context,Displacement,Context,Refugees under UNHCR's mandate hosted in the country (by country of asylum),people,True,2024,7470,UNHCR,UNHCR Refugee Population Statistics,https://www.unhcr.org/refugee-statistics/,2026-09-10T00:36:24+00:00
OMN,Oman,displacement_refugees_origin,Refugees (from country),Context,Displacement,Context,Refugees under UNHCR's mandate originating from the country,people,True,2000,5,UNHCR,UNHCR Refugee Population Statistics,https://www.unhcr.org/refugee-statistics/,2026-09-10T00:36:24+00:00
OMN,Oman,displacement_idps,Internally displaced persons,Context,Displacement,Context,Internally displaced persons of concern to UNHCR in the country,people,True,2000,0,UNHCR,UNHCR Refugee Population Statistics,https://www.unhcr.org/refugee-statistics/,2026-09-10T00:36:24+00:00
OMN,Oman,displacement_refugees_origin,Refugees (from country),Context,Displacement,Context,Refugees under UNHCR's mandate originating from the country,people,True,2001,5,UNHCR,UNHCR Refugee Population Statistics,https://www.unhcr.org/refugee-statistics/,2026-09-10T00:36:24+00:00
OMN,Oman,displacement_idps,Internally displaced persons,Context,Displacement,Context,Internally displaced persons of concern to UNHCR in the country,people,True,2001,0,UNHCR,UNHCR Refugee Population Statistics,https://www.unhcr.org/refugee-statistics/,2026-09-10T00:36:24+00:00
OMN,Oman,displacement_refugees_origin,Refugees (from country),Context,Displacement,Context,Refugees under UNHCR's mandate originating from the country,people,True,2002,19,UNHCR,UNHCR Refugee Population Statistics,https://www.unhcr.org/refugee-statistics/,2026-09-10T00:36:24+00:00
OMN,Oman,displacement_idps,Internally displaced persons,Context,Displacement,Context,Internally displaced persons of concern to UNHCR in the country,people,True,2002,0,UNHCR,UNHCR Refugee Population Statistics,https://www.unhcr.org/refugee-statistics/,2026-09-10T00:36:24+00:00
OMN,Oman,displacement_refugees_origin,Refugees (from country),Context,Displacement,Context,Refugees under UNHCR's mandate originating from the country,people,True,2003,5,UNHCR,UNHCR Refugee Population Statistics,https://www.unhcr.org/refugee-statistics/,2026-09-10T00:36:24+00:00
OMN,Oman,displacement_idps,Internally displaced persons,Context,Displacement,Context,Internally displaced persons of concern to UNHCR in the country,people,True,2003,0,UNHCR,UNHCR Refugee Population Statistics,https://www.unhcr.org/refugee-statistics/,2026-09-10T00:36:24+00:00
OMN,Oman,displacement_refugees_origin,Refugees (from country),Context,Displacement,Context,Refugees under UNHCR's mandate originating from the country,people,True,2004,16,UNHCR,UNHCR Refugee Population Statistics,https://www.unhcr.org/refugee-statistics/,2026-09-10T00:36:24+00:00
OMN,Oman,displacement_idps,Internally displaced persons,Context,Displacement,Context,Internally displaced persons of concern to UNHCR in the country,people,True,2004,0,UNHCR,UNHCR Refugee Population Statistics,https://www.unhcr.org/refugee-statistics/,2026-09-10T00:36:24+00:00
OMN,Oman,displacement_refugees_origin,Refugees (from country),Context,Displacement,Context,Refugees under UNHCR's mandate originating from the country,people,True,2005,10,UNHCR,UNHCR Refugee Population Statistics,https://www.unhcr.org/refugee-statistics/,2026-09-10T00:36:24+00:00
OMN,Oman,displacement_idps,Internally displaced persons,Context,Displacement,Context,Internally displaced persons of concern to UNHCR in the country,people,True,2005,0,UNHCR,UNHCR Refugee Population Statistics,https://www.unhcr.org/refugee-statistics/,2026-09-10T00:36:24+00:00
OMN,Oman,displacement_refugees_origin,Refugees (from country),Context,Displacement,Context,Refugees under UNHCR's mandate originating from the country,people,True,2006,37,UNHCR,UNHCR Refugee Population Statistics,https://www.unhcr.org/refugee-statistics/,2026-09-10T00:36:24+00:00
OMN,Oman,displacement_idps,Internally displaced persons,Context,Displacement,Context,Internally displaced persons of concern to UNHCR in the country,people,True,2006,0,UNHCR,UNHCR Refugee Population Statistics,https://www.unhcr.org/refugee-statistics/,2026-09-10T00:36:24+00:00
OMN,Oman,displacement_refugees_origin,Refugees (from country),Context,Displacement,Context,Refugees under UNHCR's mandate originating from the country,people,True,2007,44,UNHCR,UNHCR Refugee Population Statistics,https://www.unhcr.org/refugee-statistics/,2026-09-10T00:36:24+00:00
OMN,Oman,displacement_idps,Internally displaced persons,Context,Displacement,Context,Internally displaced persons of concern to UNHCR in the country,people,True,2007,0,UNHCR,UNHCR Refugee Population Statistics,https://www.unhcr.org/refugee-statistics/,2026-09-10T00:36:24+00:00
OMN,Oman,displacement_refugees_origin,Refugees (from country),Context,Displacement,Context,Refugees under UNHCR's mandate originating from the country,people,True,2008,55,UNHCR,UNHCR Refugee Population Statistics,https://www.unhcr.org/refugee-statistics/,2026-09-10T00:36:24+00:00
OMN,Oman,displacement_idps,Internally displaced persons,Context,Displacement,Context,Internally displaced persons of concern to UNHCR in the country,people,True,2008,0,UNHCR,UNHCR Refugee Population Statistics,https://www.unhcr.org/refugee-statistics/,2026-09-10T00:36:24+00:00
OMN,Oman,displacement_refugees_origin,Refugees (from country),Context,Displacement,Context,Refugees under UNHCR's mandate originating from the country,people,True,2009,63,UNHCR,UNHCR Refugee Population Statistics,https://www.unhcr.org/refugee-statistics/,2026-09-10T00:36:24+00:00
OMN,Oman,displacement_idps,Internally displaced persons,Context,Displacement,Context,Internally displaced persons of concern to UNHCR in the country,people,True,2009,0,UNHCR,UNHCR Refugee Population Statistics,https://www.unhcr.org/refugee-statistics/,2026-09-10T00:36:24+00:00
OMN,Oman,displacement_refugees_origin,Refugees (from country),Context,Displacement,Context,Refugees under UNHCR's mandate originating from the country,people,True,2010,62,UNHCR,UNHCR Refugee Population Statistics,https://www.unhcr.org/refugee-statistics/,2026-09-10T00:36:24+00:00
OMN,Oman,displacement_idps,Internally displaced persons,Context,Displacement,Context,Internally displaced persons of concern to UNHCR in the country,people,True,2010,0,UNHCR,UNHCR Refugee Population Statistics,https://www.unhcr.org/refugee-statistics/,2026-09-10T00:36:24+00:00
OMN,Oman,displacement_refugees_origin,Refugees (from country),Context,Displacement,Context,Refugees under UNHCR's mandate originating from the country,people,True,2011,58,UNHCR,UNHCR Refugee Population Statistics,https://www.unhcr.org/refugee-statistics/,2026-09-10T00:36:24+00:00
OMN,Oman,displacement_idps,Internally displaced persons,Context,Displacement,Context,Internally displaced persons of concern to UNHCR in the country,people,True,2011,0,UNHCR,UNHCR Refugee Population Statistics,https://www.unhcr.org/refugee-statistics/,2026-09-10T00:36:24+00:00
OMN,Oman,displacement_refugees_origin,Refugees (from country),Context,Displacement,Context,Refugees under UNHCR's mandate originating from the country,people,True,2012,62,UNHCR,UNHCR Refugee Population Statistics,https://www.unhcr.org/refugee-statistics/,2026-09-10T00:36:24+00:00
OMN,Oman,displacement_idps,Internally displaced persons,Context,Displacement,Context,Internally displaced persons of concern to UNHCR in the country,people,True,2012,0,UNHCR,UNHCR Refugee Population Statistics,https://www.unhcr.org/refugee-statistics/,2026-09-10T00:36:24+00:00
OMN,Oman,displacement_refugees_origin,Refugees (from country),Context,Displacement,Context,Refugees under UNHCR's mandate originating from the country,people,True,2013,20,UNHCR,UNHCR Refugee Population Statistics,https://www.unhcr.org/refugee-statistics/,2026-09-10T00:36:24+00:00
OMN,Oman,displacement_idps,Internally displaced persons,Context,Displacement,Context,Internally displaced persons of concern to UNHCR in the country,people,True,2013,0,UNHCR,UNHCR Refugee Population Statistics,https://www.unhcr.org/refugee-statistics/,2026-09-10T00:36:24+00:00
OMN,Oman,displacement_refugees_origin,Refugees (from country),Context,Displacement,Context,Refugees under UNHCR's mandate originating from the country,people,True,2014,25,UNHCR,UNHCR Refugee Population Statistics,https://www.unhcr.org/refugee-statistics/,2026-09-10T00:36:24+00:00
OMN,Oman,displacement_idps,Internally displaced persons,Context,Displacement,Context,Internally displaced persons of concern to UNHCR in the country,people,True,2014,0,UNHCR,UNHCR Refugee Population Statistics,https://www.unhcr.org/refugee-statistics/,2026-09-10T00:36:24+00:00
OMN,Oman,displacement_refugees_origin,Refugees (from country),Context,Displacement,Context,Refugees under UNHCR's mandate originating from the country,people,True,2015,36,UNHCR,UNHCR Refugee Population Statistics,https://www.unhcr.org/refugee-statistics/,2026-09-10T00:36:24+00:00
OMN,Oman,displacement_idps,Internally displaced persons,Context,Displacement,Context,Internally displaced persons of concern to UNHCR in the country,people,True,2015,0,UNHCR,UNHCR Refugee Population Statistics,https://www.unhcr.org/refugee-statistics/,2026-09-10T00:36:24+00:00
OMN,Oman,displacement_refugees_origin,Refugees (from country),Context,Displacement,Context,Refugees under UNHCR's mandate originating from the country,people,True,2016,35,UNHCR,UNHCR Refugee Population Statistics,https://www.unhcr.org/refugee-statistics/,2026-09-10T00:36:24+00:00
OMN,Oman,displacement_idps,Internally displaced persons,Context,Displacement,Context,Internally displaced persons of concern to UNHCR in the country,people,True,2016,0,UNHCR,UNHCR Refugee Population Statistics,https://www.unhcr.org/refugee-statistics/,2026-09-10T00:36:24+00:00
OMN,Oman,displacement_refugees_origin,Refugees (from country),Context,Displacement,Context,Refugees under UNHCR's mandate originating from the country,people,True,2017,39,UNHCR,UNHCR Refugee Population Statistics,https://www.unhcr.org/refugee-statistics/,2026-09-10T00:36:24+00:00
OMN,Oman,displacement_idps,Internally displaced persons,Context,Displacement,Context,Internally displaced persons of concern to UNHCR in the country,people,True,2017,0,UNHCR,UNHCR Refugee Population Statistics,https://www.unhcr.org/refugee-statistics/,2026-09-10T00:36:24+00:00
OMN,Oman,displacement_refugees_origin,Refugees (from country),Context,Displacement,Context,Refugees under UNHCR's mandate originating from the country,people,True,2018,42,UNHCR,UNHCR Refugee Population Statistics,https://www.unhcr.org/refugee-statistics/,2026-09-10T00:36:24+00:00
OMN,Oman,displacement_idps,Internally displaced persons,Context,Displacement,Context,Internally displaced persons of concern to UNHCR in the country,people,True,2018,0,UNHCR,UNHCR Refugee Population Statistics,https://www.unhcr.org/refugee-statistics/,2026-09-10T00:36:24+00:00
OMN,Oman,displacement_refugees_origin,Refugees (from country),Context,Displacement,Context,Refugees under UNHCR's mandate originating from the country,people,True,2019,42,UNHCR,UNHCR Refugee Population Statistics,https://www.unhcr.org/refugee-statistics/,2026-09-10T00:36:24+00:00
OMN,Oman,displacement_idps,Internally displaced persons,Context,Displacement,Context,Internally displaced persons of concern to UNHCR in the country,people,True,2019,0,UNHCR,UNHCR Refugee Population Statistics,https://www.unhcr.org/refugee-statistics/,2026-09-10T00:36:24+00:00
OMN,Oman,displacement_refugees_origin,Refugees (from country),Context,Displacement,Context,Refugees under UNHCR's mandate originating from the country,people,True,2020,47,UNHCR,UNHCR Refugee Population Statistics,https://www.unhcr.org/refugee-statistics/,2026-09-10T00:36:24+00:00
OMN,Oman,displacement_idps,Internally displaced persons,Context,Displacement,Context,Internally displaced persons of concern to UNHCR in the country,people,True,2020,0,UNHCR,UNHCR Refugee Population Statistics,https://www.unhcr.org/refugee-statistics/,2026-09-10T00:36:24+00:00
OMN,Oman,displacement_refugees_origin,Refugees (from country),Context,Displacement,Context,Refugees under UNHCR's mandate originating from the country,people,True,2021,53,UNHCR,UNHCR Refugee Population Statistics,https://www.unhcr.org/refugee-statistics/,2026-09-10T00:36:24+00:00
OMN,Oman,displacement_idps,Internally displaced persons,Context,Displacement,Context,Internally displaced persons of concern to UNHCR in the country,people,True,2021,0,UNHCR,UNHCR Refugee Population Statistics,https://www.unhcr.org/refugee-statistics/,2026-09-10T00:36:24+00:00
OMN,Oman,displacement_refugees_origin,Refugees (from country),Context,Displacement,Context,Refugees under UNHCR's mandate originating from the country,people,True,2022,59,UNHCR,UNHCR Refugee Population Statistics,https://www.unhcr.org/refugee-statistics/,2026-09-10T00:36:24+00:00
OMN,Oman,displacement_idps,Internally displaced persons,Context,Displacement,Context,Internally displaced persons of concern to UNHCR in the country,people,True,2022,0,UNHCR,UNHCR Refugee Population Statistics,https://www.unhcr.org/refugee-statistics/,2026-09-10T00:36:24+00:00
OMN,Oman,displacement_refugees_origin,Refugees (from country),Context,Displacement,Context,Refugees under UNHCR's mandate originating from the country,people,True,2023,95,UNHCR,UNHCR Refugee Population Statistics,https://www.unhcr.org/refugee-statistics/,2026-09-10T00:36:24+00:00
OMN,Oman,displacement_idps,Internally displaced persons,Context,Displacement,Context,Internally displaced persons of concern to UNHCR in the country,people,True,2023,0,UNHCR,UNHCR Refugee Population Statistics,https://www.unhcr.org/refugee-statistics/,2026-09-10T00:36:24+00:00
OMN,Oman,displacement_refugees_origin,Refugees (from country),Context,Displacement,Context,Refugees under UNHCR's mandate originating from the country,people,True,2024,118,UNHCR,UNHCR Refugee Population Statistics,https://www.unhcr.org/refugee-statistics/,2026-09-10T00:36:24+00:00
OMN,Oman,displacement_idps,Internally displaced persons,Context,Displacement,Context,Internally displaced persons of concern to UNHCR in the country,people,True,2024,0,UNHCR,UNHCR Refugee Population Statistics,https://www.unhcr.org/refugee-statistics/,2026-09-10T00:36:24+00:00
OMN,Oman,displacement_refugees_hosted,Refugees (hosted),Context,Displacement,Context,Refugees under UNHCR's mandate hosted in the country (by country of asylum),people,True,2001,0,UNHCR,UNHCR Refugee Population Statistics,https://www.unhcr.org/refugee-statistics/,2026-09-10T00:36:24+00:00
OMN,Oman,displacement_refugees_hosted,Refugees (hosted),Context,Displacement,Context,Refugees under UNHCR's mandate hosted in the country (by country of asylum),people,True,2002,0,UNHCR,UNHCR Refugee Population Statistics,https://www.unhcr.org/refugee-statistics/,2026-09-10T00:36:24+00:00
OMN,Oman,displacement_refugees_hosted,Refugees (hosted),Context,Displacement,Context,Refugees under UNHCR's mandate hosted in the country (by country of asylum),people,True,2003,0,UNHCR,UNHCR Refugee Population Statistics,https://www.unhcr.org/refugee-statistics/,2026-09-10T00:36:24+00:00
OMN,Oman,displacement_refugees_hosted,Refugees (hosted),Context,Displacement,Context,Refugees under UNHCR's mandate hosted in the country (by country of asylum),people,True,2004,7,UNHCR,UNHCR Refugee Population Statistics,https://www.unhcr.org/refugee-statistics/,2026-09-10T00:36:24+00:00
OMN,Oman,displacement_refugees_hosted,Refugees (hosted),Context,Displacement,Context,Refugees under UNHCR's mandate hosted in the country (by country of asylum),people,True,2005,7,UNHCR,UNHCR Refugee Population Statistics,https://www.unhcr.org/refugee-statistics/,2026-09-10T00:36:24+00:00
OMN,Oman,displacement_refugees_hosted,Refugees (hosted),Context,Displacement,Context,Refugees under UNHCR's mandate hosted in the country (by country of asylum),people,True,2006,7,UNHCR,UNHCR Refugee Population Statistics,https://www.unhcr.org/refugee-statistics/,2026-09-10T00:36:24+00:00
OMN,Oman,displacement_refugees_hosted,Refugees (hosted),Context,Displacement,Context,Refugees under UNHCR's mandate hosted in the country (by country of asylum),people,True,2007,7,UNHCR,UNHCR Refugee Population Statistics,https://www.unhcr.org/refugee-statistics/,2026-09-10T00:36:24+00:00
OMN,Oman,displacement_refugees_hosted,Refugees (hosted),Context,Displacement,Context,Refugees under UNHCR's mandate hosted in the country (by country of asylum),people,True,2008,7,UNHCR,UNHCR Refugee Population Statistics,https://www.unhcr.org/refugee-statistics/,2026-09-10T00:36:24+00:00
OMN,Oman,displacement_refugees_hosted,Refugees (hosted),Context,Displacement,Context,Refugees under UNHCR's mandate hosted in the country (by country of asylum),people,True,2009,26,UNHCR,UNHCR Refugee Population Statistics,https://www.unhcr.org/refugee-statistics/,2026-09-10T00:36:24+00:00
OMN,Oman,displacement_refugees_hosted,Refugees (hosted),Context,Displacement,Context,Refugees under UNHCR's mandate hosted in the country (by country of asylum),people,True,2010,78,UNHCR,UNHCR Refugee Population Statistics,https://www.unhcr.org/refugee-statistics/,2026-09-10T00:36:24+00:00
OMN,Oman,displacement_refugees_hosted,Refugees (hosted),Context,Displacement,Context,Refugees under UNHCR's mandate hosted in the country (by country of asylum),people,True,2011,83,UNHCR,UNHCR Refugee Population Statistics,https://www.unhcr.org/refugee-statistics/,2026-09-10T00:36:24+00:00
OMN,Oman,displacement_refugees_hosted,Refugees (hosted),Context,Displacement,Context,Refugees under UNHCR's mandate hosted in the country (by country of asylum),people,True,2012,138,UNHCR,UNHCR Refugee Population Statistics,https://www.unhcr.org/refugee-statistics/,2026-09-10T00:36:24+00:00
OMN,Oman,displacement_refugees_hosted,Refugees (hosted),Context,Displacement,Context,Refugees under UNHCR's mandate hosted in the country (by country of asylum),people,True,2013,138,UNHCR,UNHCR Refugee Population Statistics,https://www.unhcr.org/refugee-statistics/,2026-09-10T00:36:24+00:00
OMN,Oman,displacement_refugees_hosted,Refugees (hosted),Context,Displacement,Context,Refugees under UNHCR's mandate hosted in the country (by country of asylum),people,True,2014,150,UNHCR,UNHCR Refugee Population Statistics,https://www.unhcr.org/refugee-statistics/,2026-09-10T00:36:24+00:00
OMN,Oman,displacement_refugees_hosted,Refugees (hosted),Context,Displacement,Context,Refugees under UNHCR's mandate hosted in the country (by country of asylum),people,True,2015,244,UNHCR,UNHCR Refugee Population Statistics,https://www.unhcr.org/refugee-statistics/,2026-09-10T00:36:24+00:00
OMN,Oman,displacement_refugees_hosted,Refugees (hosted),Context,Displacement,Context,Refugees under UNHCR's mandate hosted in the country (by country of asylum),people,True,2016,316,UNHCR,UNHCR Refugee Population Statistics,https://www.unhcr.org/refugee-statistics/,2026-09-10T00:36:24+00:00
OMN,Oman,displacement_refugees_hosted,Refugees (hosted),Context,Displacement,Context,Refugees under UNHCR's mandate hosted in the country (by country of asylum),people,True,2017,308,UNHCR,UNHCR Refugee Population Statistics,https://www.unhcr.org/refugee-statistics/,2026-09-10T00:36:24+00:00
OMN,Oman,displacement_refugees_hosted,Refugees (hosted),Context,Displacement,Context,Refugees under UNHCR's mandate hosted in the country (by country of asylum),people,True,2018,310,UNHCR,UNHCR Refugee Population Statistics,https://www.unhcr.org/refugee-statistics/,2026-09-10T00:36:24+00:00
OMN,Oman,displacement_refugees_hosted,Refugees (hosted),Context,Displacement,Context,Refugees under UNHCR's mandate hosted in the country (by country of asylum),people,True,2019,308,UNHCR,UNHCR Refugee Population Statistics,https://www.unhcr.org/refugee-statistics/,2026-09-10T00:36:24+00:00
OMN,Oman,displacement_refugees_hosted,Refugees (hosted),Context,Displacement,Context,Refugees under UNHCR's mandate hosted in the country (by country of asylum),people,True,2020,308,UNHCR,UNHCR Refugee Population Statistics,https://www.unhcr.org/refugee-statistics/,2026-09-10T00:36:24+00:00
OMN,Oman,displacement_refugees_hosted,Refugees (hosted),Context,Displacement,Context,Refugees under UNHCR's mandate hosted in the country (by country of asylum),people,True,2021,295,UNHCR,UNHCR Refugee Population Statistics,https://www.unhcr.org/refugee-statistics/,2026-09-10T00:36:24+00:00
OMN,Oman,displacement_refugees_hosted,Refugees (hosted),Context,Displacement,Context,Refugees under UNHCR's mandate hosted in the country (by country of asylum),people,True,2022,295,UNHCR,UNHCR Refugee Population Statistics,https://www.unhcr.org/refugee-statistics/,2026-09-10T00:36:24+00:00
OMN,Oman,displacement_refugees_hosted,Refugees (hosted),Context,Displacement,Context,Refugees under UNHCR's mandate hosted in the country (by country of asylum),people,True,2023,300,UNHCR,UNHCR Refugee Population Statistics,https://www.unhcr.org/refugee-statistics/,2026-09-10T00:36:24+00:00
OMN,Oman,displacement_refugees_hosted,Refugees (hosted),Context,Displacement,Context,Refugees under UNHCR's mandate hosted in the country (by country of asylum),people,True,2024,294,UNHCR,UNHCR Refugee Population Statistics,https://www.unhcr.org/refugee-statistics/,2026-09-10T00:36:24+00:00
PSE,State of Palestine,displacement_refugees_origin,Refugees (from country),Context,Displacement,Context,Refugees under UNHCR's mandate originating from the country,people,True,2000,110641,UNHCR,UNHCR Refugee Population Statistics,https://www.unhcr.org/refugee-statistics/,2026-09-10T00:36:24+00:00
PSE,State of Palestine,displacement_idps,Internally displaced persons,Context,Displacement,Context,Internally displaced persons of concern to UNHCR in the country,people,True,2000,0,UNHCR,UNHCR Refugee Population Statistics,https://www.unhcr.org/refugee-statistics/,2026-09-10T00:36:24+00:00
PSE,State of Palestine,displacement_refugees_origin,Refugees (from country),Context,Displacement,Context,Refugees under UNHCR's mandate originating from the country,people,True,2001,349158,UNHCR,UNHCR Refugee Population Statistics,https://www.unhcr.org/refugee-statistics/,2026-09-10T00:36:24+00:00
PSE,State of Palestine,displacement_idps,Internally displaced persons,Context,Displacement,Context,Internally displaced persons of concern to UNHCR in the country,people,True,2001,0,UNHCR,UNHCR Refugee Population Statistics,https://www.unhcr.org/refugee-statistics/,2026-09-10T00:36:24+00:00
PSE,State of Palestine,displacement_refugees_origin,Refugees (from country),Context,Displacement,Context,Refugees under UNHCR's mandate originating from the country,people,True,2002,428775,UNHCR,UNHCR Refugee Population Statistics,https://www.unhcr.org/refugee-statistics/,2026-09-10T00:36:24+00:00
PSE,State of Palestine,displacement_idps,Internally displaced persons,Context,Displacement,Context,Internally displaced persons of concern to UNHCR in the country,people,True,2002,0,UNHCR,UNHCR Refugee Population Statistics,https://www.unhcr.org/refugee-statistics/,2026-09-10T00:36:24+00:00
PSE,State of Palestine,displacement_refugees_origin,Refugees (from country),Context,Displacement,Context,Refugees under UNHCR's mandate originating from the country,people,True,2003,350562,UNHCR,UNHCR Refugee Population Statistics,https://www.unhcr.org/refugee-statistics/,2026-09-10T00:36:24+00:00
PSE,State of Palestine,displacement_idps,Internally displaced persons,Context,Displacement,Context,Internally displaced persons of concern to UNHCR in the country,people,True,2003,0,UNHCR,UNHCR Refugee Population Statistics,https://www.unhcr.org/refugee-statistics/,2026-09-10T00:36:24+00:00
PSE,State of Palestine,displacement_refugees_origin,Refugees (from country),Context,Displacement,Context,Refugees under UNHCR's mandate originating from the country,people,True,2004,349827,UNHCR,UNHCR Refugee Population Statistics,https://www.unhcr.org/refugee-statistics/,2026-09-10T00:36:24+00:00
PSE,State of Palestine,displacement_idps,Internally displaced persons,Context,Displacement,Context,Internally displaced persons of concern to UNHCR in the country,people,True,2004,0,UNHCR,UNHCR Refugee Population Statistics,https://www.unhcr.org/refugee-statistics/,2026-09-10T00:36:24+00:00
PSE,State of Palestine,displacement_refugees_origin,Refugees (from country),Context,Displacement,Context,Refugees under UNHCR's mandate originating from the country,people,True,2005,349663,UNHCR,UNHCR Refugee Population Statistics,https://www.unhcr.org/refugee-statistics/,2026-09-10T00:36:24+00:00
PSE,State of Palestine,displacement_idps,Internally displaced persons,Context,Displacement,Context,Internally displaced persons of concern to UNHCR in the country,people,True,2005,0,UNHCR,UNHCR Refugee Population Statistics,https://www.unhcr.org/refugee-statistics/,2026-09-10T00:36:24+00:00
PSE,State of Palestine,displacement_refugees_origin,Refugees (from country),Context,Displacement,Context,Refugees under UNHCR's mandate originating from the country,people,True,2006,334127,UNHCR,UNHCR Refugee Population Statistics,https://www.unhcr.org/refugee-statistics/,2026-09-10T00:36:24+00:00
PSE,State of Palestine,displacement_idps,Internally displaced persons,Context,Displacement,Context,Internally displaced persons of concern to UNHCR in the country,people,True,2006,0,UNHCR,UNHCR Refugee Population Statistics,https://www.unhcr.org/refugee-statistics/,2026-09-10T00:36:24+00:00
PSE,State of Palestine,displacement_refugees_origin,Refugees (from country),Context,Displacement,Context,Refugees under UNHCR's mandate originating from the country,people,True,2007,341231,UNHCR,UNHCR Refugee Population Statistics,https://www.unhcr.org/refugee-statistics/,2026-09-10T00:36:24+00:00
PSE,State of Palestine,displacement_idps,Internally displaced persons,Context,Displacement,Context,Internally displaced persons of concern to UNHCR in the country,people,True,2007,0,UNHCR,UNHCR Refugee Population Statistics,https://www.unhcr.org/refugee-statistics/,2026-09-10T00:36:24+00:00
PSE,State of Palestine,displacement_refugees_origin,Refugees (from country),Context,Displacement,Context,Refugees under UNHCR's mandate originating from the country,people,True,2008,340004,UNHCR,UNHCR Refugee Population Statistics,https://www.unhcr.org/refugee-statistics/,2026-09-10T00:36:24+00:00
PSE,State of Palestine,displacement_idps,Internally displaced persons,Context,Displacement,Context,Internally displaced persons of concern to UNHCR in the country,people,True,2008,0,UNHCR,UNHCR Refugee Population Statistics,https://www.unhcr.org/refugee-statistics/,2026-09-10T00:36:24+00:00
PSE,State of Palestine,displacement_refugees_origin,Refugees (from country),Context,Displacement,Context,Refugees under UNHCR's mandate originating from the country,people,True,2009,95185,UNHCR,UNHCR Refugee Population Statistics,https://www.unhcr.org/refugee-statistics/,2026-09-10T00:36:24+00:00
PSE,State of Palestine,displacement_idps,Internally displaced persons,Context,Displacement,Context,Internally displaced persons of concern to UNHCR in the country,people,True,2009,0,UNHCR,UNHCR Refugee Population Statistics,https://www.unhcr.org/refugee-statistics/,2026-09-10T00:36:24+00:00
PSE,State of Palestine,displacement_refugees_origin,Refugees (from country),Context,Displacement,Context,Refugees under UNHCR's mandate originating from the country,people,True,2010,93312,UNHCR,UNHCR Refugee Population Statistics,https://www.unhcr.org/refugee-statistics/,2026-09-10T00:36:24+00:00
PSE,State of Palestine,displacement_idps,Internally displaced persons,Context,Displacement,Context,Internally displaced persons of concern to UNHCR in the country,people,True,2010,0,UNHCR,UNHCR Refugee Population Statistics,https://www.unhcr.org/refugee-statistics/,2026-09-10T00:36:24+00:00
PSE,State of Palestine,displacement_refugees_origin,Refugees (from country),Context,Displacement,Context,Refugees under UNHCR's mandate originating from the country,people,True,2011,94141,UNHCR,UNHCR Refugee Population Statistics,https://www.unhcr.org/refugee-statistics/,2026-09-10T00:36:24+00:00
PSE,State of Palestine,displacement_idps,Internally displaced persons,Context,Displacement,Context,Internally displaced persons of concern to UNHCR in the country,people,True,2011,0,UNHCR,UNHCR Refugee Population Statistics,https://www.unhcr.org/refugee-statistics/,2026-09-10T00:36:24+00:00
PSE,State of Palestine,displacement_refugees_origin,Refugees (from country),Context,Displacement,Context,Refugees under UNHCR's mandate originating from the country,people,True,2012,94916,UNHCR,UNHCR Refugee Population Statistics,https://www.unhcr.org/refugee-statistics/,2026-09-10T00:36:24+00:00
PSE,State of Palestine,displacement_idps,Internally displaced persons,Context,Displacement,Context,Internally displaced persons of concern to UNHCR in the country,people,True,2012,0,UNHCR,UNHCR Refugee Population Statistics,https://www.unhcr.org/refugee-statistics/,2026-09-10T00:36:24+00:00
PSE,State of Palestine,displacement_refugees_origin,Refugees (from country),Context,Displacement,Context,Refugees under UNHCR's mandate originating from the country,people,True,2013,96035,UNHCR,UNHCR Refugee Population Statistics,https://www.unhcr.org/refugee-statistics/,2026-09-10T00:36:24+00:00
PSE,State of Palestine,displacement_idps,Internally displaced persons,Context,Displacement,Context,Internally displaced persons of concern to UNHCR in the country,people,True,2013,0,UNHCR,UNHCR Refugee Population Statistics,https://www.unhcr.org/refugee-statistics/,2026-09-10T00:36:24+00:00
PSE,State of Palestine,displacement_refugees_origin,Refugees (from country),Context,Displacement,Context,Refugees under UNHCR's mandate originating from the country,people,True,2014,97207,UNHCR,UNHCR Refugee Population Statistics,https://www.unhcr.org/refugee-statistics/,2026-09-10T00:36:24+00:00
PSE,State of Palestine,displacement_idps,Internally displaced persons,Context,Displacement,Context,Internally displaced persons of concern to UNHCR in the country,people,True,2014,0,UNHCR,UNHCR Refugee Population Statistics,https://www.unhcr.org/refugee-statistics/,2026-09-10T00:36:24+00:00
PSE,State of Palestine,displacement_refugees_origin,Refugees (from country),Context,Displacement,Context,Refugees under UNHCR's mandate originating from the country,people,True,2015,98013,UNHCR,UNHCR Refugee Population Statistics,https://www.unhcr.org/refugee-statistics/,2026-09-10T00:36:24+00:00
PSE,State of Palestine,displacement_idps,Internally displaced persons,Context,Displacement,Context,Internally displaced persons of concern to UNHCR in the country,people,True,2015,0,UNHCR,UNHCR Refugee Population Statistics,https://www.unhcr.org/refugee-statistics/,2026-09-10T00:36:24+00:00
PSE,State of Palestine,displacement_refugees_origin,Refugees (from country),Context,Displacement,Context,Refugees under UNHCR's mandate originating from the country,people,True,2016,97794,UNHCR,UNHCR Refugee Population Statistics,https://www.unhcr.org/refugee-statistics/,2026-09-10T00:36:24+00:00
PSE,State of Palestine,displacement_idps,Internally displaced persons,Context,Displacement,Context,Internally displaced persons of concern to UNHCR in the country,people,True,2016,0,UNHCR,UNHCR Refugee Population Statistics,https://www.unhcr.org/refugee-statistics/,2026-09-10T00:36:24+00:00
PSE,State of Palestine,displacement_refugees_origin,Refugees (from country),Context,Displacement,Context,Refugees under UNHCR's mandate originating from the country,people,True,2017,99630,UNHCR,UNHCR Refugee Population Statistics,https://www.unhcr.org/refugee-statistics/,2026-09-10T00:36:24+00:00
PSE,State of Palestine,displacement_idps,Internally displaced persons,Context,Displacement,Context,Internally displaced persons of concern to UNHCR in the country,people,True,2017,0,UNHCR,UNHCR Refugee Population Statistics,https://www.unhcr.org/refugee-statistics/,2026-09-10T00:36:24+00:00
PSE,State of Palestine,displacement_refugees_origin,Refugees (from country),Context,Displacement,Context,Refugees under UNHCR's mandate originating from the country,people,True,2018,100728,UNHCR,UNHCR Refugee Population Statistics,https://www.unhcr.org/refugee-statistics/,2026-09-10T00:36:24+00:00
PSE,State of Palestine,displacement_idps,Internally displaced persons,Context,Displacement,Context,Internally displaced persons of concern to UNHCR in the country,people,True,2018,0,UNHCR,UNHCR Refugee Population Statistics,https://www.unhcr.org/refugee-statistics/,2026-09-10T00:36:24+00:00
PSE,State of Palestine,displacement_refugees_origin,Refugees (from country),Context,Displacement,Context,Refugees under UNHCR's mandate originating from the country,people,True,2019,96253,UNHCR,UNHCR Refugee Population Statistics,https://www.unhcr.org/refugee-statistics/,2026-09-10T00:36:24+00:00
PSE,State of Palestine,displacement_idps,Internally displaced persons,Context,Displacement,Context,Internally displaced persons of concern to UNHCR in the country,people,True,2019,0,UNHCR,UNHCR Refugee Population Statistics,https://www.unhcr.org/refugee-statistics/,2026-09-10T00:36:24+00:00
PSE,State of Palestine,displacement_refugees_origin,Refugees (from country),Context,Displacement,Context,Refugees under UNHCR's mandate originating from the country,people,True,2020,100153,UNHCR,UNHCR Refugee Population Statistics,https://www.unhcr.org/refugee-statistics/,2026-09-10T00:36:24+00:00
PSE,State of Palestine,displacement_idps,Internally displaced persons,Context,Displacement,Context,Internally displaced persons of concern to UNHCR in the country,people,True,2020,0,UNHCR,UNHCR Refugee Population Statistics,https://www.unhcr.org/refugee-statistics/,2026-09-10T00:36:24+00:00
PSE,State of Palestine,displacement_refugees_origin,Refugees (from country),Context,Displacement,Context,Refugees under UNHCR's mandate originating from the country,people,True,2021,103581,UNHCR,UNHCR Refugee Population Statistics,https://www.unhcr.org/refugee-statistics/,2026-09-10T00:36:24+00:00
PSE,State of Palestine,displacement_idps,Internally displaced persons,Context,Displacement,Context,Internally displaced persons of concern to UNHCR in the country,people,True,2021,0,UNHCR,UNHCR Refugee Population Statistics,https://www.unhcr.org/refugee-statistics/,2026-09-10T00:36:24+00:00
PSE,State of Palestine,displacement_refugees_origin,Refugees (from country),Context,Displacement,Context,Refugees under UNHCR's mandate originating from the country,people,True,2022,104307,UNHCR,UNHCR Refugee Population Statistics,https://www.unhcr.org/refugee-statistics/,2026-09-10T00:36:24+00:00
PSE,State of Palestine,displacement_idps,Internally displaced persons,Context,Displacement,Context,Internally displaced persons of concern to UNHCR in the country,people,True,2022,0,UNHCR,UNHCR Refugee Population Statistics,https://www.unhcr.org/refugee-statistics/,2026-09-10T00:36:24+00:00
PSE,State of Palestine,displacement_refugees_origin,Refugees (from country),Context,Displacement,Context,Refugees under UNHCR's mandate originating from the country,people,True,2023,41077,UNHCR,UNHCR Refugee Population Statistics,https://www.unhcr.org/refugee-statistics/,2026-09-10T00:36:24+00:00
PSE,State of Palestine,displacement_idps,Internally displaced persons,Context,Displacement,Context,Internally displaced persons of concern to UNHCR in the country,people,True,2023,0,UNHCR,UNHCR Refugee Population Statistics,https://www.unhcr.org/refugee-statistics/,2026-09-10T00:36:24+00:00
PSE,State of Palestine,displacement_refugees_origin,Refugees (from country),Context,Displacement,Context,Refugees under UNHCR's mandate originating from the country,people,True,2024,43712,UNHCR,UNHCR Refugee Population Statistics,https://www.unhcr.org/refugee-statistics/,2026-09-10T00:36:24+00:00
PSE,State of Palestine,displacement_idps,Internally displaced persons,Context,Displacement,Context,Internally displaced persons of concern to UNHCR in the country,people,True,2024,0,UNHCR,UNHCR Refugee Population Statistics,https://www.unhcr.org/refugee-statistics/,2026-09-10T00:36:24+00:00
QAT,Qatar,displacement_refugees_origin,Refugees (from country),Context,Displacement,Context,Refugees under UNHCR's mandate originating from the country,people,True,2000,0,UNHCR,UNHCR Refugee Population Statistics,https://www.unhcr.org/refugee-statistics/,2026-09-10T00:36:24+00:00
QAT,Qatar,displacement_idps,Internally displaced persons,Context,Displacement,Context,Internally displaced persons of concern to UNHCR in the country,people,True,2000,0,UNHCR,UNHCR Refugee Population Statistics,https://www.unhcr.org/refugee-statistics/,2026-09-10T00:36:24+00:00
QAT,Qatar,displacement_refugees_origin,Refugees (from country),Context,Displacement,Context,Refugees under UNHCR's mandate originating from the country,people,True,2001,0,UNHCR,UNHCR Refugee Population Statistics,https://www.unhcr.org/refugee-statistics/,2026-09-10T00:36:24+00:00
QAT,Qatar,displacement_idps,Internally displaced persons,Context,Displacement,Context,Internally displaced persons of concern to UNHCR in the country,people,True,2001,0,UNHCR,UNHCR Refugee Population Statistics,https://www.unhcr.org/refugee-statistics/,2026-09-10T00:36:24+00:00
QAT,Qatar,displacement_refugees_origin,Refugees (from country),Context,Displacement,Context,Refugees under UNHCR's mandate originating from the country,people,True,2002,10,UNHCR,UNHCR Refugee Population Statistics,https://www.unhcr.org/refugee-statistics/,2026-09-10T00:36:24+00:00
QAT,Qatar,displacement_idps,Internally displaced persons,Context,Displacement,Context,Internally displaced persons of concern to UNHCR in the country,people,True,2002,0,UNHCR,UNHCR Refugee Population Statistics,https://www.unhcr.org/refugee-statistics/,2026-09-10T00:36:24+00:00
QAT,Qatar,displacement_refugees_origin,Refugees (from country),Context,Displacement,Context,Refugees under UNHCR's mandate originating from the country,people,True,2003,14,UNHCR,UNHCR Refugee Population Statistics,https://www.unhcr.org/refugee-statistics/,2026-09-10T00:36:24+00:00
QAT,Qatar,displacement_idps,Internally displaced persons,Context,Displacement,Context,Internally displaced persons of concern to UNHCR in the country,people,True,2003,0,UNHCR,UNHCR Refugee Population Statistics,https://www.unhcr.org/refugee-statistics/,2026-09-10T00:36:24+00:00
QAT,Qatar,displacement_refugees_origin,Refugees (from country),Context,Displacement,Context,Refugees under UNHCR's mandate originating from the country,people,True,2004,10,UNHCR,UNHCR Refugee Population Statistics,https://www.unhcr.org/refugee-statistics/,2026-09-10T00:36:24+00:00
QAT,Qatar,displacement_idps,Internally displaced persons,Context,Displacement,Context,Internally displaced persons of concern to UNHCR in the country,people,True,2004,0,UNHCR,UNHCR Refugee Population Statistics,https://www.unhcr.org/refugee-statistics/,2026-09-10T00:36:24+00:00
QAT,Qatar,displacement_refugees_origin,Refugees (from country),Context,Displacement,Context,Refugees under UNHCR's mandate originating from the country,people,True,2005,6,UNHCR,UNHCR Refugee Population Statistics,https://www.unhcr.org/refugee-statistics/,2026-09-10T00:36:24+00:00
QAT,Qatar,displacement_idps,Internally displaced persons,Context,Displacement,Context,Internally displaced persons of concern to UNHCR in the country,people,True,2005,0,UNHCR,UNHCR Refugee Population Statistics,https://www.unhcr.org/refugee-statistics/,2026-09-10T00:36:24+00:00
QAT,Qatar,displacement_refugees_origin,Refugees (from country),Context,Displacement,Context,Refugees under UNHCR's mandate originating from the country,people,True,2006,48,UNHCR,UNHCR Refugee Population Statistics,https://www.unhcr.org/refugee-statistics/,2026-09-10T00:36:24+00:00
QAT,Qatar,displacement_idps,Internally displaced persons,Context,Displacement,Context,Internally displaced persons of concern to UNHCR in the country,people,True,2006,0,UNHCR,UNHCR Refugee Population Statistics,https://www.unhcr.org/refugee-statistics/,2026-09-10T00:36:24+00:00
QAT,Qatar,displacement_refugees_origin,Refugees (from country),Context,Displacement,Context,Refugees under UNHCR's mandate originating from the country,people,True,2007,57,UNHCR,UNHCR Refugee Population Statistics,https://www.unhcr.org/refugee-statistics/,2026-09-10T00:36:24+00:00
QAT,Qatar,displacement_idps,Internally displaced persons,Context,Displacement,Context,Internally displaced persons of concern to UNHCR in the country,people,True,2007,0,UNHCR,UNHCR Refugee Population Statistics,https://www.unhcr.org/refugee-statistics/,2026-09-10T00:36:24+00:00
QAT,Qatar,displacement_refugees_origin,Refugees (from country),Context,Displacement,Context,Refugees under UNHCR's mandate originating from the country,people,True,2008,69,UNHCR,UNHCR Refugee Population Statistics,https://www.unhcr.org/refugee-statistics/,2026-09-10T00:36:24+00:00
QAT,Qatar,displacement_idps,Internally displaced persons,Context,Displacement,Context,Internally displaced persons of concern to UNHCR in the country,people,True,2008,0,UNHCR,UNHCR Refugee Population Statistics,https://www.unhcr.org/refugee-statistics/,2026-09-10T00:36:24+00:00
QAT,Qatar,displacement_refugees_origin,Refugees (from country),Context,Displacement,Context,Refugees under UNHCR's mandate originating from the country,people,True,2009,66,UNHCR,UNHCR Refugee Population Statistics,https://www.unhcr.org/refugee-statistics/,2026-09-10T00:36:24+00:00
QAT,Qatar,displacement_idps,Internally displaced persons,Context,Displacement,Context,Internally displaced persons of concern to UNHCR in the country,people,True,2009,0,UNHCR,UNHCR Refugee Population Statistics,https://www.unhcr.org/refugee-statistics/,2026-09-10T00:36:24+00:00
QAT,Qatar,displacement_refugees_origin,Refugees (from country),Context,Displacement,Context,Refugees under UNHCR's mandate originating from the country,people,True,2010,109,UNHCR,UNHCR Refugee Population Statistics,https://www.unhcr.org/refugee-statistics/,2026-09-10T00:36:24+00:00
QAT,Qatar,displacement_idps,Internally displaced persons,Context,Displacement,Context,Internally displaced persons of concern to UNHCR in the country,people,True,2010,0,UNHCR,UNHCR Refugee Population Statistics,https://www.unhcr.org/refugee-statistics/,2026-09-10T00:36:24+00:00
QAT,Qatar,displacement_refugees_origin,Refugees (from country),Context,Displacement,Context,Refugees under UNHCR's mandate originating from the country,people,True,2011,93,UNHCR,UNHCR Refugee Population Statistics,https://www.unhcr.org/refugee-statistics/,2026-09-10T00:36:24+00:00
QAT,Qatar,displacement_idps,Internally displaced persons,Context,Displacement,Context,Internally displaced persons of concern to UNHCR in the country,people,True,2011,0,UNHCR,UNHCR Refugee Population Statistics,https://www.unhcr.org/refugee-statistics/,2026-09-10T00:36:24+00:00
QAT,Qatar,displacement_refugees_origin,Refugees (from country),Context,Displacement,Context,Refugees under UNHCR's mandate originating from the country,people,True,2012,123,UNHCR,UNHCR Refugee Population Statistics,https://www.unhcr.org/refugee-statistics/,2026-09-10T00:36:24+00:00
QAT,Qatar,displacement_idps,Internally displaced persons,Context,Displacement,Context,Internally displaced persons of concern to UNHCR in the country,people,True,2012,0,UNHCR,UNHCR Refugee Population Statistics,https://www.unhcr.org/refugee-statistics/,2026-09-10T00:36:24+00:00
QAT,Qatar,displacement_refugees_origin,Refugees (from country),Context,Displacement,Context,Refugees under UNHCR's mandate originating from the country,people,True,2013,15,UNHCR,UNHCR Refugee Population Statistics,https://www.unhcr.org/refugee-statistics/,2026-09-10T00:36:24+00:00
QAT,Qatar,displacement_idps,Internally displaced persons,Context,Displacement,Context,Internally displaced persons of concern to UNHCR in the country,people,True,2013,0,UNHCR,UNHCR Refugee Population Statistics,https://www.unhcr.org/refugee-statistics/,2026-09-10T00:36:24+00:00
QAT,Qatar,displacement_refugees_origin,Refugees (from country),Context,Displacement,Context,Refugees under UNHCR's mandate originating from the country,people,True,2014,23,UNHCR,UNHCR Refugee Population Statistics,https://www.unhcr.org/refugee-statistics/,2026-09-10T00:36:24+00:00
QAT,Qatar,displacement_idps,Internally displaced persons,Context,Displacement,Context,Internally displaced persons of concern to UNHCR in the country,people,True,2014,0,UNHCR,UNHCR Refugee Population Statistics,https://www.unhcr.org/refugee-statistics/,2026-09-10T00:36:24+00:00
QAT,Qatar,displacement_refugees_origin,Refugees (from country),Context,Displacement,Context,Refugees under UNHCR's mandate originating from the country,people,True,2015,21,UNHCR,UNHCR Refugee Population Statistics,https://www.unhcr.org/refugee-statistics/,2026-09-10T00:36:24+00:00
QAT,Qatar,displacement_idps,Internally displaced persons,Context,Displacement,Context,Internally displaced persons of concern to UNHCR in the country,people,True,2015,0,UNHCR,UNHCR Refugee Population Statistics,https://www.unhcr.org/refugee-statistics/,2026-09-10T00:36:24+00:00
QAT,Qatar,displacement_refugees_origin,Refugees (from country),Context,Displacement,Context,Refugees under UNHCR's mandate originating from the country,people,True,2016,25,UNHCR,UNHCR Refugee Population Statistics,https://www.unhcr.org/refugee-statistics/,2026-09-10T00:36:24+00:00
QAT,Qatar,displacement_idps,Internally displaced persons,Context,Displacement,Context,Internally displaced persons of concern to UNHCR in the country,people,True,2016,0,UNHCR,UNHCR Refugee Population Statistics,https://www.unhcr.org/refugee-statistics/,2026-09-10T00:36:24+00:00
QAT,Qatar,displacement_refugees_origin,Refugees (from country),Context,Displacement,Context,Refugees under UNHCR's mandate originating from the country,people,True,2017,31,UNHCR,UNHCR Refugee Population Statistics,https://www.unhcr.org/refugee-statistics/,2026-09-10T00:36:24+00:00
QAT,Qatar,displacement_idps,Internally displaced persons,Context,Displacement,Context,Internally displaced persons of concern to UNHCR in the country,people,True,2017,0,UNHCR,UNHCR Refugee Population Statistics,https://www.unhcr.org/refugee-statistics/,2026-09-10T00:36:24+00:00
QAT,Qatar,displacement_refugees_origin,Refugees (from country),Context,Displacement,Context,Refugees under UNHCR's mandate originating from the country,people,True,2018,30,UNHCR,UNHCR Refugee Population Statistics,https://www.unhcr.org/refugee-statistics/,2026-09-10T00:36:24+00:00
QAT,Qatar,displacement_idps,Internally displaced persons,Context,Displacement,Context,Internally displaced persons of concern to UNHCR in the country,people,True,2018,0,UNHCR,UNHCR Refugee Population Statistics,https://www.unhcr.org/refugee-statistics/,2026-09-10T00:36:24+00:00
QAT,Qatar,displacement_refugees_origin,Refugees (from country),Context,Displacement,Context,Refugees under UNHCR's mandate originating from the country,people,True,2019,36,UNHCR,UNHCR Refugee Population Statistics,https://www.unhcr.org/refugee-statistics/,2026-09-10T00:36:24+00:00
QAT,Qatar,displacement_idps,Internally displaced persons,Context,Displacement,Context,Internally displaced persons of concern to UNHCR in the country,people,True,2019,0,UNHCR,UNHCR Refugee Population Statistics,https://www.unhcr.org/refugee-statistics/,2026-09-10T00:36:24+00:00
QAT,Qatar,displacement_refugees_origin,Refugees (from country),Context,Displacement,Context,Refugees under UNHCR's mandate originating from the country,people,True,2020,33,UNHCR,UNHCR Refugee Population Statistics,https://www.unhcr.org/refugee-statistics/,2026-09-10T00:36:24+00:00
QAT,Qatar,displacement_idps,Internally displaced persons,Context,Displacement,Context,Internally displaced persons of concern to UNHCR in the country,people,True,2020,0,UNHCR,UNHCR Refugee Population Statistics,https://www.unhcr.org/refugee-statistics/,2026-09-10T00:36:24+00:00
QAT,Qatar,displacement_refugees_origin,Refugees (from country),Context,Displacement,Context,Refugees under UNHCR's mandate originating from the country,people,True,2021,47,UNHCR,UNHCR Refugee Population Statistics,https://www.unhcr.org/refugee-statistics/,2026-09-10T00:36:24+00:00
QAT,Qatar,displacement_idps,Internally displaced persons,Context,Displacement,Context,Internally displaced persons of concern to UNHCR in the country,people,True,2021,0,UNHCR,UNHCR Refugee Population Statistics,https://www.unhcr.org/refugee-statistics/,2026-09-10T00:36:24+00:00
QAT,Qatar,displacement_refugees_origin,Refugees (from country),Context,Displacement,Context,Refugees under UNHCR's mandate originating from the country,people,True,2022,40,UNHCR,UNHCR Refugee Population Statistics,https://www.unhcr.org/refugee-statistics/,2026-09-10T00:36:24+00:00
QAT,Qatar,displacement_idps,Internally displaced persons,Context,Displacement,Context,Internally displaced persons of concern to UNHCR in the country,people,True,2022,0,UNHCR,UNHCR Refugee Population Statistics,https://www.unhcr.org/refugee-statistics/,2026-09-10T00:36:24+00:00
QAT,Qatar,displacement_refugees_origin,Refugees (from country),Context,Displacement,Context,Refugees under UNHCR's mandate originating from the country,people,True,2023,58,UNHCR,UNHCR Refugee Population Statistics,https://www.unhcr.org/refugee-statistics/,2026-09-10T00:36:24+00:00
QAT,Qatar,displacement_idps,Internally displaced persons,Context,Displacement,Context,Internally displaced persons of concern to UNHCR in the country,people,True,2023,0,UNHCR,UNHCR Refugee Population Statistics,https://www.unhcr.org/refugee-statistics/,2026-09-10T00:36:24+00:00
QAT,Qatar,displacement_refugees_origin,Refugees (from country),Context,Displacement,Context,Refugees under UNHCR's mandate originating from the country,people,True,2024,65,UNHCR,UNHCR Refugee Population Statistics,https://www.unhcr.org/refugee-statistics/,2026-09-10T00:36:24+00:00
QAT,Qatar,displacement_idps,Internally displaced persons,Context,Displacement,Context,Internally displaced persons of concern to UNHCR in the country,people,True,2024,0,UNHCR,UNHCR Refugee Population Statistics,https://www.unhcr.org/refugee-statistics/,2026-09-10T00:36:24+00:00
QAT,Qatar,displacement_refugees_hosted,Refugees (hosted),Context,Displacement,Context,Refugees under UNHCR's mandate hosted in the country (by country of asylum),people,True,2000,31,UNHCR,UNHCR Refugee Population Statistics,https://www.unhcr.org/refugee-statistics/,2026-09-10T00:36:24+00:00
QAT,Qatar,displacement_refugees_hosted,Refugees (hosted),Context,Displacement,Context,Refugees under UNHCR's mandate hosted in the country (by country of asylum),people,True,2001,67,UNHCR,UNHCR Refugee Population Statistics,https://www.unhcr.org/refugee-statistics/,2026-09-10T00:36:24+00:00
QAT,Qatar,displacement_refugees_hosted,Refugees (hosted),Context,Displacement,Context,Refugees under UNHCR's mandate hosted in the country (by country of asylum),people,True,2002,46,UNHCR,UNHCR Refugee Population Statistics,https://www.unhcr.org/refugee-statistics/,2026-09-10T00:36:24+00:00
QAT,Qatar,displacement_refugees_hosted,Refugees (hosted),Context,Displacement,Context,Refugees under UNHCR's mandate hosted in the country (by country of asylum),people,True,2003,46,UNHCR,UNHCR Refugee Population Statistics,https://www.unhcr.org/refugee-statistics/,2026-09-10T00:36:24+00:00
QAT,Qatar,displacement_refugees_hosted,Refugees (hosted),Context,Displacement,Context,Refugees under UNHCR's mandate hosted in the country (by country of asylum),people,True,2004,46,UNHCR,UNHCR Refugee Population Statistics,https://www.unhcr.org/refugee-statistics/,2026-09-10T00:36:24+00:00
QAT,Qatar,displacement_refugees_hosted,Refugees (hosted),Context,Displacement,Context,Refugees under UNHCR's mandate hosted in the country (by country of asylum),people,True,2005,46,UNHCR,UNHCR Refugee Population Statistics,https://www.unhcr.org/refugee-statistics/,2026-09-10T00:36:24+00:00
QAT,Qatar,displacement_refugees_hosted,Refugees (hosted),Context,Displacement,Context,Refugees under UNHCR's mandate hosted in the country (by country of asylum),people,True,2006,46,UNHCR,UNHCR Refugee Population Statistics,https://www.unhcr.org/refugee-statistics/,2026-09-10T00:36:24+00:00
QAT,Qatar,displacement_refugees_hosted,Refugees (hosted),Context,Displacement,Context,Refugees under UNHCR's mandate hosted in the country (by country of asylum),people,True,2007,46,UNHCR,UNHCR Refugee Population Statistics,https://www.unhcr.org/refugee-statistics/,2026-09-10T00:36:24+00:00
QAT,Qatar,displacement_refugees_hosted,Refugees (hosted),Context,Displacement,Context,Refugees under UNHCR's mandate hosted in the country (by country of asylum),people,True,2008,13,UNHCR,UNHCR Refugee Population Statistics,https://www.unhcr.org/refugee-statistics/,2026-09-10T00:36:24+00:00
QAT,Qatar,displacement_refugees_hosted,Refugees (hosted),Context,Displacement,Context,Refugees under UNHCR's mandate hosted in the country (by country of asylum),people,True,2009,29,UNHCR,UNHCR Refugee Population Statistics,https://www.unhcr.org/refugee-statistics/,2026-09-10T00:36:24+00:00
QAT,Qatar,displacement_refugees_hosted,Refugees (hosted),Context,Displacement,Context,Refugees under UNHCR's mandate hosted in the country (by country of asylum),people,True,2010,51,UNHCR,UNHCR Refugee Population Statistics,https://www.unhcr.org/refugee-statistics/,2026-09-10T00:36:24+00:00
QAT,Qatar,displacement_refugees_hosted,Refugees (hosted),Context,Displacement,Context,Refugees under UNHCR's mandate hosted in the country (by country of asylum),people,True,2011,80,UNHCR,UNHCR Refugee Population Statistics,https://www.unhcr.org/refugee-statistics/,2026-09-10T00:36:24+00:00
QAT,Qatar,displacement_refugees_hosted,Refugees (hosted),Context,Displacement,Context,Refugees under UNHCR's mandate hosted in the country (by country of asylum),people,True,2012,80,UNHCR,UNHCR Refugee Population Statistics,https://www.unhcr.org/refugee-statistics/,2026-09-10T00:36:24+00:00
QAT,Qatar,displacement_refugees_hosted,Refugees (hosted),Context,Displacement,Context,Refugees under UNHCR's mandate hosted in the country (by country of asylum),people,True,2013,130,UNHCR,UNHCR Refugee Population Statistics,https://www.unhcr.org/refugee-statistics/,2026-09-10T00:36:24+00:00
QAT,Qatar,displacement_refugees_hosted,Refugees (hosted),Context,Displacement,Context,Refugees under UNHCR's mandate hosted in the country (by country of asylum),people,True,2014,132,UNHCR,UNHCR Refugee Population Statistics,https://www.unhcr.org/refugee-statistics/,2026-09-10T00:36:24+00:00
QAT,Qatar,displacement_refugees_hosted,Refugees (hosted),Context,Displacement,Context,Refugees under UNHCR's mandate hosted in the country (by country of asylum),people,True,2015,117,UNHCR,UNHCR Refugee Population Statistics,https://www.unhcr.org/refugee-statistics/,2026-09-10T00:36:24+00:00
QAT,Qatar,displacement_refugees_hosted,Refugees (hosted),Context,Displacement,Context,Refugees under UNHCR's mandate hosted in the country (by country of asylum),people,True,2016,176,UNHCR,UNHCR Refugee Population Statistics,https://www.unhcr.org/refugee-statistics/,2026-09-10T00:36:24+00:00
QAT,Qatar,displacement_refugees_hosted,Refugees (hosted),Context,Displacement,Context,Refugees under UNHCR's mandate hosted in the country (by country of asylum),people,True,2017,188,UNHCR,UNHCR Refugee Population Statistics,https://www.unhcr.org/refugee-statistics/,2026-09-10T00:36:24+00:00
QAT,Qatar,displacement_refugees_hosted,Refugees (hosted),Context,Displacement,Context,Refugees under UNHCR's mandate hosted in the country (by country of asylum),people,True,2018,189,UNHCR,UNHCR Refugee Population Statistics,https://www.unhcr.org/refugee-statistics/,2026-09-10T00:36:24+00:00
QAT,Qatar,displacement_refugees_hosted,Refugees (hosted),Context,Displacement,Context,Refugees under UNHCR's mandate hosted in the country (by country of asylum),people,True,2019,202,UNHCR,UNHCR Refugee Population Statistics,https://www.unhcr.org/refugee-statistics/,2026-09-10T00:36:24+00:00
QAT,Qatar,displacement_refugees_hosted,Refugees (hosted),Context,Displacement,Context,Refugees under UNHCR's mandate hosted in the country (by country of asylum),people,True,2020,201,UNHCR,UNHCR Refugee Population Statistics,https://www.unhcr.org/refugee-statistics/,2026-09-10T00:36:24+00:00
QAT,Qatar,displacement_refugees_hosted,Refugees (hosted),Context,Displacement,Context,Refugees under UNHCR's mandate hosted in the country (by country of asylum),people,True,2021,197,UNHCR,UNHCR Refugee Population Statistics,https://www.unhcr.org/refugee-statistics/,2026-09-10T00:36:24+00:00
QAT,Qatar,displacement_refugees_hosted,Refugees (hosted),Context,Displacement,Context,Refugees under UNHCR's mandate hosted in the country (by country of asylum),people,True,2022,197,UNHCR,UNHCR Refugee Population Statistics,https://www.unhcr.org/refugee-statistics/,2026-09-10T00:36:24+00:00
QAT,Qatar,displacement_refugees_hosted,Refugees (hosted),Context,Displacement,Context,Refugees under UNHCR's mandate hosted in the country (by country of asylum),people,True,2023,197,UNHCR,UNHCR Refugee Population Statistics,https://www.unhcr.org/refugee-statistics/,2026-09-10T00:36:24+00:00
QAT,Qatar,displacement_refugees_hosted,Refugees (hosted),Context,Displacement,Context,Refugees under UNHCR's mandate hosted in the country (by country of asylum),people,True,2024,197,UNHCR,UNHCR Refugee Population Statistics,https://www.unhcr.org/refugee-statistics/,2026-09-10T00:36:24+00:00
SAU,Saudi Arabia,displacement_refugees_origin,Refugees (from country),Context,Displacement,Context,Refugees under UNHCR's mandate originating from the country,people,True,2000,77,UNHCR,UNHCR Refugee Population Statistics,https://www.unhcr.org/refugee-statistics/,2026-09-10T00:36:24+00:00
SAU,Saudi Arabia,displacement_idps,Internally displaced persons,Context,Displacement,Context,Internally displaced persons of concern to UNHCR in the country,people,True,2000,0,UNHCR,UNHCR Refugee Population Statistics,https://www.unhcr.org/refugee-statistics/,2026-09-10T00:36:24+00:00
SAU,Saudi Arabia,displacement_refugees_origin,Refugees (from country),Context,Displacement,Context,Refugees under UNHCR's mandate originating from the country,people,True,2001,29,UNHCR,UNHCR Refugee Population Statistics,https://www.unhcr.org/refugee-statistics/,2026-09-10T00:36:24+00:00
SAU,Saudi Arabia,displacement_idps,Internally displaced persons,Context,Displacement,Context,Internally displaced persons of concern to UNHCR in the country,people,True,2001,0,UNHCR,UNHCR Refugee Population Statistics,https://www.unhcr.org/refugee-statistics/,2026-09-10T00:36:24+00:00
SAU,Saudi Arabia,displacement_refugees_origin,Refugees (from country),Context,Displacement,Context,Refugees under UNHCR's mandate originating from the country,people,True,2002,104,UNHCR,UNHCR Refugee Population Statistics,https://www.unhcr.org/refugee-statistics/,2026-09-10T00:36:24+00:00
SAU,Saudi Arabia,displacement_idps,Internally displaced persons,Context,Displacement,Context,Internally displaced persons of concern to UNHCR in the country,people,True,2002,0,UNHCR,UNHCR Refugee Population Statistics,https://www.unhcr.org/refugee-statistics/,2026-09-10T00:36:24+00:00
SAU,Saudi Arabia,displacement_refugees_origin,Refugees (from country),Context,Displacement,Context,Refugees under UNHCR's mandate originating from the country,people,True,2003,232,UNHCR,UNHCR Refugee Population Statistics,https://www.unhcr.org/refugee-statistics/,2026-09-10T00:36:24+00:00
SAU,Saudi Arabia,displacement_idps,Internally displaced persons,Context,Displacement,Context,Internally displaced persons of concern to UNHCR in the country,people,True,2003,0,UNHCR,UNHCR Refugee Population Statistics,https://www.unhcr.org/refugee-statistics/,2026-09-10T00:36:24+00:00
SAU,Saudi Arabia,displacement_refugees_origin,Refugees (from country),Context,Displacement,Context,Refugees under UNHCR's mandate originating from the country,people,True,2004,212,UNHCR,UNHCR Refugee Population Statistics,https://www.unhcr.org/refugee-statistics/,2026-09-10T00:36:24+00:00
SAU,Saudi Arabia,displacement_idps,Internally displaced persons,Context,Displacement,Context,Internally displaced persons of concern to UNHCR in the country,people,True,2004,0,UNHCR,UNHCR Refugee Population Statistics,https://www.unhcr.org/refugee-statistics/,2026-09-10T00:36:24+00:00
SAU,Saudi Arabia,displacement_refugees_origin,Refugees (from country),Context,Displacement,Context,Refugees under UNHCR's mandate originating from the country,people,True,2005,146,UNHCR,UNHCR Refugee Population Statistics,https://www.unhcr.org/refugee-statistics/,2026-09-10T00:36:24+00:00
SAU,Saudi Arabia,displacement_idps,Internally displaced persons,Context,Displacement,Context,Internally displaced persons of concern to UNHCR in the country,people,True,2005,0,UNHCR,UNHCR Refugee Population Statistics,https://www.unhcr.org/refugee-statistics/,2026-09-10T00:36:24+00:00
SAU,Saudi Arabia,displacement_refugees_origin,Refugees (from country),Context,Displacement,Context,Refugees under UNHCR's mandate originating from the country,people,True,2006,609,UNHCR,UNHCR Refugee Population Statistics,https://www.unhcr.org/refugee-statistics/,2026-09-10T00:36:24+00:00
SAU,Saudi Arabia,displacement_idps,Internally displaced persons,Context,Displacement,Context,Internally displaced persons of concern to UNHCR in the country,people,True,2006,0,UNHCR,UNHCR Refugee Population Statistics,https://www.unhcr.org/refugee-statistics/,2026-09-10T00:36:24+00:00
SAU,Saudi Arabia,displacement_refugees_origin,Refugees (from country),Context,Displacement,Context,Refugees under UNHCR's mandate originating from the country,people,True,2007,737,UNHCR,UNHCR Refugee Population Statistics,https://www.unhcr.org/refugee-statistics/,2026-09-10T00:36:24+00:00
SAU,Saudi Arabia,displacement_idps,Internally displaced persons,Context,Displacement,Context,Internally displaced persons of concern to UNHCR in the country,people,True,2007,0,UNHCR,UNHCR Refugee Population Statistics,https://www.unhcr.org/refugee-statistics/,2026-09-10T00:36:24+00:00
SAU,Saudi Arabia,displacement_refugees_origin,Refugees (from country),Context,Displacement,Context,Refugees under UNHCR's mandate originating from the country,people,True,2008,700,UNHCR,UNHCR Refugee Population Statistics,https://www.unhcr.org/refugee-statistics/,2026-09-10T00:36:24+00:00
SAU,Saudi Arabia,displacement_idps,Internally displaced persons,Context,Displacement,Context,Internally displaced persons of concern to UNHCR in the country,people,True,2008,0,UNHCR,UNHCR Refugee Population Statistics,https://www.unhcr.org/refugee-statistics/,2026-09-10T00:36:24+00:00
SAU,Saudi Arabia,displacement_refugees_origin,Refugees (from country),Context,Displacement,Context,Refugees under UNHCR's mandate originating from the country,people,True,2009,629,UNHCR,UNHCR Refugee Population Statistics,https://www.unhcr.org/refugee-statistics/,2026-09-10T00:36:24+00:00
SAU,Saudi Arabia,displacement_idps,Internally displaced persons,Context,Displacement,Context,Internally displaced persons of concern to UNHCR in the country,people,True,2009,0,UNHCR,UNHCR Refugee Population Statistics,https://www.unhcr.org/refugee-statistics/,2026-09-10T00:36:24+00:00
SAU,Saudi Arabia,displacement_refugees_origin,Refugees (from country),Context,Displacement,Context,Refugees under UNHCR's mandate originating from the country,people,True,2010,659,UNHCR,UNHCR Refugee Population Statistics,https://www.unhcr.org/refugee-statistics/,2026-09-10T00:36:24+00:00
SAU,Saudi Arabia,displacement_idps,Internally displaced persons,Context,Displacement,Context,Internally displaced persons of concern to UNHCR in the country,people,True,2010,0,UNHCR,UNHCR Refugee Population Statistics,https://www.unhcr.org/refugee-statistics/,2026-09-10T00:36:24+00:00
SAU,Saudi Arabia,displacement_refugees_origin,Refugees (from country),Context,Displacement,Context,Refugees under UNHCR's mandate originating from the country,people,True,2011,733,UNHCR,UNHCR Refugee Population Statistics,https://www.unhcr.org/refugee-statistics/,2026-09-10T00:36:24+00:00
SAU,Saudi Arabia,displacement_idps,Internally displaced persons,Context,Displacement,Context,Internally displaced persons of concern to UNHCR in the country,people,True,2011,0,UNHCR,UNHCR Refugee Population Statistics,https://www.unhcr.org/refugee-statistics/,2026-09-10T00:36:24+00:00
SAU,Saudi Arabia,displacement_refugees_origin,Refugees (from country),Context,Displacement,Context,Refugees under UNHCR's mandate originating from the country,people,True,2012,811,UNHCR,UNHCR Refugee Population Statistics,https://www.unhcr.org/refugee-statistics/,2026-09-10T00:36:24+00:00
SAU,Saudi Arabia,displacement_idps,Internally displaced persons,Context,Displacement,Context,Internally displaced persons of concern to UNHCR in the country,people,True,2012,0,UNHCR,UNHCR Refugee Population Statistics,https://www.unhcr.org/refugee-statistics/,2026-09-10T00:36:24+00:00
SAU,Saudi Arabia,displacement_refugees_origin,Refugees (from country),Context,Displacement,Context,Refugees under UNHCR's mandate originating from the country,people,True,2013,575,UNHCR,UNHCR Refugee Population Statistics,https://www.unhcr.org/refugee-statistics/,2026-09-10T00:36:24+00:00
SAU,Saudi Arabia,displacement_idps,Internally displaced persons,Context,Displacement,Context,Internally displaced persons of concern to UNHCR in the country,people,True,2013,0,UNHCR,UNHCR Refugee Population Statistics,https://www.unhcr.org/refugee-statistics/,2026-09-10T00:36:24+00:00
SAU,Saudi Arabia,displacement_refugees_origin,Refugees (from country),Context,Displacement,Context,Refugees under UNHCR's mandate originating from the country,people,True,2014,616,UNHCR,UNHCR Refugee Population Statistics,https://www.unhcr.org/refugee-statistics/,2026-09-10T00:36:24+00:00
SAU,Saudi Arabia,displacement_idps,Internally displaced persons,Context,Displacement,Context,Internally displaced persons of concern to UNHCR in the country,people,True,2014,0,UNHCR,UNHCR Refugee Population Statistics,https://www.unhcr.org/refugee-statistics/,2026-09-10T00:36:24+00:00
SAU,Saudi Arabia,displacement_refugees_origin,Refugees (from country),Context,Displacement,Context,Refugees under UNHCR's mandate originating from the country,people,True,2015,686,UNHCR,UNHCR Refugee Population Statistics,https://www.unhcr.org/refugee-statistics/,2026-09-10T00:36:24+00:00
SAU,Saudi Arabia,displacement_idps,Internally displaced persons,Context,Displacement,Context,Internally displaced persons of concern to UNHCR in the country,people,True,2015,0,UNHCR,UNHCR Refugee Population Statistics,https://www.unhcr.org/refugee-statistics/,2026-09-10T00:36:24+00:00
SAU,Saudi Arabia,displacement_refugees_origin,Refugees (from country),Context,Displacement,Context,Refugees under UNHCR's mandate originating from the country,people,True,2016,937,UNHCR,UNHCR Refugee Population Statistics,https://www.unhcr.org/refugee-statistics/,2026-09-10T00:36:24+00:00
SAU,Saudi Arabia,displacement_idps,Internally displaced persons,Context,Displacement,Context,Internally displaced persons of concern to UNHCR in the country,people,True,2016,0,UNHCR,UNHCR Refugee Population Statistics,https://www.unhcr.org/refugee-statistics/,2026-09-10T00:36:24+00:00
SAU,Saudi Arabia,displacement_refugees_origin,Refugees (from country),Context,Displacement,Context,Refugees under UNHCR's mandate originating from the country,people,True,2017,1219,UNHCR,UNHCR Refugee Population Statistics,https://www.unhcr.org/refugee-statistics/,2026-09-10T00:36:24+00:00
SAU,Saudi Arabia,displacement_idps,Internally displaced persons,Context,Displacement,Context,Internally displaced persons of concern to UNHCR in the country,people,True,2017,0,UNHCR,UNHCR Refugee Population Statistics,https://www.unhcr.org/refugee-statistics/,2026-09-10T00:36:24+00:00
SAU,Saudi Arabia,displacement_refugees_origin,Refugees (from country),Context,Displacement,Context,Refugees under UNHCR's mandate originating from the country,people,True,2018,1492,UNHCR,UNHCR Refugee Population Statistics,https://www.unhcr.org/refugee-statistics/,2026-09-10T00:36:24+00:00
SAU,Saudi Arabia,displacement_idps,Internally displaced persons,Context,Displacement,Context,Internally displaced persons of concern to UNHCR in the country,people,True,2018,0,UNHCR,UNHCR Refugee Population Statistics,https://www.unhcr.org/refugee-statistics/,2026-09-10T00:36:24+00:00
SAU,Saudi Arabia,displacement_refugees_origin,Refugees (from country),Context,Displacement,Context,Refugees under UNHCR's mandate originating from the country,people,True,2019,1721,UNHCR,UNHCR Refugee Population Statistics,https://www.unhcr.org/refugee-statistics/,2026-09-10T00:36:24+00:00
SAU,Saudi Arabia,displacement_idps,Internally displaced persons,Context,Displacement,Context,Internally displaced persons of concern to UNHCR in the country,people,True,2019,0,UNHCR,UNHCR Refugee Population Statistics,https://www.unhcr.org/refugee-statistics/,2026-09-10T00:36:24+00:00
SAU,Saudi Arabia,displacement_refugees_origin,Refugees (from country),Context,Displacement,Context,Refugees under UNHCR's mandate originating from the country,people,True,2020,2003,UNHCR,UNHCR Refugee Population Statistics,https://www.unhcr.org/refugee-statistics/,2026-09-10T00:36:24+00:00
SAU,Saudi Arabia,displacement_idps,Internally displaced persons,Context,Displacement,Context,Internally displaced persons of concern to UNHCR in the country,people,True,2020,0,UNHCR,UNHCR Refugee Population Statistics,https://www.unhcr.org/refugee-statistics/,2026-09-10T00:36:24+00:00
SAU,Saudi Arabia,displacement_refugees_origin,Refugees (from country),Context,Displacement,Context,Refugees under UNHCR's mandate originating from the country,people,True,2021,2167,UNHCR,UNHCR Refugee Population Statistics,https://www.unhcr.org/refugee-statistics/,2026-09-10T00:36:24+00:00
SAU,Saudi Arabia,displacement_idps,Internally displaced persons,Context,Displacement,Context,Internally displaced persons of concern to UNHCR in the country,people,True,2021,0,UNHCR,UNHCR Refugee Population Statistics,https://www.unhcr.org/refugee-statistics/,2026-09-10T00:36:24+00:00
SAU,Saudi Arabia,displacement_refugees_origin,Refugees (from country),Context,Displacement,Context,Refugees under UNHCR's mandate originating from the country,people,True,2022,1942,UNHCR,UNHCR Refugee Population Statistics,https://www.unhcr.org/refugee-statistics/,2026-09-10T00:36:24+00:00
SAU,Saudi Arabia,displacement_idps,Internally displaced persons,Context,Displacement,Context,Internally displaced persons of concern to UNHCR in the country,people,True,2022,0,UNHCR,UNHCR Refugee Population Statistics,https://www.unhcr.org/refugee-statistics/,2026-09-10T00:36:24+00:00
SAU,Saudi Arabia,displacement_refugees_origin,Refugees (from country),Context,Displacement,Context,Refugees under UNHCR's mandate originating from the country,people,True,2023,2090,UNHCR,UNHCR Refugee Population Statistics,https://www.unhcr.org/refugee-statistics/,2026-09-10T00:36:24+00:00
SAU,Saudi Arabia,displacement_idps,Internally displaced persons,Context,Displacement,Context,Internally displaced persons of concern to UNHCR in the country,people,True,2023,0,UNHCR,UNHCR Refugee Population Statistics,https://www.unhcr.org/refugee-statistics/,2026-09-10T00:36:24+00:00
SAU,Saudi Arabia,displacement_refugees_origin,Refugees (from country),Context,Displacement,Context,Refugees under UNHCR's mandate originating from the country,people,True,2024,2332,UNHCR,UNHCR Refugee Population Statistics,https://www.unhcr.org/refugee-statistics/,2026-09-10T00:36:24+00:00
SAU,Saudi Arabia,displacement_idps,Internally displaced persons,Context,Displacement,Context,Internally displaced persons of concern to UNHCR in the country,people,True,2024,0,UNHCR,UNHCR Refugee Population Statistics,https://www.unhcr.org/refugee-statistics/,2026-09-10T00:36:24+00:00
SAU,Saudi Arabia,displacement_refugees_hosted,Refugees (hosted),Context,Displacement,Context,Refugees under UNHCR's mandate hosted in the country (by country of asylum),people,True,2000,5308,UNHCR,UNHCR Refugee Population Statistics,https://www.unhcr.org/refugee-statistics/,2026-09-10T00:36:24+00:00
SAU,Saudi Arabia,displacement_refugees_hosted,Refugees (hosted),Context,Displacement,Context,Refugees under UNHCR's mandate hosted in the country (by country of asylum),people,True,2001,245266,UNHCR,UNHCR Refugee Population Statistics,https://www.unhcr.org/refugee-statistics/,2026-09-10T00:36:24+00:00
SAU,Saudi Arabia,displacement_refugees_hosted,Refugees (hosted),Context,Displacement,Context,Refugees under UNHCR's mandate hosted in the country (by country of asylum),people,True,2002,245290,UNHCR,UNHCR Refugee Population Statistics,https://www.unhcr.org/refugee-statistics/,2026-09-10T00:36:24+00:00
SAU,Saudi Arabia,displacement_refugees_hosted,Refugees (hosted),Context,Displacement,Context,Refugees under UNHCR's mandate hosted in the country (by country of asylum),people,True,2003,240831,UNHCR,UNHCR Refugee Population Statistics,https://www.unhcr.org/refugee-statistics/,2026-09-10T00:36:24+00:00
SAU,Saudi Arabia,displacement_refugees_hosted,Refugees (hosted),Context,Displacement,Context,Refugees under UNHCR's mandate hosted in the country (by country of asylum),people,True,2004,240551,UNHCR,UNHCR Refugee Population Statistics,https://www.unhcr.org/refugee-statistics/,2026-09-10T00:36:24+00:00
SAU,Saudi Arabia,displacement_refugees_hosted,Refugees (hosted),Context,Displacement,Context,Refugees under UNHCR's mandate hosted in the country (by country of asylum),people,True,2005,240701,UNHCR,UNHCR Refugee Population Statistics,https://www.unhcr.org/refugee-statistics/,2026-09-10T00:36:24+00:00
SAU,Saudi Arabia,displacement_refugees_hosted,Refugees (hosted),Context,Displacement,Context,Refugees under UNHCR's mandate hosted in the country (by country of asylum),people,True,2006,240772,UNHCR,UNHCR Refugee Population Statistics,https://www.unhcr.org/refugee-statistics/,2026-09-10T00:36:24+00:00
SAU,Saudi Arabia,displacement_refugees_hosted,Refugees (hosted),Context,Displacement,Context,Refugees under UNHCR's mandate hosted in the country (by country of asylum),people,True,2007,240742,UNHCR,UNHCR Refugee Population Statistics,https://www.unhcr.org/refugee-statistics/,2026-09-10T00:36:24+00:00
SAU,Saudi Arabia,displacement_refugees_hosted,Refugees (hosted),Context,Displacement,Context,Refugees under UNHCR's mandate hosted in the country (by country of asylum),people,True,2008,240570,UNHCR,UNHCR Refugee Population Statistics,https://www.unhcr.org/refugee-statistics/,2026-09-10T00:36:24+00:00
SAU,Saudi Arabia,displacement_refugees_hosted,Refugees (hosted),Context,Displacement,Context,Refugees under UNHCR's mandate hosted in the country (by country of asylum),people,True,2009,573,UNHCR,UNHCR Refugee Population Statistics,https://www.unhcr.org/refugee-statistics/,2026-09-10T00:36:24+00:00
SAU,Saudi Arabia,displacement_refugees_hosted,Refugees (hosted),Context,Displacement,Context,Refugees under UNHCR's mandate hosted in the country (by country of asylum),people,True,2010,578,UNHCR,UNHCR Refugee Population Statistics,https://www.unhcr.org/refugee-statistics/,2026-09-10T00:36:24+00:00
SAU,Saudi Arabia,displacement_refugees_hosted,Refugees (hosted),Context,Displacement,Context,Refugees under UNHCR's mandate hosted in the country (by country of asylum),people,True,2011,595,UNHCR,UNHCR Refugee Population Statistics,https://www.unhcr.org/refugee-statistics/,2026-09-10T00:36:24+00:00
SAU,Saudi Arabia,displacement_refugees_hosted,Refugees (hosted),Context,Displacement,Context,Refugees under UNHCR's mandate hosted in the country (by country of asylum),people,True,2012,575,UNHCR,UNHCR Refugee Population Statistics,https://www.unhcr.org/refugee-statistics/,2026-09-10T00:36:24+00:00
SAU,Saudi Arabia,displacement_refugees_hosted,Refugees (hosted),Context,Displacement,Context,Refugees under UNHCR's mandate hosted in the country (by country of asylum),people,True,2013,557,UNHCR,UNHCR Refugee Population Statistics,https://www.unhcr.org/refugee-statistics/,2026-09-10T00:36:24+00:00
SAU,Saudi Arabia,displacement_refugees_hosted,Refugees (hosted),Context,Displacement,Context,Refugees under UNHCR's mandate hosted in the country (by country of asylum),people,True,2014,559,UNHCR,UNHCR Refugee Population Statistics,https://www.unhcr.org/refugee-statistics/,2026-09-10T00:36:24+00:00
SAU,Saudi Arabia,displacement_refugees_hosted,Refugees (hosted),Context,Displacement,Context,Refugees under UNHCR's mandate hosted in the country (by country of asylum),people,True,2015,122,UNHCR,UNHCR Refugee Population Statistics,https://www.unhcr.org/refugee-statistics/,2026-09-10T00:36:24+00:00
SAU,Saudi Arabia,displacement_refugees_hosted,Refugees (hosted),Context,Displacement,Context,Refugees under UNHCR's mandate hosted in the country (by country of asylum),people,True,2016,136,UNHCR,UNHCR Refugee Population Statistics,https://www.unhcr.org/refugee-statistics/,2026-09-10T00:36:24+00:00
SAU,Saudi Arabia,displacement_refugees_hosted,Refugees (hosted),Context,Displacement,Context,Refugees under UNHCR's mandate hosted in the country (by country of asylum),people,True,2017,153,UNHCR,UNHCR Refugee Population Statistics,https://www.unhcr.org/refugee-statistics/,2026-09-10T00:36:24+00:00
SAU,Saudi Arabia,displacement_refugees_hosted,Refugees (hosted),Context,Displacement,Context,Refugees under UNHCR's mandate hosted in the country (by country of asylum),people,True,2018,263,UNHCR,UNHCR Refugee Population Statistics,https://www.unhcr.org/refugee-statistics/,2026-09-10T00:36:24+00:00
SAU,Saudi Arabia,displacement_refugees_hosted,Refugees (hosted),Context,Displacement,Context,Refugees under UNHCR's mandate hosted in the country (by country of asylum),people,True,2019,315,UNHCR,UNHCR Refugee Population Statistics,https://www.unhcr.org/refugee-statistics/,2026-09-10T00:36:24+00:00
SAU,Saudi Arabia,displacement_refugees_hosted,Refugees (hosted),Context,Displacement,Context,Refugees under UNHCR's mandate hosted in the country (by country of asylum),people,True,2020,330,UNHCR,UNHCR Refugee Population Statistics,https://www.unhcr.org/refugee-statistics/,2026-09-10T00:36:24+00:00
SAU,Saudi Arabia,displacement_refugees_hosted,Refugees (hosted),Context,Displacement,Context,Refugees under UNHCR's mandate hosted in the country (by country of asylum),people,True,2021,333,UNHCR,UNHCR Refugee Population Statistics,https://www.unhcr.org/refugee-statistics/,2026-09-10T00:36:24+00:00
SAU,Saudi Arabia,displacement_refugees_hosted,Refugees (hosted),Context,Displacement,Context,Refugees under UNHCR's mandate hosted in the country (by country of asylum),people,True,2022,454,UNHCR,UNHCR Refugee Population Statistics,https://www.unhcr.org/refugee-statistics/,2026-09-10T00:36:24+00:00
SAU,Saudi Arabia,displacement_refugees_hosted,Refugees (hosted),Context,Displacement,Context,Refugees under UNHCR's mandate hosted in the country (by country of asylum),people,True,2023,477,UNHCR,UNHCR Refugee Population Statistics,https://www.unhcr.org/refugee-statistics/,2026-09-10T00:36:24+00:00
SAU,Saudi Arabia,displacement_refugees_hosted,Refugees (hosted),Context,Displacement,Context,Refugees under UNHCR's mandate hosted in the country (by country of asylum),people,True,2024,448,UNHCR,UNHCR Refugee Population Statistics,https://www.unhcr.org/refugee-statistics/,2026-09-10T00:36:24+00:00
SOM,Somalia,displacement_refugees_origin,Refugees (from country),Context,Displacement,Context,Refugees under UNHCR's mandate originating from the country,people,True,2000,475644,UNHCR,UNHCR Refugee Population Statistics,https://www.unhcr.org/refugee-statistics/,2026-09-10T00:36:24+00:00
SOM,Somalia,displacement_idps,Internally displaced persons,Context,Displacement,Context,Internally displaced persons of concern to UNHCR in the country,people,True,2000,18000,UNHCR,UNHCR Refugee Population Statistics,https://www.unhcr.org/refugee-statistics/,2026-09-10T00:36:24+00:00
SOM,Somalia,displacement_refugees_origin,Refugees (from country),Context,Displacement,Context,Refugees under UNHCR's mandate originating from the country,people,True,2001,440120,UNHCR,UNHCR Refugee Population Statistics,https://www.unhcr.org/refugee-statistics/,2026-09-10T00:36:24+00:00
SOM,Somalia,displacement_idps,Internally displaced persons,Context,Displacement,Context,Internally displaced persons of concern to UNHCR in the country,people,True,2001,0,UNHCR,UNHCR Refugee Population Statistics,https://www.unhcr.org/refugee-statistics/,2026-09-10T00:36:24+00:00
SOM,Somalia,displacement_refugees_origin,Refugees (from country),Context,Displacement,Context,Refugees under UNHCR's mandate originating from the country,people,True,2002,432304,UNHCR,UNHCR Refugee Population Statistics,https://www.unhcr.org/refugee-statistics/,2026-09-10T00:36:24+00:00
SOM,Somalia,displacement_idps,Internally displaced persons,Context,Displacement,Context,Internally displaced persons of concern to UNHCR in the country,people,True,2002,0,UNHCR,UNHCR Refugee Population Statistics,https://www.unhcr.org/refugee-statistics/,2026-09-10T00:36:24+00:00
SOM,Somalia,displacement_refugees_origin,Refugees (from country),Context,Displacement,Context,Refugees under UNHCR's mandate originating from the country,people,True,2003,402329,UNHCR,UNHCR Refugee Population Statistics,https://www.unhcr.org/refugee-statistics/,2026-09-10T00:36:24+00:00
SOM,Somalia,displacement_idps,Internally displaced persons,Context,Displacement,Context,Internally displaced persons of concern to UNHCR in the country,people,True,2003,0,UNHCR,UNHCR Refugee Population Statistics,https://www.unhcr.org/refugee-statistics/,2026-09-10T00:36:24+00:00
SOM,Somalia,displacement_refugees_origin,Refugees (from country),Context,Displacement,Context,Refugees under UNHCR's mandate originating from the country,people,True,2004,389287,UNHCR,UNHCR Refugee Population Statistics,https://www.unhcr.org/refugee-statistics/,2026-09-10T00:36:24+00:00
SOM,Somalia,displacement_idps,Internally displaced persons,Context,Displacement,Context,Internally displaced persons of concern to UNHCR in the country,people,True,2004,0,UNHCR,UNHCR Refugee Population Statistics,https://www.unhcr.org/refugee-statistics/,2026-09-10T00:36:24+00:00
SOM,Somalia,displacement_refugees_origin,Refugees (from country),Context,Displacement,Context,Refugees under UNHCR's mandate originating from the country,people,True,2005,395544,UNHCR,UNHCR Refugee Population Statistics,https://www.unhcr.org/refugee-statistics/,2026-09-10T00:36:24+00:00
SOM,Somalia,displacement_idps,Internally displaced persons,Context,Displacement,Context,Internally displaced persons of concern to UNHCR in the country,people,True,2005,400000,UNHCR,UNHCR Refugee Population Statistics,https://www.unhcr.org/refugee-statistics/,2026-09-10T00:36:24+00:00
SOM,Somalia,displacement_refugees_origin,Refugees (from country),Context,Displacement,Context,Refugees under UNHCR's mandate originating from the country,people,True,2006,464026,UNHCR,UNHCR Refugee Population Statistics,https://www.unhcr.org/refugee-statistics/,2026-09-10T00:36:24+00:00
SOM,Somalia,displacement_idps,Internally displaced persons,Context,Displacement,Context,Internally displaced persons of concern to UNHCR in the country,people,True,2006,400000,UNHCR,UNHCR Refugee Population Statistics,https://www.unhcr.org/refugee-statistics/,2026-09-10T00:36:24+00:00
SOM,Somalia,displacement_refugees_origin,Refugees (from country),Context,Displacement,Context,Refugees under UNHCR's mandate originating from the country,people,True,2007,457345,UNHCR,UNHCR Refugee Population Statistics,https://www.unhcr.org/refugee-statistics/,2026-09-10T00:36:24+00:00
SOM,Somalia,displacement_idps,Internally displaced persons,Context,Displacement,Context,Internally displaced persons of concern to UNHCR in the country,people,True,2007,1000000,UNHCR,UNHCR Refugee Population Statistics,https://www.unhcr.org/refugee-statistics/,2026-09-10T00:36:24+00:00
SOM,Somalia,displacement_refugees_origin,Refugees (from country),Context,Displacement,Context,Refugees under UNHCR's mandate originating from the country,people,True,2008,561145,UNHCR,UNHCR Refugee Population Statistics,https://www.unhcr.org/refugee-statistics/,2026-09-10T00:36:24+00:00
SOM,Somalia,displacement_idps,Internally displaced persons,Context,Displacement,Context,Internally displaced persons of concern to UNHCR in the country,people,True,2008,1277200,UNHCR,UNHCR Refugee Population Statistics,https://www.unhcr.org/refugee-statistics/,2026-09-10T00:36:24+00:00
SOM,Somalia,displacement_refugees_origin,Refugees (from country),Context,Displacement,Context,Refugees under UNHCR's mandate originating from the country,people,True,2009,678296,UNHCR,UNHCR Refugee Population Statistics,https://www.unhcr.org/refugee-statistics/,2026-09-10T00:36:24+00:00
SOM,Somalia,displacement_idps,Internally displaced persons,Context,Displacement,Context,Internally displaced persons of concern to UNHCR in the country,people,True,2009,1550000,UNHCR,UNHCR Refugee Population Statistics,https://www.unhcr.org/refugee-statistics/,2026-09-10T00:36:24+00:00
SOM,Somalia,displacement_refugees_origin,Refugees (from country),Context,Displacement,Context,Refugees under UNHCR's mandate originating from the country,people,True,2010,770141,UNHCR,UNHCR Refugee Population Statistics,https://www.unhcr.org/refugee-statistics/,2026-09-10T00:36:24+00:00
SOM,Somalia,displacement_idps,Internally displaced persons,Context,Displacement,Context,Internally displaced persons of concern to UNHCR in the country,people,True,2010,1463780,UNHCR,UNHCR Refugee Population Statistics,https://www.unhcr.org/refugee-statistics/,2026-09-10T00:36:24+00:00
SOM,Somalia,displacement_refugees_origin,Refugees (from country),Context,Displacement,Context,Refugees under UNHCR's mandate originating from the country,people,True,2011,1077038,UNHCR,UNHCR Refugee Population Statistics,https://www.unhcr.org/refugee-statistics/,2026-09-10T00:36:24+00:00
SOM,Somalia,displacement_idps,Internally displaced persons,Context,Displacement,Context,Internally displaced persons of concern to UNHCR in the country,people,True,2011,1356845,UNHCR,UNHCR Refugee Population Statistics,https://www.unhcr.org/refugee-statistics/,2026-09-10T00:36:24+00:00
SOM,Somalia,displacement_refugees_origin,Refugees (from country),Context,Displacement,Context,Refugees under UNHCR's mandate originating from the country,people,True,2012,1136709,UNHCR,UNHCR Refugee Population Statistics,https://www.unhcr.org/refugee-statistics/,2026-09-10T00:36:24+00:00
SOM,Somalia,displacement_idps,Internally displaced persons,Context,Displacement,Context,Internally displaced persons of concern to UNHCR in the country,people,True,2012,1132963,UNHCR,UNHCR Refugee Population Statistics,https://www.unhcr.org/refugee-statistics/,2026-09-10T00:36:24+00:00
SOM,Somalia,displacement_refugees_origin,Refugees (from country),Context,Displacement,Context,Refugees under UNHCR's mandate originating from the country,people,True,2013,1121760,UNHCR,UNHCR Refugee Population Statistics,https://www.unhcr.org/refugee-statistics/,2026-09-10T00:36:24+00:00
SOM,Somalia,displacement_idps,Internally displaced persons,Context,Displacement,Context,Internally displaced persons of concern to UNHCR in the country,people,True,2013,1133000,UNHCR,UNHCR Refugee Population Statistics,https://www.unhcr.org/refugee-statistics/,2026-09-10T00:36:24+00:00
SOM,Somalia,displacement_refugees_origin,Refugees (from country),Context,Displacement,Context,Refugees under UNHCR's mandate originating from the country,people,True,2014,1106430,UNHCR,UNHCR Refugee Population Statistics,https://www.unhcr.org/refugee-statistics/,2026-09-10T00:36:24+00:00
SOM,Somalia,displacement_idps,Internally displaced persons,Context,Displacement,Context,Internally displaced persons of concern to UNHCR in the country,people,True,2014,1133000,UNHCR,UNHCR Refugee Population Statistics,https://www.unhcr.org/refugee-statistics/,2026-09-10T00:36:24+00:00
SOM,Somalia,displacement_refugees_origin,Refugees (from country),Context,Displacement,Context,Refugees under UNHCR's mandate originating from the country,people,True,2015,1123144,UNHCR,UNHCR Refugee Population Statistics,https://www.unhcr.org/refugee-statistics/,2026-09-10T00:36:24+00:00
SOM,Somalia,displacement_idps,Internally displaced persons,Context,Displacement,Context,Internally displaced persons of concern to UNHCR in the country,people,True,2015,1133000,UNHCR,UNHCR Refugee Population Statistics,https://www.unhcr.org/refugee-statistics/,2026-09-10T00:36:24+00:00
SOM,Somalia,displacement_refugees_origin,Refugees (from country),Context,Displacement,Context,Refugees under UNHCR's mandate originating from the country,people,True,2016,1012320,UNHCR,UNHCR Refugee Population Statistics,https://www.unhcr.org/refugee-statistics/,2026-09-10T00:36:24+00:00
SOM,Somalia,displacement_idps,Internally displaced persons,Context,Displacement,Context,Internally displaced persons of concern to UNHCR in the country,people,True,2016,1562554,UNHCR,UNHCR Refugee Population Statistics,https://www.unhcr.org/refugee-statistics/,2026-09-10T00:36:24+00:00
SOM,Somalia,displacement_refugees_origin,Refugees (from country),Context,Displacement,Context,Refugees under UNHCR's mandate originating from the country,people,True,2017,986386,UNHCR,UNHCR Refugee Population Statistics,https://www.unhcr.org/refugee-statistics/,2026-09-10T00:36:24+00:00
SOM,Somalia,displacement_idps,Internally displaced persons,Context,Displacement,Context,Internally displaced persons of concern to UNHCR in the country,people,True,2017,2116705,UNHCR,UNHCR Refugee Population Statistics,https://www.unhcr.org/refugee-statistics/,2026-09-10T00:36:24+00:00
SOM,Somalia,displacement_refugees_origin,Refugees (from country),Context,Displacement,Context,Refugees under UNHCR's mandate originating from the country,people,True,2018,949637,UNHCR,UNHCR Refugee Population Statistics,https://www.unhcr.org/refugee-statistics/,2026-09-10T00:36:24+00:00
SOM,Somalia,displacement_idps,Internally displaced persons,Context,Displacement,Context,Internally displaced persons of concern to UNHCR in the country,people,True,2018,2648001,UNHCR,UNHCR Refugee Population Statistics,https://www.unhcr.org/refugee-statistics/,2026-09-10T00:36:24+00:00
SOM,Somalia,displacement_refugees_origin,Refugees (from country),Context,Displacement,Context,Refugees under UNHCR's mandate originating from the country,people,True,2019,901596,UNHCR,UNHCR Refugee Population Statistics,https://www.unhcr.org/refugee-statistics/,2026-09-10T00:36:24+00:00
SOM,Somalia,displacement_idps,Internally displaced persons,Context,Displacement,Context,Internally displaced persons of concern to UNHCR in the country,people,True,2019,2648000,UNHCR,UNHCR Refugee Population Statistics,https://www.unhcr.org/refugee-statistics/,2026-09-10T00:36:24+00:00
SOM,Somalia,displacement_refugees_origin,Refugees (from country),Context,Displacement,Context,Refugees under UNHCR's mandate originating from the country,people,True,2020,812356,UNHCR,UNHCR Refugee Population Statistics,https://www.unhcr.org/refugee-statistics/,2026-09-10T00:36:24+00:00
SOM,Somalia,displacement_idps,Internally displaced persons,Context,Displacement,Context,Internally displaced persons of concern to UNHCR in the country,people,True,2020,2967500,UNHCR,UNHCR Refugee Population Statistics,https://www.unhcr.org/refugee-statistics/,2026-09-10T00:36:24+00:00
SOM,Somalia,displacement_refugees_origin,Refugees (from country),Context,Displacement,Context,Refugees under UNHCR's mandate originating from the country,people,True,2021,776678,UNHCR,UNHCR Refugee Population Statistics,https://www.unhcr.org/refugee-statistics/,2026-09-10T00:36:24+00:00
SOM,Somalia,displacement_idps,Internally displaced persons,Context,Displacement,Context,Internally displaced persons of concern to UNHCR in the country,people,True,2021,2967500,UNHCR,UNHCR Refugee Population Statistics,https://www.unhcr.org/refugee-statistics/,2026-09-10T00:36:24+00:00
SOM,Somalia,displacement_refugees_origin,Refugees (from country),Context,Displacement,Context,Refugees under UNHCR's mandate originating from the country,people,True,2022,786794,UNHCR,UNHCR Refugee Population Statistics,https://www.unhcr.org/refugee-statistics/,2026-09-10T00:36:24+00:00
SOM,Somalia,displacement_idps,Internally displaced persons,Context,Displacement,Context,Internally displaced persons of concern to UNHCR in the country,people,True,2022,2967500,UNHCR,UNHCR Refugee Population Statistics,https://www.unhcr.org/refugee-statistics/,2026-09-10T00:36:24+00:00
SOM,Somalia,displacement_refugees_origin,Refugees (from country),Context,Displacement,Context,Refugees under UNHCR's mandate originating from the country,people,True,2023,842044,UNHCR,UNHCR Refugee Population Statistics,https://www.unhcr.org/refugee-statistics/,2026-09-10T00:36:24+00:00
SOM,Somalia,displacement_idps,Internally displaced persons,Context,Displacement,Context,Internally displaced persons of concern to UNHCR in the country,people,True,2023,3860099,UNHCR,UNHCR Refugee Population Statistics,https://www.unhcr.org/refugee-statistics/,2026-09-10T00:36:24+00:00
SOM,Somalia,displacement_refugees_origin,Refugees (from country),Context,Displacement,Context,Refugees under UNHCR's mandate originating from the country,people,True,2024,894120,UNHCR,UNHCR Refugee Population Statistics,https://www.unhcr.org/refugee-statistics/,2026-09-10T00:36:24+00:00
SOM,Somalia,displacement_idps,Internally displaced persons,Context,Displacement,Context,Internally displaced persons of concern to UNHCR in the country,people,True,2024,3861643,UNHCR,UNHCR Refugee Population Statistics,https://www.unhcr.org/refugee-statistics/,2026-09-10T00:36:24+00:00
SOM,Somalia,displacement_refugees_hosted,Refugees (hosted),Context,Displacement,Context,Refugees under UNHCR's mandate hosted in the country (by country of asylum),people,True,2000,555,UNHCR,UNHCR Refugee Population Statistics,https://www.unhcr.org/refugee-statistics/,2026-09-10T00:36:24+00:00
SOM,Somalia,displacement_refugees_hosted,Refugees (hosted),Context,Displacement,Context,Refugees under UNHCR's mandate hosted in the country (by country of asylum),people,True,2001,587,UNHCR,UNHCR Refugee Population Statistics,https://www.unhcr.org/refugee-statistics/,2026-09-10T00:36:24+00:00
SOM,Somalia,displacement_refugees_hosted,Refugees (hosted),Context,Displacement,Context,Refugees under UNHCR's mandate hosted in the country (by country of asylum),people,True,2002,193,UNHCR,UNHCR Refugee Population Statistics,https://www.unhcr.org/refugee-statistics/,2026-09-10T00:36:24+00:00
SOM,Somalia,displacement_refugees_hosted,Refugees (hosted),Context,Displacement,Context,Refugees under UNHCR's mandate hosted in the country (by country of asylum),people,True,2003,366,UNHCR,UNHCR Refugee Population Statistics,https://www.unhcr.org/refugee-statistics/,2026-09-10T00:36:24+00:00
SOM,Somalia,displacement_refugees_hosted,Refugees (hosted),Context,Displacement,Context,Refugees under UNHCR's mandate hosted in the country (by country of asylum),people,True,2004,362,UNHCR,UNHCR Refugee Population Statistics,https://www.unhcr.org/refugee-statistics/,2026-09-10T00:36:24+00:00
SOM,Somalia,displacement_refugees_hosted,Refugees (hosted),Context,Displacement,Context,Refugees under UNHCR's mandate hosted in the country (by country of asylum),people,True,2005,498,UNHCR,UNHCR Refugee Population Statistics,https://www.unhcr.org/refugee-statistics/,2026-09-10T00:36:24+00:00
SOM,Somalia,displacement_refugees_hosted,Refugees (hosted),Context,Displacement,Context,Refugees under UNHCR's mandate hosted in the country (by country of asylum),people,True,2006,669,UNHCR,UNHCR Refugee Population Statistics,https://www.unhcr.org/refugee-statistics/,2026-09-10T00:36:24+00:00
SOM,Somalia,displacement_refugees_hosted,Refugees (hosted),Context,Displacement,Context,Refugees under UNHCR's mandate hosted in the country (by country of asylum),people,True,2007,903,UNHCR,UNHCR Refugee Population Statistics,https://www.unhcr.org/refugee-statistics/,2026-09-10T00:36:24+00:00
SOM,Somalia,displacement_refugees_hosted,Refugees (hosted),Context,Displacement,Context,Refugees under UNHCR's mandate hosted in the country (by country of asylum),people,True,2008,1842,UNHCR,UNHCR Refugee Population Statistics,https://www.unhcr.org/refugee-statistics/,2026-09-10T00:36:24+00:00
SOM,Somalia,displacement_refugees_hosted,Refugees (hosted),Context,Displacement,Context,Refugees under UNHCR's mandate hosted in the country (by country of asylum),people,True,2009,1819,UNHCR,UNHCR Refugee Population Statistics,https://www.unhcr.org/refugee-statistics/,2026-09-10T00:36:24+00:00
SOM,Somalia,displacement_refugees_hosted,Refugees (hosted),Context,Displacement,Context,Refugees under UNHCR's mandate hosted in the country (by country of asylum),people,True,2010,1934,UNHCR,UNHCR Refugee Population Statistics,https://www.unhcr.org/refugee-statistics/,2026-09-10T00:36:24+00:00
SOM,Somalia,displacement_refugees_hosted,Refugees (hosted),Context,Displacement,Context,Refugees under UNHCR's mandate hosted in the country (by country of asylum),people,True,2011,2100,UNHCR,UNHCR Refugee Population Statistics,https://www.unhcr.org/refugee-statistics/,2026-09-10T00:36:24+00:00
SOM,Somalia,displacement_refugees_hosted,Refugees (hosted),Context,Displacement,Context,Refugees under UNHCR's mandate hosted in the country (by country of asylum),people,True,2012,2307,UNHCR,UNHCR Refugee Population Statistics,https://www.unhcr.org/refugee-statistics/,2026-09-10T00:36:24+00:00
SOM,Somalia,displacement_refugees_hosted,Refugees (hosted),Context,Displacement,Context,Refugees under UNHCR's mandate hosted in the country (by country of asylum),people,True,2013,2426,UNHCR,UNHCR Refugee Population Statistics,https://www.unhcr.org/refugee-statistics/,2026-09-10T00:36:24+00:00
SOM,Somalia,displacement_refugees_hosted,Refugees (hosted),Context,Displacement,Context,Refugees under UNHCR's mandate hosted in the country (by country of asylum),people,True,2014,2732,UNHCR,UNHCR Refugee Population Statistics,https://www.unhcr.org/refugee-statistics/,2026-09-10T00:36:24+00:00
SOM,Somalia,displacement_refugees_hosted,Refugees (hosted),Context,Displacement,Context,Refugees under UNHCR's mandate hosted in the country (by country of asylum),people,True,2015,8081,UNHCR,UNHCR Refugee Population Statistics,https://www.unhcr.org/refugee-statistics/,2026-09-10T00:36:24+00:00
SOM,Somalia,displacement_refugees_hosted,Refugees (hosted),Context,Displacement,Context,Refugees under UNHCR's mandate hosted in the country (by country of asylum),people,True,2016,11579,UNHCR,UNHCR Refugee Population Statistics,https://www.unhcr.org/refugee-statistics/,2026-09-10T00:36:24+00:00
SOM,Somalia,displacement_refugees_hosted,Refugees (hosted),Context,Displacement,Context,Refugees under UNHCR's mandate hosted in the country (by country of asylum),people,True,2017,14565,UNHCR,UNHCR Refugee Population Statistics,https://www.unhcr.org/refugee-statistics/,2026-09-10T00:36:24+00:00
SOM,Somalia,displacement_refugees_hosted,Refugees (hosted),Context,Displacement,Context,Refugees under UNHCR's mandate hosted in the country (by country of asylum),people,True,2018,16738,UNHCR,UNHCR Refugee Population Statistics,https://www.unhcr.org/refugee-statistics/,2026-09-10T00:36:24+00:00
SOM,Somalia,displacement_refugees_hosted,Refugees (hosted),Context,Displacement,Context,Refugees under UNHCR's mandate hosted in the country (by country of asylum),people,True,2019,17882,UNHCR,UNHCR Refugee Population Statistics,https://www.unhcr.org/refugee-statistics/,2026-09-10T00:36:24+00:00
SOM,Somalia,displacement_refugees_hosted,Refugees (hosted),Context,Displacement,Context,Refugees under UNHCR's mandate hosted in the country (by country of asylum),people,True,2020,11220,UNHCR,UNHCR Refugee Population Statistics,https://www.unhcr.org/refugee-statistics/,2026-09-10T00:36:24+00:00
SOM,Somalia,displacement_refugees_hosted,Refugees (hosted),Context,Displacement,Context,Refugees under UNHCR's mandate hosted in the country (by country of asylum),people,True,2021,13804,UNHCR,UNHCR Refugee Population Statistics,https://www.unhcr.org/refugee-statistics/,2026-09-10T00:36:24+00:00
SOM,Somalia,displacement_refugees_hosted,Refugees (hosted),Context,Displacement,Context,Refugees under UNHCR's mandate hosted in the country (by country of asylum),people,True,2022,16023,UNHCR,UNHCR Refugee Population Statistics,https://www.unhcr.org/refugee-statistics/,2026-09-10T00:36:24+00:00
SOM,Somalia,displacement_refugees_hosted,Refugees (hosted),Context,Displacement,Context,Refugees under UNHCR's mandate hosted in the country (by country of asylum),people,True,2023,17770,UNHCR,UNHCR Refugee Population Statistics,https://www.unhcr.org/refugee-statistics/,2026-09-10T00:36:24+00:00
SOM,Somalia,displacement_refugees_hosted,Refugees (hosted),Context,Displacement,Context,Refugees under UNHCR's mandate hosted in the country (by country of asylum),people,True,2024,19503,UNHCR,UNHCR Refugee Population Statistics,https://www.unhcr.org/refugee-statistics/,2026-09-10T00:36:24+00:00
SDN,Sudan,displacement_refugees_origin,Refugees (from country),Context,Displacement,Context,Refugees under UNHCR's mandate originating from the country,people,True,2000,494351,UNHCR,UNHCR Refugee Population Statistics,https://www.unhcr.org/refugee-statistics/,2026-09-10T00:36:24+00:00
SDN,Sudan,displacement_idps,Internally displaced persons,Context,Displacement,Context,Internally displaced persons of concern to UNHCR in the country,people,True,2000,0,UNHCR,UNHCR Refugee Population Statistics,https://www.unhcr.org/refugee-statistics/,2026-09-10T00:36:24+00:00
SDN,Sudan,displacement_refugees_origin,Refugees (from country),Context,Displacement,Context,Refugees under UNHCR's mandate originating from the country,people,True,2001,489931,UNHCR,UNHCR Refugee Population Statistics,https://www.unhcr.org/refugee-statistics/,2026-09-10T00:36:24+00:00
SDN,Sudan,displacement_idps,Internally displaced persons,Context,Displacement,Context,Internally displaced persons of concern to UNHCR in the country,people,True,2001,0,UNHCR,UNHCR Refugee Population Statistics,https://www.unhcr.org/refugee-statistics/,2026-09-10T00:36:24+00:00
SDN,Sudan,displacement_refugees_origin,Refugees (from country),Context,Displacement,Context,Refugees under UNHCR's mandate originating from the country,people,True,2002,508863,UNHCR,UNHCR Refugee Population Statistics,https://www.unhcr.org/refugee-statistics/,2026-09-10T00:36:24+00:00
SDN,Sudan,displacement_idps,Internally displaced persons,Context,Displacement,Context,Internally displaced persons of concern to UNHCR in the country,people,True,2002,0,UNHCR,UNHCR Refugee Population Statistics,https://www.unhcr.org/refugee-statistics/,2026-09-10T00:36:24+00:00
SDN,Sudan,displacement_refugees_origin,Refugees (from country),Context,Displacement,Context,Refugees under UNHCR's mandate originating from the country,people,True,2003,606230,UNHCR,UNHCR Refugee Population Statistics,https://www.unhcr.org/refugee-statistics/,2026-09-10T00:36:24+00:00
SDN,Sudan,displacement_idps,Internally displaced persons,Context,Displacement,Context,Internally displaced persons of concern to UNHCR in the country,people,True,2003,0,UNHCR,UNHCR Refugee Population Statistics,https://www.unhcr.org/refugee-statistics/,2026-09-10T00:36:24+00:00
SDN,Sudan,displacement_refugees_origin,Refugees (from country),Context,Displacement,Context,Refugees under UNHCR's mandate originating from the country,people,True,2004,730631,UNHCR,UNHCR Refugee Population Statistics,https://www.unhcr.org/refugee-statistics/,2026-09-10T00:36:24+00:00
SDN,Sudan,displacement_idps,Internally displaced persons,Context,Displacement,Context,Internally displaced persons of concern to UNHCR in the country,people,True,2004,662302,UNHCR,UNHCR Refugee Population Statistics,https://www.unhcr.org/refugee-statistics/,2026-09-10T00:36:24+00:00
SDN,Sudan,displacement_refugees_origin,Refugees (from country),Context,Displacement,Context,Refugees under UNHCR's mandate originating from the country,people,True,2005,693621,UNHCR,UNHCR Refugee Population Statistics,https://www.unhcr.org/refugee-statistics/,2026-09-10T00:36:24+00:00
SDN,Sudan,displacement_idps,Internally displaced persons,Context,Displacement,Context,Internally displaced persons of concern to UNHCR in the country,people,True,2005,841946,UNHCR,UNHCR Refugee Population Statistics,https://www.unhcr.org/refugee-statistics/,2026-09-10T00:36:24+00:00
SDN,Sudan,displacement_refugees_origin,Refugees (from country),Context,Displacement,Context,Refugees under UNHCR's mandate originating from the country,people,True,2006,686296,UNHCR,UNHCR Refugee Population Statistics,https://www.unhcr.org/refugee-statistics/,2026-09-10T00:36:24+00:00
SDN,Sudan,displacement_idps,Internally displaced persons,Context,Displacement,Context,Internally displaced persons of concern to UNHCR in the country,people,True,2006,1325235,UNHCR,UNHCR Refugee Population Statistics,https://www.unhcr.org/refugee-statistics/,2026-09-10T00:36:24+00:00
SDN,Sudan,displacement_refugees_origin,Refugees (from country),Context,Displacement,Context,Refugees under UNHCR's mandate originating from the country,people,True,2007,523029,UNHCR,UNHCR Refugee Population Statistics,https://www.unhcr.org/refugee-statistics/,2026-09-10T00:36:24+00:00
SDN,Sudan,displacement_idps,Internally displaced persons,Context,Displacement,Context,Internally displaced persons of concern to UNHCR in the country,people,True,2007,1250000,UNHCR,UNHCR Refugee Population Statistics,https://www.unhcr.org/refugee-statistics/,2026-09-10T00:36:24+00:00
SDN,Sudan,displacement_refugees_origin,Refugees (from country),Context,Displacement,Context,Refugees under UNHCR's mandate originating from the country,people,True,2008,419249,UNHCR,UNHCR Refugee Population Statistics,https://www.unhcr.org/refugee-statistics/,2026-09-10T00:36:24+00:00
SDN,Sudan,displacement_idps,Internally displaced persons,Context,Displacement,Context,Internally displaced persons of concern to UNHCR in the country,people,True,2008,1201040,UNHCR,UNHCR Refugee Population Statistics,https://www.unhcr.org/refugee-statistics/,2026-09-10T00:36:24+00:00
SDN,Sudan,displacement_refugees_origin,Refugees (from country),Context,Displacement,Context,Refugees under UNHCR's mandate originating from the country,people,True,2009,368178,UNHCR,UNHCR Refugee Population Statistics,https://www.unhcr.org/refugee-statistics/,2026-09-10T00:36:24+00:00
SDN,Sudan,displacement_idps,Internally displaced persons,Context,Displacement,Context,Internally displaced persons of concern to UNHCR in the country,people,True,2009,1034140,UNHCR,UNHCR Refugee Population Statistics,https://www.unhcr.org/refugee-statistics/,2026-09-10T00:36:24+00:00
SDN,Sudan,displacement_refugees_origin,Refugees (from country),Context,Displacement,Context,Refugees under UNHCR's mandate originating from the country,people,True,2010,387265,UNHCR,UNHCR Refugee Population Statistics,https://www.unhcr.org/refugee-statistics/,2026-09-10T00:36:24+00:00
SDN,Sudan,displacement_idps,Internally displaced persons,Context,Displacement,Context,Internally displaced persons of concern to UNHCR in the country,people,True,2010,1624100,UNHCR,UNHCR Refugee Population Statistics,https://www.unhcr.org/refugee-statistics/,2026-09-10T00:36:24+00:00
SDN,Sudan,displacement_refugees_origin,Refugees (from country),Context,Displacement,Context,Refugees under UNHCR's mandate originating from the country,people,True,2011,500004,UNHCR,UNHCR Refugee Population Statistics,https://www.unhcr.org/refugee-statistics/,2026-09-10T00:36:24+00:00
SDN,Sudan,displacement_idps,Internally displaced persons,Context,Displacement,Context,Internally displaced persons of concern to UNHCR in the country,people,True,2011,2422520,UNHCR,UNHCR Refugee Population Statistics,https://www.unhcr.org/refugee-statistics/,2026-09-10T00:36:24+00:00
SDN,Sudan,displacement_refugees_origin,Refugees (from country),Context,Displacement,Context,Refugees under UNHCR's mandate originating from the country,people,True,2012,568934,UNHCR,UNHCR Refugee Population Statistics,https://www.unhcr.org/refugee-statistics/,2026-09-10T00:36:24+00:00
SDN,Sudan,displacement_idps,Internally displaced persons,Context,Displacement,Context,Internally displaced persons of concern to UNHCR in the country,people,True,2012,1873300,UNHCR,UNHCR Refugee Population Statistics,https://www.unhcr.org/refugee-statistics/,2026-09-10T00:36:24+00:00
SDN,Sudan,displacement_refugees_origin,Refugees (from country),Context,Displacement,Context,Refugees under UNHCR's mandate originating from the country,people,True,2013,648936,UNHCR,UNHCR Refugee Population Statistics,https://www.unhcr.org/refugee-statistics/,2026-09-10T00:36:24+00:00
SDN,Sudan,displacement_idps,Internally displaced persons,Context,Displacement,Context,Internally displaced persons of concern to UNHCR in the country,people,True,2013,1873300,UNHCR,UNHCR Refugee Population Statistics,https://www.unhcr.org/refugee-statistics/,2026-09-10T00:36:24+00:00
SDN,Sudan,displacement_refugees_origin,Refugees (from country),Context,Displacement,Context,Refugees under UNHCR's mandate originating from the country,people,True,2014,665956,UNHCR,UNHCR Refugee Population Statistics,https://www.unhcr.org/refugee-statistics/,2026-09-10T00:36:24+00:00
SDN,Sudan,displacement_idps,Internally displaced persons,Context,Displacement,Context,Internally displaced persons of concern to UNHCR in the country,people,True,2014,2192830,UNHCR,UNHCR Refugee Population Statistics,https://www.unhcr.org/refugee-statistics/,2026-09-10T00:36:24+00:00
SDN,Sudan,displacement_refugees_origin,Refugees (from country),Context,Displacement,Context,Refugees under UNHCR's mandate originating from the country,people,True,2015,627080,UNHCR,UNHCR Refugee Population Statistics,https://www.unhcr.org/refugee-statistics/,2026-09-10T00:36:24+00:00
SDN,Sudan,displacement_idps,Internally displaced persons,Context,Displacement,Context,Internally displaced persons of concern to UNHCR in the country,people,True,2015,3218234,UNHCR,UNHCR Refugee Population Statistics,https://www.unhcr.org/refugee-statistics/,2026-09-10T00:36:24+00:00
SDN,Sudan,displacement_refugees_origin,Refugees (from country),Context,Displacement,Context,Refugees under UNHCR's mandate originating from the country,people,True,2016,650391,UNHCR,UNHCR Refugee Population Statistics,https://www.unhcr.org/refugee-statistics/,2026-09-10T00:36:24+00:00
SDN,Sudan,displacement_idps,Internally displaced persons,Context,Displacement,Context,Internally displaced persons of concern to UNHCR in the country,people,True,2016,2225557,UNHCR,UNHCR Refugee Population Statistics,https://www.unhcr.org/refugee-statistics/,2026-09-10T00:36:24+00:00
SDN,Sudan,displacement_refugees_origin,Refugees (from country),Context,Displacement,Context,Refugees under UNHCR's mandate originating from the country,people,True,2017,694556,UNHCR,UNHCR Refugee Population Statistics,https://www.unhcr.org/refugee-statistics/,2026-09-10T00:36:24+00:00
SDN,Sudan,displacement_idps,Internally displaced persons,Context,Displacement,Context,Internally displaced persons of concern to UNHCR in the country,people,True,2017,1997022,UNHCR,UNHCR Refugee Population Statistics,https://www.unhcr.org/refugee-statistics/,2026-09-10T00:36:24+00:00
SDN,Sudan,displacement_refugees_origin,Refugees (from country),Context,Displacement,Context,Refugees under UNHCR's mandate originating from the country,people,True,2018,724787,UNHCR,UNHCR Refugee Population Statistics,https://www.unhcr.org/refugee-statistics/,2026-09-10T00:36:24+00:00
SDN,Sudan,displacement_idps,Internally displaced persons,Context,Displacement,Context,Internally displaced persons of concern to UNHCR in the country,people,True,2018,1864195,UNHCR,UNHCR Refugee Population Statistics,https://www.unhcr.org/refugee-statistics/,2026-09-10T00:36:24+00:00
SDN,Sudan,displacement_refugees_origin,Refugees (from country),Context,Displacement,Context,Refugees under UNHCR's mandate originating from the country,people,True,2019,734780,UNHCR,UNHCR Refugee Population Statistics,https://www.unhcr.org/refugee-statistics/,2026-09-10T00:36:24+00:00
SDN,Sudan,displacement_idps,Internally displaced persons,Context,Displacement,Context,Internally displaced persons of concern to UNHCR in the country,people,True,2019,1885782,UNHCR,UNHCR Refugee Population Statistics,https://www.unhcr.org/refugee-statistics/,2026-09-10T00:36:24+00:00
SDN,Sudan,displacement_refugees_origin,Refugees (from country),Context,Displacement,Context,Refugees under UNHCR's mandate originating from the country,people,True,2020,787823,UNHCR,UNHCR Refugee Population Statistics,https://www.unhcr.org/refugee-statistics/,2026-09-10T00:36:24+00:00
SDN,Sudan,displacement_idps,Internally displaced persons,Context,Displacement,Context,Internally displaced persons of concern to UNHCR in the country,people,True,2020,2552174,UNHCR,UNHCR Refugee Population Statistics,https://www.unhcr.org/refugee-statistics/,2026-09-10T00:36:24+00:00
SDN,Sudan,displacement_refugees_origin,Refugees (from country),Context,Displacement,Context,Refugees under UNHCR's mandate originating from the country,people,True,2021,825290,UNHCR,UNHCR Refugee Population Statistics,https://www.unhcr.org/refugee-statistics/,2026-09-10T00:36:24+00:00
SDN,Sudan,displacement_idps,Internally displaced persons,Context,Displacement,Context,Internally displaced persons of concern to UNHCR in the country,people,True,2021,3036590,UNHCR,UNHCR Refugee Population Statistics,https://www.unhcr.org/refugee-statistics/,2026-09-10T00:36:24+00:00
SDN,Sudan,displacement_refugees_origin,Refugees (from country),Context,Displacement,Context,Refugees under UNHCR's mandate originating from the country,people,True,2022,837188,UNHCR,UNHCR Refugee Population Statistics,https://www.unhcr.org/refugee-statistics/,2026-09-10T00:36:24+00:00
SDN,Sudan,displacement_idps,Internally displaced persons,Context,Displacement,Context,Internally displaced persons of concern to UNHCR in the country,people,True,2022,3552717,UNHCR,UNHCR Refugee Population Statistics,https://www.unhcr.org/refugee-statistics/,2026-09-10T00:36:24+00:00
SDN,Sudan,displacement_refugees_origin,Refugees (from country),Context,Displacement,Context,Refugees under UNHCR's mandate originating from the country,people,True,2023,1496923,UNHCR,UNHCR Refugee Population Statistics,https://www.unhcr.org/refugee-statistics/,2026-09-10T00:36:24+00:00
SDN,Sudan,displacement_idps,Internally displaced persons,Context,Displacement,Context,Internally displaced persons of concern to UNHCR in the country,people,True,2023,9052822,UNHCR,UNHCR Refugee Population Statistics,https://www.unhcr.org/refugee-statistics/,2026-09-10T00:36:24+00:00
SDN,Sudan,displacement_refugees_origin,Refugees (from country),Context,Displacement,Context,Refugees under UNHCR's mandate originating from the country,people,True,2024,2094373,UNHCR,UNHCR Refugee Population Statistics,https://www.unhcr.org/refugee-statistics/,2026-09-10T00:36:24+00:00
SDN,Sudan,displacement_idps,Internally displaced persons,Context,Displacement,Context,Internally displaced persons of concern to UNHCR in the country,people,True,2024,11559970,UNHCR,UNHCR Refugee Population Statistics,https://www.unhcr.org/refugee-statistics/,2026-09-10T00:36:24+00:00
SDN,Sudan,displacement_refugees_hosted,Refugees (hosted),Context,Displacement,Context,Refugees under UNHCR's mandate hosted in the country (by country of asylum),people,True,2000,414928,UNHCR,UNHCR Refugee Population Statistics,https://www.unhcr.org/refugee-statistics/,2026-09-10T00:36:24+00:00
SDN,Sudan,displacement_refugees_hosted,Refugees (hosted),Context,Displacement,Context,Refugees under UNHCR's mandate hosted in the country (by country of asylum),people,True,2001,349209,UNHCR,UNHCR Refugee Population Statistics,https://www.unhcr.org/refugee-statistics/,2026-09-10T00:36:24+00:00
SDN,Sudan,displacement_refugees_hosted,Refugees (hosted),Context,Displacement,Context,Refugees under UNHCR's mandate hosted in the country (by country of asylum),people,True,2002,328177,UNHCR,UNHCR Refugee Population Statistics,https://www.unhcr.org/refugee-statistics/,2026-09-10T00:36:24+00:00
SDN,Sudan,displacement_refugees_hosted,Refugees (hosted),Context,Displacement,Context,Refugees under UNHCR's mandate hosted in the country (by country of asylum),people,True,2003,138162,UNHCR,UNHCR Refugee Population Statistics,https://www.unhcr.org/refugee-statistics/,2026-09-10T00:36:24+00:00
SDN,Sudan,displacement_refugees_hosted,Refugees (hosted),Context,Displacement,Context,Refugees under UNHCR's mandate hosted in the country (by country of asylum),people,True,2004,141587,UNHCR,UNHCR Refugee Population Statistics,https://www.unhcr.org/refugee-statistics/,2026-09-10T00:36:24+00:00
SDN,Sudan,displacement_refugees_hosted,Refugees (hosted),Context,Displacement,Context,Refugees under UNHCR's mandate hosted in the country (by country of asylum),people,True,2005,147255,UNHCR,UNHCR Refugee Population Statistics,https://www.unhcr.org/refugee-statistics/,2026-09-10T00:36:24+00:00
SDN,Sudan,displacement_refugees_hosted,Refugees (hosted),Context,Displacement,Context,Refugees under UNHCR's mandate hosted in the country (by country of asylum),people,True,2006,196200,UNHCR,UNHCR Refugee Population Statistics,https://www.unhcr.org/refugee-statistics/,2026-09-10T00:36:24+00:00
SDN,Sudan,displacement_refugees_hosted,Refugees (hosted),Context,Displacement,Context,Refugees under UNHCR's mandate hosted in the country (by country of asylum),people,True,2007,222720,UNHCR,UNHCR Refugee Population Statistics,https://www.unhcr.org/refugee-statistics/,2026-09-10T00:36:24+00:00
SDN,Sudan,displacement_refugees_hosted,Refugees (hosted),Context,Displacement,Context,Refugees under UNHCR's mandate hosted in the country (by country of asylum),people,True,2008,181605,UNHCR,UNHCR Refugee Population Statistics,https://www.unhcr.org/refugee-statistics/,2026-09-10T00:36:24+00:00
SDN,Sudan,displacement_refugees_hosted,Refugees (hosted),Context,Displacement,Context,Refugees under UNHCR's mandate hosted in the country (by country of asylum),people,True,2009,186292,UNHCR,UNHCR Refugee Population Statistics,https://www.unhcr.org/refugee-statistics/,2026-09-10T00:36:24+00:00
SDN,Sudan,displacement_refugees_hosted,Refugees (hosted),Context,Displacement,Context,Refugees under UNHCR's mandate hosted in the country (by country of asylum),people,True,2010,178305,UNHCR,UNHCR Refugee Population Statistics,https://www.unhcr.org/refugee-statistics/,2026-09-10T00:36:24+00:00
SDN,Sudan,displacement_refugees_hosted,Refugees (hosted),Context,Displacement,Context,Refugees under UNHCR's mandate hosted in the country (by country of asylum),people,True,2011,139407,UNHCR,UNHCR Refugee Population Statistics,https://www.unhcr.org/refugee-statistics/,2026-09-10T00:36:24+00:00
SDN,Sudan,displacement_refugees_hosted,Refugees (hosted),Context,Displacement,Context,Refugees under UNHCR's mandate hosted in the country (by country of asylum),people,True,2012,152188,UNHCR,UNHCR Refugee Population Statistics,https://www.unhcr.org/refugee-statistics/,2026-09-10T00:36:24+00:00
SDN,Sudan,displacement_refugees_hosted,Refugees (hosted),Context,Displacement,Context,Refugees under UNHCR's mandate hosted in the country (by country of asylum),people,True,2013,159848,UNHCR,UNHCR Refugee Population Statistics,https://www.unhcr.org/refugee-statistics/,2026-09-10T00:36:24+00:00
SDN,Sudan,displacement_refugees_hosted,Refugees (hosted),Context,Displacement,Context,Refugees under UNHCR's mandate hosted in the country (by country of asylum),people,True,2014,277818,UNHCR,UNHCR Refugee Population Statistics,https://www.unhcr.org/refugee-statistics/,2026-09-10T00:36:24+00:00
SDN,Sudan,displacement_refugees_hosted,Refugees (hosted),Context,Displacement,Context,Refugees under UNHCR's mandate hosted in the country (by country of asylum),people,True,2015,309632,UNHCR,UNHCR Refugee Population Statistics,https://www.unhcr.org/refugee-statistics/,2026-09-10T00:36:24+00:00
SDN,Sudan,displacement_refugees_hosted,Refugees (hosted),Context,Displacement,Context,Refugees under UNHCR's mandate hosted in the country (by country of asylum),people,True,2016,421459,UNHCR,UNHCR Refugee Population Statistics,https://www.unhcr.org/refugee-statistics/,2026-09-10T00:36:24+00:00
SDN,Sudan,displacement_refugees_hosted,Refugees (hosted),Context,Displacement,Context,Refugees under UNHCR's mandate hosted in the country (by country of asylum),people,True,2017,906590,UNHCR,UNHCR Refugee Population Statistics,https://www.unhcr.org/refugee-statistics/,2026-09-10T00:36:24+00:00
SDN,Sudan,displacement_refugees_hosted,Refugees (hosted),Context,Displacement,Context,Refugees under UNHCR's mandate hosted in the country (by country of asylum),people,True,2018,1078280,UNHCR,UNHCR Refugee Population Statistics,https://www.unhcr.org/refugee-statistics/,2026-09-10T00:36:24+00:00
SDN,Sudan,displacement_refugees_hosted,Refugees (hosted),Context,Displacement,Context,Refugees under UNHCR's mandate hosted in the country (by country of asylum),people,True,2019,1055489,UNHCR,UNHCR Refugee Population Statistics,https://www.unhcr.org/refugee-statistics/,2026-09-10T00:36:24+00:00
SDN,Sudan,displacement_refugees_hosted,Refugees (hosted),Context,Displacement,Context,Refugees under UNHCR's mandate hosted in the country (by country of asylum),people,True,2020,1040288,UNHCR,UNHCR Refugee Population Statistics,https://www.unhcr.org/refugee-statistics/,2026-09-10T00:36:24+00:00
SDN,Sudan,displacement_refugees_hosted,Refugees (hosted),Context,Displacement,Context,Refugees under UNHCR's mandate hosted in the country (by country of asylum),people,True,2021,1103918,UNHCR,UNHCR Refugee Population Statistics,https://www.unhcr.org/refugee-statistics/,2026-09-10T00:36:24+00:00
SDN,Sudan,displacement_refugees_hosted,Refugees (hosted),Context,Displacement,Context,Refugees under UNHCR's mandate hosted in the country (by country of asylum),people,True,2022,1097128,UNHCR,UNHCR Refugee Population Statistics,https://www.unhcr.org/refugee-statistics/,2026-09-10T00:36:24+00:00
SDN,Sudan,displacement_refugees_hosted,Refugees (hosted),Context,Displacement,Context,Refugees under UNHCR's mandate hosted in the country (by country of asylum),people,True,2023,922474,UNHCR,UNHCR Refugee Population Statistics,https://www.unhcr.org/refugee-statistics/,2026-09-10T00:36:24+00:00
SDN,Sudan,displacement_refugees_hosted,Refugees (hosted),Context,Displacement,Context,Refugees under UNHCR's mandate hosted in the country (by country of asylum),people,True,2024,793395,UNHCR,UNHCR Refugee Population Statistics,https://www.unhcr.org/refugee-statistics/,2026-09-10T00:36:24+00:00
SYR,Syrian Arab Republic,displacement_refugees_origin,Refugees (from country),Context,Displacement,Context,Refugees under UNHCR's mandate originating from the country,people,True,2000,5868,UNHCR,UNHCR Refugee Population Statistics,https://www.unhcr.org/refugee-statistics/,2026-09-10T00:36:24+00:00
SYR,Syrian Arab Republic,displacement_idps,Internally displaced persons,Context,Displacement,Context,Internally displaced persons of concern to UNHCR in the country,people,True,2000,0,UNHCR,UNHCR Refugee Population Statistics,https://www.unhcr.org/refugee-statistics/,2026-09-10T00:36:24+00:00
SYR,Syrian Arab Republic,displacement_refugees_origin,Refugees (from country),Context,Displacement,Context,Refugees under UNHCR's mandate originating from the country,people,True,2001,4861,UNHCR,UNHCR Refugee Population Statistics,https://www.unhcr.org/refugee-statistics/,2026-09-10T00:36:24+00:00
SYR,Syrian Arab Republic,displacement_idps,Internally displaced persons,Context,Displacement,Context,Internally displaced persons of concern to UNHCR in the country,people,True,2001,0,UNHCR,UNHCR Refugee Population Statistics,https://www.unhcr.org/refugee-statistics/,2026-09-10T00:36:24+00:00
SYR,Syrian Arab Republic,displacement_refugees_origin,Refugees (from country),Context,Displacement,Context,Refugees under UNHCR's mandate originating from the country,people,True,2002,18908,UNHCR,UNHCR Refugee Population Statistics,https://www.unhcr.org/refugee-statistics/,2026-09-10T00:36:24+00:00
SYR,Syrian Arab Republic,displacement_idps,Internally displaced persons,Context,Displacement,Context,Internally displaced persons of concern to UNHCR in the country,people,True,2002,0,UNHCR,UNHCR Refugee Population Statistics,https://www.unhcr.org/refugee-statistics/,2026-09-10T00:36:24+00:00
SYR,Syrian Arab Republic,displacement_refugees_origin,Refugees (from country),Context,Displacement,Context,Refugees under UNHCR's mandate originating from the country,people,True,2003,20816,UNHCR,UNHCR Refugee Population Statistics,https://www.unhcr.org/refugee-statistics/,2026-09-10T00:36:24+00:00
SYR,Syrian Arab Republic,displacement_idps,Internally displaced persons,Context,Displacement,Context,Internally displaced persons of concern to UNHCR in the country,people,True,2003,0,UNHCR,UNHCR Refugee Population Statistics,https://www.unhcr.org/refugee-statistics/,2026-09-10T00:36:24+00:00
SYR,Syrian Arab Republic,displacement_refugees_origin,Refugees (from country),Context,Displacement,Context,Refugees under UNHCR's mandate originating from the country,people,True,2004,21430,UNHCR,UNHCR Refugee Population Statistics,https://www.unhcr.org/refugee-statistics/,2026-09-10T00:36:24+00:00
SYR,Syrian Arab Republic,displacement_idps,Internally displaced persons,Context,Displacement,Context,Internally displaced persons of concern to UNHCR in the country,people,True,2004,0,UNHCR,UNHCR Refugee Population Statistics,https://www.unhcr.org/refugee-statistics/,2026-09-10T00:36:24+00:00
SYR,Syrian Arab Republic,displacement_refugees_origin,Refugees (from country),Context,Displacement,Context,Refugees under UNHCR's mandate originating from the country,people,True,2005,16395,UNHCR,UNHCR Refugee Population Statistics,https://www.unhcr.org/refugee-statistics/,2026-09-10T00:36:24+00:00
SYR,Syrian Arab Republic,displacement_idps,Internally displaced persons,Context,Displacement,Context,Internally displaced persons of concern to UNHCR in the country,people,True,2005,0,UNHCR,UNHCR Refugee Population Statistics,https://www.unhcr.org/refugee-statistics/,2026-09-10T00:36:24+00:00
SYR,Syrian Arab Republic,displacement_refugees_origin,Refugees (from country),Context,Displacement,Context,Refugees under UNHCR's mandate originating from the country,people,True,2006,12327,UNHCR,UNHCR Refugee Population Statistics,https://www.unhcr.org/refugee-statistics/,2026-09-10T00:36:24+00:00
SYR,Syrian Arab Republic,displacement_idps,Internally displaced persons,Context,Displacement,Context,Internally displaced persons of concern to UNHCR in the country,people,True,2006,0,UNHCR,UNHCR Refugee Population Statistics,https://www.unhcr.org/refugee-statistics/,2026-09-10T00:36:24+00:00
SYR,Syrian Arab Republic,displacement_refugees_origin,Refugees (from country),Context,Displacement,Context,Refugees under UNHCR's mandate originating from the country,people,True,2007,13684,UNHCR,UNHCR Refugee Population Statistics,https://www.unhcr.org/refugee-statistics/,2026-09-10T00:36:24+00:00
SYR,Syrian Arab Republic,displacement_idps,Internally displaced persons,Context,Displacement,Context,Internally displaced persons of concern to UNHCR in the country,people,True,2007,0,UNHCR,UNHCR Refugee Population Statistics,https://www.unhcr.org/refugee-statistics/,2026-09-10T00:36:24+00:00
SYR,Syrian Arab Republic,displacement_refugees_origin,Refugees (from country),Context,Displacement,Context,Refugees under UNHCR's mandate originating from the country,people,True,2008,15206,UNHCR,UNHCR Refugee Population Statistics,https://www.unhcr.org/refugee-statistics/,2026-09-10T00:36:24+00:00
SYR,Syrian Arab Republic,displacement_idps,Internally displaced persons,Context,Displacement,Context,Internally displaced persons of concern to UNHCR in the country,people,True,2008,0,UNHCR,UNHCR Refugee Population Statistics,https://www.unhcr.org/refugee-statistics/,2026-09-10T00:36:24+00:00
SYR,Syrian Arab Republic,displacement_refugees_origin,Refugees (from country),Context,Displacement,Context,Refugees under UNHCR's mandate originating from the country,people,True,2009,17915,UNHCR,UNHCR Refugee Population Statistics,https://www.unhcr.org/refugee-statistics/,2026-09-10T00:36:24+00:00
SYR,Syrian Arab Republic,displacement_idps,Internally displaced persons,Context,Displacement,Context,Internally displaced persons of concern to UNHCR in the country,people,True,2009,0,UNHCR,UNHCR Refugee Population Statistics,https://www.unhcr.org/refugee-statistics/,2026-09-10T00:36:24+00:00
SYR,Syrian Arab Republic,displacement_refugees_origin,Refugees (from country),Context,Displacement,Context,Refugees under UNHCR's mandate originating from the country,people,True,2010,18451,UNHCR,UNHCR Refugee Population Statistics,https://www.unhcr.org/refugee-statistics/,2026-09-10T00:36:24+00:00
SYR,Syrian Arab Republic,displacement_idps,Internally displaced persons,Context,Displacement,Context,Internally displaced persons of concern to UNHCR in the country,people,True,2010,0,UNHCR,UNHCR Refugee Population Statistics,https://www.unhcr.org/refugee-statistics/,2026-09-10T00:36:24+00:00
SYR,Syrian Arab Republic,displacement_refugees_origin,Refugees (from country),Context,Displacement,Context,Refugees under UNHCR's mandate originating from the country,people,True,2011,19931,UNHCR,UNHCR Refugee Population Statistics,https://www.unhcr.org/refugee-statistics/,2026-09-10T00:36:24+00:00
SYR,Syrian Arab Republic,displacement_idps,Internally displaced persons,Context,Displacement,Context,Internally displaced persons of concern to UNHCR in the country,people,True,2011,0,UNHCR,UNHCR Refugee Population Statistics,https://www.unhcr.org/refugee-statistics/,2026-09-10T00:36:24+00:00
SYR,Syrian Arab Republic,displacement_refugees_origin,Refugees (from country),Context,Displacement,Context,Refugees under UNHCR's mandate originating from the country,people,True,2012,729011,UNHCR,UNHCR Refugee Population Statistics,https://www.unhcr.org/refugee-statistics/,2026-09-10T00:36:24+00:00
SYR,Syrian Arab Republic,displacement_idps,Internally displaced persons,Context,Displacement,Context,Internally displaced persons of concern to UNHCR in the country,people,True,2012,2016500,UNHCR,UNHCR Refugee Population Statistics,https://www.unhcr.org/refugee-statistics/,2026-09-10T00:36:24+00:00
SYR,Syrian Arab Republic,displacement_refugees_origin,Refugees (from country),Context,Displacement,Context,Refugees under UNHCR's mandate originating from the country,people,True,2013,2468323,UNHCR,UNHCR Refugee Population Statistics,https://www.unhcr.org/refugee-statistics/,2026-09-10T00:36:24+00:00
SYR,Syrian Arab Republic,displacement_idps,Internally displaced persons,Context,Displacement,Context,Internally displaced persons of concern to UNHCR in the country,people,True,2013,6520800,UNHCR,UNHCR Refugee Population Statistics,https://www.unhcr.org/refugee-statistics/,2026-09-10T00:36:24+00:00
SYR,Syrian Arab Republic,displacement_refugees_origin,Refugees (from country),Context,Displacement,Context,Refugees under UNHCR's mandate originating from the country,people,True,2014,3887490,UNHCR,UNHCR Refugee Population Statistics,https://www.unhcr.org/refugee-statistics/,2026-09-10T00:36:24+00:00
SYR,Syrian Arab Republic,displacement_idps,Internally displaced persons,Context,Displacement,Context,Internally displaced persons of concern to UNHCR in the country,people,True,2014,7632500,UNHCR,UNHCR Refugee Population Statistics,https://www.unhcr.org/refugee-statistics/,2026-09-10T00:36:24+00:00
SYR,Syrian Arab Republic,displacement_refugees_origin,Refugees (from country),Context,Displacement,Context,Refugees under UNHCR's mandate originating from the country,people,True,2015,4873236,UNHCR,UNHCR Refugee Population Statistics,https://www.unhcr.org/refugee-statistics/,2026-09-10T00:36:24+00:00
SYR,Syrian Arab Republic,displacement_idps,Internally displaced persons,Context,Displacement,Context,Internally displaced persons of concern to UNHCR in the country,people,True,2015,6563462,UNHCR,UNHCR Refugee Population Statistics,https://www.unhcr.org/refugee-statistics/,2026-09-10T00:36:24+00:00
SYR,Syrian Arab Republic,displacement_refugees_origin,Refugees (from country),Context,Displacement,Context,Refugees under UNHCR's mandate originating from the country,people,True,2016,5524511,UNHCR,UNHCR Refugee Population Statistics,https://www.unhcr.org/refugee-statistics/,2026-09-10T00:36:24+00:00
SYR,Syrian Arab Republic,displacement_idps,Internally displaced persons,Context,Displacement,Context,Internally displaced persons of concern to UNHCR in the country,people,True,2016,6325978,UNHCR,UNHCR Refugee Population Statistics,https://www.unhcr.org/refugee-statistics/,2026-09-10T00:36:24+00:00
SYR,Syrian Arab Republic,displacement_refugees_origin,Refugees (from country),Context,Displacement,Context,Refugees under UNHCR's mandate originating from the country,people,True,2017,6310498,UNHCR,UNHCR Refugee Population Statistics,https://www.unhcr.org/refugee-statistics/,2026-09-10T00:36:24+00:00
SYR,Syrian Arab Republic,displacement_idps,Internally displaced persons,Context,Displacement,Context,Internally displaced persons of concern to UNHCR in the country,people,True,2017,6150005,UNHCR,UNHCR Refugee Population Statistics,https://www.unhcr.org/refugee-statistics/,2026-09-10T00:36:24+00:00
SYR,Syrian Arab Republic,displacement_refugees_origin,Refugees (from country),Context,Displacement,Context,Refugees under UNHCR's mandate originating from the country,people,True,2018,6654374,UNHCR,UNHCR Refugee Population Statistics,https://www.unhcr.org/refugee-statistics/,2026-09-10T00:36:24+00:00
SYR,Syrian Arab Republic,displacement_idps,Internally displaced persons,Context,Displacement,Context,Internally displaced persons of concern to UNHCR in the country,people,True,2018,6183920,UNHCR,UNHCR Refugee Population Statistics,https://www.unhcr.org/refugee-statistics/,2026-09-10T00:36:24+00:00
SYR,Syrian Arab Republic,displacement_refugees_origin,Refugees (from country),Context,Displacement,Context,Refugees under UNHCR's mandate originating from the country,people,True,2019,6615249,UNHCR,UNHCR Refugee Population Statistics,https://www.unhcr.org/refugee-statistics/,2026-09-10T00:36:24+00:00
SYR,Syrian Arab Republic,displacement_idps,Internally displaced persons,Context,Displacement,Context,Internally displaced persons of concern to UNHCR in the country,people,True,2019,6146994,UNHCR,UNHCR Refugee Population Statistics,https://www.unhcr.org/refugee-statistics/,2026-09-10T00:36:24+00:00
SYR,Syrian Arab Republic,displacement_refugees_origin,Refugees (from country),Context,Displacement,Context,Refugees under UNHCR's mandate originating from the country,people,True,2020,6702910,UNHCR,UNHCR Refugee Population Statistics,https://www.unhcr.org/refugee-statistics/,2026-09-10T00:36:24+00:00
SYR,Syrian Arab Republic,displacement_idps,Internally displaced persons,Context,Displacement,Context,Internally displaced persons of concern to UNHCR in the country,people,True,2020,6701972,UNHCR,UNHCR Refugee Population Statistics,https://www.unhcr.org/refugee-statistics/,2026-09-10T00:36:24+00:00
SYR,Syrian Arab Republic,displacement_refugees_origin,Refugees (from country),Context,Displacement,Context,Refugees under UNHCR's mandate originating from the country,people,True,2021,6848865,UNHCR,UNHCR Refugee Population Statistics,https://www.unhcr.org/refugee-statistics/,2026-09-10T00:36:24+00:00
SYR,Syrian Arab Republic,displacement_idps,Internally displaced persons,Context,Displacement,Context,Internally displaced persons of concern to UNHCR in the country,people,True,2021,6865308,UNHCR,UNHCR Refugee Population Statistics,https://www.unhcr.org/refugee-statistics/,2026-09-10T00:36:24+00:00
SYR,Syrian Arab Republic,displacement_refugees_origin,Refugees (from country),Context,Displacement,Context,Refugees under UNHCR's mandate originating from the country,people,True,2022,6559736,UNHCR,UNHCR Refugee Population Statistics,https://www.unhcr.org/refugee-statistics/,2026-09-10T00:36:24+00:00
SYR,Syrian Arab Republic,displacement_idps,Internally displaced persons,Context,Displacement,Context,Internally displaced persons of concern to UNHCR in the country,people,True,2022,6780994,UNHCR,UNHCR Refugee Population Statistics,https://www.unhcr.org/refugee-statistics/,2026-09-10T00:36:24+00:00
SYR,Syrian Arab Republic,displacement_refugees_origin,Refugees (from country),Context,Displacement,Context,Refugees under UNHCR's mandate originating from the country,people,True,2023,6355788,UNHCR,UNHCR Refugee Population Statistics,https://www.unhcr.org/refugee-statistics/,2026-09-10T00:36:24+00:00
SYR,Syrian Arab Republic,displacement_idps,Internally displaced persons,Context,Displacement,Context,Internally displaced persons of concern to UNHCR in the country,people,True,2023,7248188,UNHCR,UNHCR Refugee Population Statistics,https://www.unhcr.org/refugee-statistics/,2026-09-10T00:36:24+00:00
SYR,Syrian Arab Republic,displacement_refugees_origin,Refugees (from country),Context,Displacement,Context,Refugees under UNHCR's mandate originating from the country,people,True,2024,5952174,UNHCR,UNHCR Refugee Population Statistics,https://www.unhcr.org/refugee-statistics/,2026-09-10T00:36:24+00:00
SYR,Syrian Arab Republic,displacement_idps,Internally displaced persons,Context,Displacement,Context,Internally displaced persons of concern to UNHCR in the country,people,True,2024,7408909,UNHCR,UNHCR Refugee Population Statistics,https://www.unhcr.org/refugee-statistics/,2026-09-10T00:36:24+00:00
SYR,Syrian Arab Republic,displacement_refugees_hosted,Refugees (hosted),Context,Displacement,Context,Refugees under UNHCR's mandate hosted in the country (by country of asylum),people,True,2000,3461,UNHCR,UNHCR Refugee Population Statistics,https://www.unhcr.org/refugee-statistics/,2026-09-10T00:36:24+00:00
SYR,Syrian Arab Republic,displacement_refugees_hosted,Refugees (hosted),Context,Displacement,Context,Refugees under UNHCR's mandate hosted in the country (by country of asylum),people,True,2001,3348,UNHCR,UNHCR Refugee Population Statistics,https://www.unhcr.org/refugee-statistics/,2026-09-10T00:36:24+00:00
SYR,Syrian Arab Republic,displacement_refugees_hosted,Refugees (hosted),Context,Displacement,Context,Refugees under UNHCR's mandate hosted in the country (by country of asylum),people,True,2002,2914,UNHCR,UNHCR Refugee Population Statistics,https://www.unhcr.org/refugee-statistics/,2026-09-10T00:36:24+00:00
SYR,Syrian Arab Republic,displacement_refugees_hosted,Refugees (hosted),Context,Displacement,Context,Refugees under UNHCR's mandate hosted in the country (by country of asylum),people,True,2003,3676,UNHCR,UNHCR Refugee Population Statistics,https://www.unhcr.org/refugee-statistics/,2026-09-10T00:36:24+00:00
SYR,Syrian Arab Republic,displacement_refugees_hosted,Refugees (hosted),Context,Displacement,Context,Refugees under UNHCR's mandate hosted in the country (by country of asylum),people,True,2004,15600,UNHCR,UNHCR Refugee Population Statistics,https://www.unhcr.org/refugee-statistics/,2026-09-10T00:36:24+00:00
SYR,Syrian Arab Republic,displacement_refugees_hosted,Refugees (hosted),Context,Displacement,Context,Refugees under UNHCR's mandate hosted in the country (by country of asylum),people,True,2005,26087,UNHCR,UNHCR Refugee Population Statistics,https://www.unhcr.org/refugee-statistics/,2026-09-10T00:36:24+00:00
SYR,Syrian Arab Republic,displacement_refugees_hosted,Refugees (hosted),Context,Displacement,Context,Refugees under UNHCR's mandate hosted in the country (by country of asylum),people,True,2006,702202,UNHCR,UNHCR Refugee Population Statistics,https://www.unhcr.org/refugee-statistics/,2026-09-10T00:36:24+00:00
SYR,Syrian Arab Republic,displacement_refugees_hosted,Refugees (hosted),Context,Displacement,Context,Refugees under UNHCR's mandate hosted in the country (by country of asylum),people,True,2007,1503767,UNHCR,UNHCR Refugee Population Statistics,https://www.unhcr.org/refugee-statistics/,2026-09-10T00:36:24+00:00
SYR,Syrian Arab Republic,displacement_refugees_hosted,Refugees (hosted),Context,Displacement,Context,Refugees under UNHCR's mandate hosted in the country (by country of asylum),people,True,2008,1105693,UNHCR,UNHCR Refugee Population Statistics,https://www.unhcr.org/refugee-statistics/,2026-09-10T00:36:24+00:00
SYR,Syrian Arab Republic,displacement_refugees_hosted,Refugees (hosted),Context,Displacement,Context,Refugees under UNHCR's mandate hosted in the country (by country of asylum),people,True,2009,1054464,UNHCR,UNHCR Refugee Population Statistics,https://www.unhcr.org/refugee-statistics/,2026-09-10T00:36:24+00:00
SYR,Syrian Arab Republic,displacement_refugees_hosted,Refugees (hosted),Context,Displacement,Context,Refugees under UNHCR's mandate hosted in the country (by country of asylum),people,True,2010,1005471,UNHCR,UNHCR Refugee Population Statistics,https://www.unhcr.org/refugee-statistics/,2026-09-10T00:36:24+00:00
SYR,Syrian Arab Republic,displacement_refugees_hosted,Refugees (hosted),Context,Displacement,Context,Refugees under UNHCR's mandate hosted in the country (by country of asylum),people,True,2011,755435,UNHCR,UNHCR Refugee Population Statistics,https://www.unhcr.org/refugee-statistics/,2026-09-10T00:36:24+00:00
SYR,Syrian Arab Republic,displacement_refugees_hosted,Refugees (hosted),Context,Displacement,Context,Refugees under UNHCR's mandate hosted in the country (by country of asylum),people,True,2012,476496,UNHCR,UNHCR Refugee Population Statistics,https://www.unhcr.org/refugee-statistics/,2026-09-10T00:36:24+00:00
SYR,Syrian Arab Republic,displacement_refugees_hosted,Refugees (hosted),Context,Displacement,Context,Refugees under UNHCR's mandate hosted in the country (by country of asylum),people,True,2013,149286,UNHCR,UNHCR Refugee Population Statistics,https://www.unhcr.org/refugee-statistics/,2026-09-10T00:36:24+00:00
SYR,Syrian Arab Republic,displacement_refugees_hosted,Refugees (hosted),Context,Displacement,Context,Refugees under UNHCR's mandate hosted in the country (by country of asylum),people,True,2014,149135,UNHCR,UNHCR Refugee Population Statistics,https://www.unhcr.org/refugee-statistics/,2026-09-10T00:36:24+00:00
SYR,Syrian Arab Republic,displacement_refugees_hosted,Refugees (hosted),Context,Displacement,Context,Refugees under UNHCR's mandate hosted in the country (by country of asylum),people,True,2015,21112,UNHCR,UNHCR Refugee Population Statistics,https://www.unhcr.org/refugee-statistics/,2026-09-10T00:36:24+00:00
SYR,Syrian Arab Republic,displacement_refugees_hosted,Refugees (hosted),Context,Displacement,Context,Refugees under UNHCR's mandate hosted in the country (by country of asylum),people,True,2016,19807,UNHCR,UNHCR Refugee Population Statistics,https://www.unhcr.org/refugee-statistics/,2026-09-10T00:36:24+00:00
SYR,Syrian Arab Republic,displacement_refugees_hosted,Refugees (hosted),Context,Displacement,Context,Refugees under UNHCR's mandate hosted in the country (by country of asylum),people,True,2017,19425,UNHCR,UNHCR Refugee Population Statistics,https://www.unhcr.org/refugee-statistics/,2026-09-10T00:36:24+00:00
SYR,Syrian Arab Republic,displacement_refugees_hosted,Refugees (hosted),Context,Displacement,Context,Refugees under UNHCR's mandate hosted in the country (by country of asylum),people,True,2018,18817,UNHCR,UNHCR Refugee Population Statistics,https://www.unhcr.org/refugee-statistics/,2026-09-10T00:36:24+00:00
SYR,Syrian Arab Republic,displacement_refugees_hosted,Refugees (hosted),Context,Displacement,Context,Refugees under UNHCR's mandate hosted in the country (by country of asylum),people,True,2019,16213,UNHCR,UNHCR Refugee Population Statistics,https://www.unhcr.org/refugee-statistics/,2026-09-10T00:36:24+00:00
SYR,Syrian Arab Republic,displacement_refugees_hosted,Refugees (hosted),Context,Displacement,Context,Refugees under UNHCR's mandate hosted in the country (by country of asylum),people,True,2020,15304,UNHCR,UNHCR Refugee Population Statistics,https://www.unhcr.org/refugee-statistics/,2026-09-10T00:36:24+00:00
SYR,Syrian Arab Republic,displacement_refugees_hosted,Refugees (hosted),Context,Displacement,Context,Refugees under UNHCR's mandate hosted in the country (by country of asylum),people,True,2021,14308,UNHCR,UNHCR Refugee Population Statistics,https://www.unhcr.org/refugee-statistics/,2026-09-10T00:36:24+00:00
SYR,Syrian Arab Republic,displacement_refugees_hosted,Refugees (hosted),Context,Displacement,Context,Refugees under UNHCR's mandate hosted in the country (by country of asylum),people,True,2022,13121,UNHCR,UNHCR Refugee Population Statistics,https://www.unhcr.org/refugee-statistics/,2026-09-10T00:36:24+00:00
SYR,Syrian Arab Republic,displacement_refugees_hosted,Refugees (hosted),Context,Displacement,Context,Refugees under UNHCR's mandate hosted in the country (by country of asylum),people,True,2023,12011,UNHCR,UNHCR Refugee Population Statistics,https://www.unhcr.org/refugee-statistics/,2026-09-10T00:36:24+00:00
SYR,Syrian Arab Republic,displacement_refugees_hosted,Refugees (hosted),Context,Displacement,Context,Refugees under UNHCR's mandate hosted in the country (by country of asylum),people,True,2024,11635,UNHCR,UNHCR Refugee Population Statistics,https://www.unhcr.org/refugee-statistics/,2026-09-10T00:36:24+00:00
TUN,Tunisia,displacement_refugees_origin,Refugees (from country),Context,Displacement,Context,Refugees under UNHCR's mandate originating from the country,people,True,2000,1205,UNHCR,UNHCR Refugee Population Statistics,https://www.unhcr.org/refugee-statistics/,2026-09-10T00:36:24+00:00
TUN,Tunisia,displacement_idps,Internally displaced persons,Context,Displacement,Context,Internally displaced persons of concern to UNHCR in the country,people,True,2000,0,UNHCR,UNHCR Refugee Population Statistics,https://www.unhcr.org/refugee-statistics/,2026-09-10T00:36:24+00:00
TUN,Tunisia,displacement_refugees_origin,Refugees (from country),Context,Displacement,Context,Refugees under UNHCR's mandate originating from the country,people,True,2001,1364,UNHCR,UNHCR Refugee Population Statistics,https://www.unhcr.org/refugee-statistics/,2026-09-10T00:36:24+00:00
TUN,Tunisia,displacement_idps,Internally displaced persons,Context,Displacement,Context,Internally displaced persons of concern to UNHCR in the country,people,True,2001,0,UNHCR,UNHCR Refugee Population Statistics,https://www.unhcr.org/refugee-statistics/,2026-09-10T00:36:24+00:00
TUN,Tunisia,displacement_refugees_origin,Refugees (from country),Context,Displacement,Context,Refugees under UNHCR's mandate originating from the country,people,True,2002,2543,UNHCR,UNHCR Refugee Population Statistics,https://www.unhcr.org/refugee-statistics/,2026-09-10T00:36:24+00:00
TUN,Tunisia,displacement_idps,Internally displaced persons,Context,Displacement,Context,Internally displaced persons of concern to UNHCR in the country,people,True,2002,0,UNHCR,UNHCR Refugee Population Statistics,https://www.unhcr.org/refugee-statistics/,2026-09-10T00:36:24+00:00
TUN,Tunisia,displacement_refugees_origin,Refugees (from country),Context,Displacement,Context,Refugees under UNHCR's mandate originating from the country,people,True,2003,2562,UNHCR,UNHCR Refugee Population Statistics,https://www.unhcr.org/refugee-statistics/,2026-09-10T00:36:24+00:00
TUN,Tunisia,displacement_idps,Internally displaced persons,Context,Displacement,Context,Internally displaced persons of concern to UNHCR in the country,people,True,2003,0,UNHCR,UNHCR Refugee Population Statistics,https://www.unhcr.org/refugee-statistics/,2026-09-10T00:36:24+00:00
TUN,Tunisia,displacement_refugees_origin,Refugees (from country),Context,Displacement,Context,Refugees under UNHCR's mandate originating from the country,people,True,2004,2511,UNHCR,UNHCR Refugee Population Statistics,https://www.unhcr.org/refugee-statistics/,2026-09-10T00:36:24+00:00
TUN,Tunisia,displacement_idps,Internally displaced persons,Context,Displacement,Context,Internally displaced persons of concern to UNHCR in the country,people,True,2004,0,UNHCR,UNHCR Refugee Population Statistics,https://www.unhcr.org/refugee-statistics/,2026-09-10T00:36:24+00:00
TUN,Tunisia,displacement_refugees_origin,Refugees (from country),Context,Displacement,Context,Refugees under UNHCR's mandate originating from the country,people,True,2005,3120,UNHCR,UNHCR Refugee Population Statistics,https://www.unhcr.org/refugee-statistics/,2026-09-10T00:36:24+00:00
TUN,Tunisia,displacement_idps,Internally displaced persons,Context,Displacement,Context,Internally displaced persons of concern to UNHCR in the country,people,True,2005,0,UNHCR,UNHCR Refugee Population Statistics,https://www.unhcr.org/refugee-statistics/,2026-09-10T00:36:24+00:00
TUN,Tunisia,displacement_refugees_origin,Refugees (from country),Context,Displacement,Context,Refugees under UNHCR's mandate originating from the country,people,True,2006,2835,UNHCR,UNHCR Refugee Population Statistics,https://www.unhcr.org/refugee-statistics/,2026-09-10T00:36:24+00:00
TUN,Tunisia,displacement_idps,Internally displaced persons,Context,Displacement,Context,Internally displaced persons of concern to UNHCR in the country,people,True,2006,0,UNHCR,UNHCR Refugee Population Statistics,https://www.unhcr.org/refugee-statistics/,2026-09-10T00:36:24+00:00
TUN,Tunisia,displacement_refugees_origin,Refugees (from country),Context,Displacement,Context,Refugees under UNHCR's mandate originating from the country,people,True,2007,2488,UNHCR,UNHCR Refugee Population Statistics,https://www.unhcr.org/refugee-statistics/,2026-09-10T00:36:24+00:00
TUN,Tunisia,displacement_idps,Internally displaced persons,Context,Displacement,Context,Internally displaced persons of concern to UNHCR in the country,people,True,2007,0,UNHCR,UNHCR Refugee Population Statistics,https://www.unhcr.org/refugee-statistics/,2026-09-10T00:36:24+00:00
TUN,Tunisia,displacement_refugees_origin,Refugees (from country),Context,Displacement,Context,Refugees under UNHCR's mandate originating from the country,people,True,2008,2334,UNHCR,UNHCR Refugee Population Statistics,https://www.unhcr.org/refugee-statistics/,2026-09-10T00:36:24+00:00
TUN,Tunisia,displacement_idps,Internally displaced persons,Context,Displacement,Context,Internally displaced persons of concern to UNHCR in the country,people,True,2008,0,UNHCR,UNHCR Refugee Population Statistics,https://www.unhcr.org/refugee-statistics/,2026-09-10T00:36:24+00:00
TUN,Tunisia,displacement_refugees_origin,Refugees (from country),Context,Displacement,Context,Refugees under UNHCR's mandate originating from the country,people,True,2009,2237,UNHCR,UNHCR Refugee Population Statistics,https://www.unhcr.org/refugee-statistics/,2026-09-10T00:36:24+00:00
TUN,Tunisia,displacement_idps,Internally displaced persons,Context,Displacement,Context,Internally displaced persons of concern to UNHCR in the country,people,True,2009,0,UNHCR,UNHCR Refugee Population Statistics,https://www.unhcr.org/refugee-statistics/,2026-09-10T00:36:24+00:00
TUN,Tunisia,displacement_refugees_origin,Refugees (from country),Context,Displacement,Context,Refugees under UNHCR's mandate originating from the country,people,True,2010,2159,UNHCR,UNHCR Refugee Population Statistics,https://www.unhcr.org/refugee-statistics/,2026-09-10T00:36:24+00:00
TUN,Tunisia,displacement_idps,Internally displaced persons,Context,Displacement,Context,Internally displaced persons of concern to UNHCR in the country,people,True,2010,0,UNHCR,UNHCR Refugee Population Statistics,https://www.unhcr.org/refugee-statistics/,2026-09-10T00:36:24+00:00
TUN,Tunisia,displacement_refugees_origin,Refugees (from country),Context,Displacement,Context,Refugees under UNHCR's mandate originating from the country,people,True,2011,1930,UNHCR,UNHCR Refugee Population Statistics,https://www.unhcr.org/refugee-statistics/,2026-09-10T00:36:24+00:00
TUN,Tunisia,displacement_idps,Internally displaced persons,Context,Displacement,Context,Internally displaced persons of concern to UNHCR in the country,people,True,2011,0,UNHCR,UNHCR Refugee Population Statistics,https://www.unhcr.org/refugee-statistics/,2026-09-10T00:36:24+00:00
TUN,Tunisia,displacement_refugees_origin,Refugees (from country),Context,Displacement,Context,Refugees under UNHCR's mandate originating from the country,people,True,2012,1918,UNHCR,UNHCR Refugee Population Statistics,https://www.unhcr.org/refugee-statistics/,2026-09-10T00:36:24+00:00
TUN,Tunisia,displacement_idps,Internally displaced persons,Context,Displacement,Context,Internally displaced persons of concern to UNHCR in the country,people,True,2012,0,UNHCR,UNHCR Refugee Population Statistics,https://www.unhcr.org/refugee-statistics/,2026-09-10T00:36:24+00:00
TUN,Tunisia,displacement_refugees_origin,Refugees (from country),Context,Displacement,Context,Refugees under UNHCR's mandate originating from the country,people,True,2013,1359,UNHCR,UNHCR Refugee Population Statistics,https://www.unhcr.org/refugee-statistics/,2026-09-10T00:36:24+00:00
TUN,Tunisia,displacement_idps,Internally displaced persons,Context,Displacement,Context,Internally displaced persons of concern to UNHCR in the country,people,True,2013,0,UNHCR,UNHCR Refugee Population Statistics,https://www.unhcr.org/refugee-statistics/,2026-09-10T00:36:24+00:00
TUN,Tunisia,displacement_refugees_origin,Refugees (from country),Context,Displacement,Context,Refugees under UNHCR's mandate originating from the country,people,True,2014,1476,UNHCR,UNHCR Refugee Population Statistics,https://www.unhcr.org/refugee-statistics/,2026-09-10T00:36:24+00:00
TUN,Tunisia,displacement_idps,Internally displaced persons,Context,Displacement,Context,Internally displaced persons of concern to UNHCR in the country,people,True,2014,0,UNHCR,UNHCR Refugee Population Statistics,https://www.unhcr.org/refugee-statistics/,2026-09-10T00:36:24+00:00
TUN,Tunisia,displacement_refugees_origin,Refugees (from country),Context,Displacement,Context,Refugees under UNHCR's mandate originating from the country,people,True,2015,1554,UNHCR,UNHCR Refugee Population Statistics,https://www.unhcr.org/refugee-statistics/,2026-09-10T00:36:24+00:00
TUN,Tunisia,displacement_idps,Internally displaced persons,Context,Displacement,Context,Internally displaced persons of concern to UNHCR in the country,people,True,2015,0,UNHCR,UNHCR Refugee Population Statistics,https://www.unhcr.org/refugee-statistics/,2026-09-10T00:36:24+00:00
TUN,Tunisia,displacement_refugees_origin,Refugees (from country),Context,Displacement,Context,Refugees under UNHCR's mandate originating from the country,people,True,2016,1687,UNHCR,UNHCR Refugee Population Statistics,https://www.unhcr.org/refugee-statistics/,2026-09-10T00:36:24+00:00
TUN,Tunisia,displacement_idps,Internally displaced persons,Context,Displacement,Context,Internally displaced persons of concern to UNHCR in the country,people,True,2016,0,UNHCR,UNHCR Refugee Population Statistics,https://www.unhcr.org/refugee-statistics/,2026-09-10T00:36:24+00:00
TUN,Tunisia,displacement_refugees_origin,Refugees (from country),Context,Displacement,Context,Refugees under UNHCR's mandate originating from the country,people,True,2017,1826,UNHCR,UNHCR Refugee Population Statistics,https://www.unhcr.org/refugee-statistics/,2026-09-10T00:36:24+00:00
TUN,Tunisia,displacement_idps,Internally displaced persons,Context,Displacement,Context,Internally displaced persons of concern to UNHCR in the country,people,True,2017,0,UNHCR,UNHCR Refugee Population Statistics,https://www.unhcr.org/refugee-statistics/,2026-09-10T00:36:24+00:00
TUN,Tunisia,displacement_refugees_origin,Refugees (from country),Context,Displacement,Context,Refugees under UNHCR's mandate originating from the country,people,True,2018,1985,UNHCR,UNHCR Refugee Population Statistics,https://www.unhcr.org/refugee-statistics/,2026-09-10T00:36:24+00:00
TUN,Tunisia,displacement_idps,Internally displaced persons,Context,Displacement,Context,Internally displaced persons of concern to UNHCR in the country,people,True,2018,0,UNHCR,UNHCR Refugee Population Statistics,https://www.unhcr.org/refugee-statistics/,2026-09-10T00:36:24+00:00
TUN,Tunisia,displacement_refugees_origin,Refugees (from country),Context,Displacement,Context,Refugees under UNHCR's mandate originating from the country,people,True,2019,2068,UNHCR,UNHCR Refugee Population Statistics,https://www.unhcr.org/refugee-statistics/,2026-09-10T00:36:24+00:00
TUN,Tunisia,displacement_idps,Internally displaced persons,Context,Displacement,Context,Internally displaced persons of concern to UNHCR in the country,people,True,2019,0,UNHCR,UNHCR Refugee Population Statistics,https://www.unhcr.org/refugee-statistics/,2026-09-10T00:36:24+00:00
TUN,Tunisia,displacement_refugees_origin,Refugees (from country),Context,Displacement,Context,Refugees under UNHCR's mandate originating from the country,people,True,2020,1636,UNHCR,UNHCR Refugee Population Statistics,https://www.unhcr.org/refugee-statistics/,2026-09-10T00:36:24+00:00
TUN,Tunisia,displacement_idps,Internally displaced persons,Context,Displacement,Context,Internally displaced persons of concern to UNHCR in the country,people,True,2020,0,UNHCR,UNHCR Refugee Population Statistics,https://www.unhcr.org/refugee-statistics/,2026-09-10T00:36:24+00:00
TUN,Tunisia,displacement_refugees_origin,Refugees (from country),Context,Displacement,Context,Refugees under UNHCR's mandate originating from the country,people,True,2021,2201,UNHCR,UNHCR Refugee Population Statistics,https://www.unhcr.org/refugee-statistics/,2026-09-10T00:36:24+00:00
TUN,Tunisia,displacement_idps,Internally displaced persons,Context,Displacement,Context,Internally displaced persons of concern to UNHCR in the country,people,True,2021,0,UNHCR,UNHCR Refugee Population Statistics,https://www.unhcr.org/refugee-statistics/,2026-09-10T00:36:24+00:00
TUN,Tunisia,displacement_refugees_origin,Refugees (from country),Context,Displacement,Context,Refugees under UNHCR's mandate originating from the country,people,True,2022,2691,UNHCR,UNHCR Refugee Population Statistics,https://www.unhcr.org/refugee-statistics/,2026-09-10T00:36:24+00:00
TUN,Tunisia,displacement_idps,Internally displaced persons,Context,Displacement,Context,Internally displaced persons of concern to UNHCR in the country,people,True,2022,0,UNHCR,UNHCR Refugee Population Statistics,https://www.unhcr.org/refugee-statistics/,2026-09-10T00:36:24+00:00
TUN,Tunisia,displacement_refugees_origin,Refugees (from country),Context,Displacement,Context,Refugees under UNHCR's mandate originating from the country,people,True,2023,2800,UNHCR,UNHCR Refugee Population Statistics,https://www.unhcr.org/refugee-statistics/,2026-09-10T00:36:24+00:00
TUN,Tunisia,displacement_idps,Internally displaced persons,Context,Displacement,Context,Internally displaced persons of concern to UNHCR in the country,people,True,2023,0,UNHCR,UNHCR Refugee Population Statistics,https://www.unhcr.org/refugee-statistics/,2026-09-10T00:36:24+00:00
TUN,Tunisia,displacement_refugees_origin,Refugees (from country),Context,Displacement,Context,Refugees under UNHCR's mandate originating from the country,people,True,2024,3593,UNHCR,UNHCR Refugee Population Statistics,https://www.unhcr.org/refugee-statistics/,2026-09-10T00:36:24+00:00
TUN,Tunisia,displacement_idps,Internally displaced persons,Context,Displacement,Context,Internally displaced persons of concern to UNHCR in the country,people,True,2024,0,UNHCR,UNHCR Refugee Population Statistics,https://www.unhcr.org/refugee-statistics/,2026-09-10T00:36:24+00:00
TUN,Tunisia,displacement_refugees_hosted,Refugees (hosted),Context,Displacement,Context,Refugees under UNHCR's mandate hosted in the country (by country of asylum),people,True,2000,428,UNHCR,UNHCR Refugee Population Statistics,https://www.unhcr.org/refugee-statistics/,2026-09-10T00:36:24+00:00
TUN,Tunisia,displacement_refugees_hosted,Refugees (hosted),Context,Displacement,Context,Refugees under UNHCR's mandate hosted in the country (by country of asylum),people,True,2001,92,UNHCR,UNHCR Refugee Population Statistics,https://www.unhcr.org/refugee-statistics/,2026-09-10T00:36:24+00:00
TUN,Tunisia,displacement_refugees_hosted,Refugees (hosted),Context,Displacement,Context,Refugees under UNHCR's mandate hosted in the country (by country of asylum),people,True,2002,93,UNHCR,UNHCR Refugee Population Statistics,https://www.unhcr.org/refugee-statistics/,2026-09-10T00:36:24+00:00
TUN,Tunisia,displacement_refugees_hosted,Refugees (hosted),Context,Displacement,Context,Refugees under UNHCR's mandate hosted in the country (by country of asylum),people,True,2003,87,UNHCR,UNHCR Refugee Population Statistics,https://www.unhcr.org/refugee-statistics/,2026-09-10T00:36:24+00:00
TUN,Tunisia,displacement_refugees_hosted,Refugees (hosted),Context,Displacement,Context,Refugees under UNHCR's mandate hosted in the country (by country of asylum),people,True,2004,83,UNHCR,UNHCR Refugee Population Statistics,https://www.unhcr.org/refugee-statistics/,2026-09-10T00:36:24+00:00
TUN,Tunisia,displacement_refugees_hosted,Refugees (hosted),Context,Displacement,Context,Refugees under UNHCR's mandate hosted in the country (by country of asylum),people,True,2005,81,UNHCR,UNHCR Refugee Population Statistics,https://www.unhcr.org/refugee-statistics/,2026-09-10T00:36:24+00:00
TUN,Tunisia,displacement_refugees_hosted,Refugees (hosted),Context,Displacement,Context,Refugees under UNHCR's mandate hosted in the country (by country of asylum),people,True,2006,85,UNHCR,UNHCR Refugee Population Statistics,https://www.unhcr.org/refugee-statistics/,2026-09-10T00:36:24+00:00
TUN,Tunisia,displacement_refugees_hosted,Refugees (hosted),Context,Displacement,Context,Refugees under UNHCR's mandate hosted in the country (by country of asylum),people,True,2007,93,UNHCR,UNHCR Refugee Population Statistics,https://www.unhcr.org/refugee-statistics/,2026-09-10T00:36:24+00:00
TUN,Tunisia,displacement_refugees_hosted,Refugees (hosted),Context,Displacement,Context,Refugees under UNHCR's mandate hosted in the country (by country of asylum),people,True,2008,90,UNHCR,UNHCR Refugee Population Statistics,https://www.unhcr.org/refugee-statistics/,2026-09-10T00:36:24+00:00
TUN,Tunisia,displacement_refugees_hosted,Refugees (hosted),Context,Displacement,Context,Refugees under UNHCR's mandate hosted in the country (by country of asylum),people,True,2009,86,UNHCR,UNHCR Refugee Population Statistics,https://www.unhcr.org/refugee-statistics/,2026-09-10T00:36:24+00:00
TUN,Tunisia,displacement_refugees_hosted,Refugees (hosted),Context,Displacement,Context,Refugees under UNHCR's mandate hosted in the country (by country of asylum),people,True,2010,86,UNHCR,UNHCR Refugee Population Statistics,https://www.unhcr.org/refugee-statistics/,2026-09-10T00:36:24+00:00
TUN,Tunisia,displacement_refugees_hosted,Refugees (hosted),Context,Displacement,Context,Refugees under UNHCR's mandate hosted in the country (by country of asylum),people,True,2011,4085,UNHCR,UNHCR Refugee Population Statistics,https://www.unhcr.org/refugee-statistics/,2026-09-10T00:36:24+00:00
TUN,Tunisia,displacement_refugees_hosted,Refugees (hosted),Context,Displacement,Context,Refugees under UNHCR's mandate hosted in the country (by country of asylum),people,True,2012,1433,UNHCR,UNHCR Refugee Population Statistics,https://www.unhcr.org/refugee-statistics/,2026-09-10T00:36:24+00:00
TUN,Tunisia,displacement_refugees_hosted,Refugees (hosted),Context,Displacement,Context,Refugees under UNHCR's mandate hosted in the country (by country of asylum),people,True,2013,727,UNHCR,UNHCR Refugee Population Statistics,https://www.unhcr.org/refugee-statistics/,2026-09-10T00:36:24+00:00
TUN,Tunisia,displacement_refugees_hosted,Refugees (hosted),Context,Displacement,Context,Refugees under UNHCR's mandate hosted in the country (by country of asylum),people,True,2014,895,UNHCR,UNHCR Refugee Population Statistics,https://www.unhcr.org/refugee-statistics/,2026-09-10T00:36:24+00:00
TUN,Tunisia,displacement_refugees_hosted,Refugees (hosted),Context,Displacement,Context,Refugees under UNHCR's mandate hosted in the country (by country of asylum),people,True,2015,659,UNHCR,UNHCR Refugee Population Statistics,https://www.unhcr.org/refugee-statistics/,2026-09-10T00:36:24+00:00
TUN,Tunisia,displacement_refugees_hosted,Refugees (hosted),Context,Displacement,Context,Refugees under UNHCR's mandate hosted in the country (by country of asylum),people,True,2016,646,UNHCR,UNHCR Refugee Population Statistics,https://www.unhcr.org/refugee-statistics/,2026-09-10T00:36:24+00:00
TUN,Tunisia,displacement_refugees_hosted,Refugees (hosted),Context,Displacement,Context,Refugees under UNHCR's mandate hosted in the country (by country of asylum),people,True,2017,726,UNHCR,UNHCR Refugee Population Statistics,https://www.unhcr.org/refugee-statistics/,2026-09-10T00:36:24+00:00
TUN,Tunisia,displacement_refugees_hosted,Refugees (hosted),Context,Displacement,Context,Refugees under UNHCR's mandate hosted in the country (by country of asylum),people,True,2018,1061,UNHCR,UNHCR Refugee Population Statistics,https://www.unhcr.org/refugee-statistics/,2026-09-10T00:36:24+00:00
TUN,Tunisia,displacement_refugees_hosted,Refugees (hosted),Context,Displacement,Context,Refugees under UNHCR's mandate hosted in the country (by country of asylum),people,True,2019,1732,UNHCR,UNHCR Refugee Population Statistics,https://www.unhcr.org/refugee-statistics/,2026-09-10T00:36:24+00:00
TUN,Tunisia,displacement_refugees_hosted,Refugees (hosted),Context,Displacement,Context,Refugees under UNHCR's mandate hosted in the country (by country of asylum),people,True,2020,2580,UNHCR,UNHCR Refugee Population Statistics,https://www.unhcr.org/refugee-statistics/,2026-09-10T00:36:24+00:00
TUN,Tunisia,displacement_refugees_hosted,Refugees (hosted),Context,Displacement,Context,Refugees under UNHCR's mandate hosted in the country (by country of asylum),people,True,2021,3186,UNHCR,UNHCR Refugee Population Statistics,https://www.unhcr.org/refugee-statistics/,2026-09-10T00:36:24+00:00
TUN,Tunisia,displacement_refugees_hosted,Refugees (hosted),Context,Displacement,Context,Refugees under UNHCR's mandate hosted in the country (by country of asylum),people,True,2022,3299,UNHCR,UNHCR Refugee Population Statistics,https://www.unhcr.org/refugee-statistics/,2026-09-10T00:36:24+00:00
TUN,Tunisia,displacement_refugees_hosted,Refugees (hosted),Context,Displacement,Context,Refugees under UNHCR's mandate hosted in the country (by country of asylum),people,True,2023,3994,UNHCR,UNHCR Refugee Population Statistics,https://www.unhcr.org/refugee-statistics/,2026-09-10T00:36:24+00:00
TUN,Tunisia,displacement_refugees_hosted,Refugees (hosted),Context,Displacement,Context,Refugees under UNHCR's mandate hosted in the country (by country of asylum),people,True,2024,2955,UNHCR,UNHCR Refugee Population Statistics,https://www.unhcr.org/refugee-statistics/,2026-09-10T00:36:24+00:00
ARE,United Arab Emirates,displacement_refugees_origin,Refugees (from country),Context,Displacement,Context,Refugees under UNHCR's mandate originating from the country,people,True,2000,17,UNHCR,UNHCR Refugee Population Statistics,https://www.unhcr.org/refugee-statistics/,2026-09-10T00:36:24+00:00
ARE,United Arab Emirates,displacement_idps,Internally displaced persons,Context,Displacement,Context,Internally displaced persons of concern to UNHCR in the country,people,True,2000,0,UNHCR,UNHCR Refugee Population Statistics,https://www.unhcr.org/refugee-statistics/,2026-09-10T00:36:24+00:00
ARE,United Arab Emirates,displacement_refugees_origin,Refugees (from country),Context,Displacement,Context,Refugees under UNHCR's mandate originating from the country,people,True,2001,18,UNHCR,UNHCR Refugee Population Statistics,https://www.unhcr.org/refugee-statistics/,2026-09-10T00:36:24+00:00
ARE,United Arab Emirates,displacement_idps,Internally displaced persons,Context,Displacement,Context,Internally displaced persons of concern to UNHCR in the country,people,True,2001,0,UNHCR,UNHCR Refugee Population Statistics,https://www.unhcr.org/refugee-statistics/,2026-09-10T00:36:24+00:00
ARE,United Arab Emirates,displacement_refugees_origin,Refugees (from country),Context,Displacement,Context,Refugees under UNHCR's mandate originating from the country,people,True,2002,29,UNHCR,UNHCR Refugee Population Statistics,https://www.unhcr.org/refugee-statistics/,2026-09-10T00:36:24+00:00
ARE,United Arab Emirates,displacement_idps,Internally displaced persons,Context,Displacement,Context,Internally displaced persons of concern to UNHCR in the country,people,True,2002,0,UNHCR,UNHCR Refugee Population Statistics,https://www.unhcr.org/refugee-statistics/,2026-09-10T00:36:24+00:00
ARE,United Arab Emirates,displacement_refugees_origin,Refugees (from country),Context,Displacement,Context,Refugees under UNHCR's mandate originating from the country,people,True,2003,16,UNHCR,UNHCR Refugee Population Statistics,https://www.unhcr.org/refugee-statistics/,2026-09-10T00:36:24+00:00
ARE,United Arab Emirates,displacement_idps,Internally displaced persons,Context,Displacement,Context,Internally displaced persons of concern to UNHCR in the country,people,True,2003,0,UNHCR,UNHCR Refugee Population Statistics,https://www.unhcr.org/refugee-statistics/,2026-09-10T00:36:24+00:00
ARE,United Arab Emirates,displacement_refugees_origin,Refugees (from country),Context,Displacement,Context,Refugees under UNHCR's mandate originating from the country,people,True,2004,69,UNHCR,UNHCR Refugee Population Statistics,https://www.unhcr.org/refugee-statistics/,2026-09-10T00:36:24+00:00
ARE,United Arab Emirates,displacement_idps,Internally displaced persons,Context,Displacement,Context,Internally displaced persons of concern to UNHCR in the country,people,True,2004,0,UNHCR,UNHCR Refugee Population Statistics,https://www.unhcr.org/refugee-statistics/,2026-09-10T00:36:24+00:00
ARE,United Arab Emirates,displacement_refugees_origin,Refugees (from country),Context,Displacement,Context,Refugees under UNHCR's mandate originating from the country,people,True,2005,31,UNHCR,UNHCR Refugee Population Statistics,https://www.unhcr.org/refugee-statistics/,2026-09-10T00:36:24+00:00
ARE,United Arab Emirates,displacement_idps,Internally displaced persons,Context,Displacement,Context,Internally displaced persons of concern to UNHCR in the country,people,True,2005,0,UNHCR,UNHCR Refugee Population Statistics,https://www.unhcr.org/refugee-statistics/,2026-09-10T00:36:24+00:00
ARE,United Arab Emirates,displacement_refugees_origin,Refugees (from country),Context,Displacement,Context,Refugees under UNHCR's mandate originating from the country,people,True,2006,260,UNHCR,UNHCR Refugee Population Statistics,https://www.unhcr.org/refugee-statistics/,2026-09-10T00:36:24+00:00
ARE,United Arab Emirates,displacement_idps,Internally displaced persons,Context,Displacement,Context,Internally displaced persons of concern to UNHCR in the country,people,True,2006,0,UNHCR,UNHCR Refugee Population Statistics,https://www.unhcr.org/refugee-statistics/,2026-09-10T00:36:24+00:00
ARE,United Arab Emirates,displacement_refugees_origin,Refugees (from country),Context,Displacement,Context,Refugees under UNHCR's mandate originating from the country,people,True,2007,305,UNHCR,UNHCR Refugee Population Statistics,https://www.unhcr.org/refugee-statistics/,2026-09-10T00:36:24+00:00
ARE,United Arab Emirates,displacement_idps,Internally displaced persons,Context,Displacement,Context,Internally displaced persons of concern to UNHCR in the country,people,True,2007,0,UNHCR,UNHCR Refugee Population Statistics,https://www.unhcr.org/refugee-statistics/,2026-09-10T00:36:24+00:00
ARE,United Arab Emirates,displacement_refugees_origin,Refugees (from country),Context,Displacement,Context,Refugees under UNHCR's mandate originating from the country,people,True,2008,255,UNHCR,UNHCR Refugee Population Statistics,https://www.unhcr.org/refugee-statistics/,2026-09-10T00:36:24+00:00
ARE,United Arab Emirates,displacement_idps,Internally displaced persons,Context,Displacement,Context,Internally displaced persons of concern to UNHCR in the country,people,True,2008,0,UNHCR,UNHCR Refugee Population Statistics,https://www.unhcr.org/refugee-statistics/,2026-09-10T00:36:24+00:00
ARE,United Arab Emirates,displacement_refugees_origin,Refugees (from country),Context,Displacement,Context,Refugees under UNHCR's mandate originating from the country,people,True,2009,411,UNHCR,UNHCR Refugee Population Statistics,https://www.unhcr.org/refugee-statistics/,2026-09-10T00:36:24+00:00
ARE,United Arab Emirates,displacement_idps,Internally displaced persons,Context,Displacement,Context,Internally displaced persons of concern to UNHCR in the country,people,True,2009,0,UNHCR,UNHCR Refugee Population Statistics,https://www.unhcr.org/refugee-statistics/,2026-09-10T00:36:24+00:00
ARE,United Arab Emirates,displacement_refugees_origin,Refugees (from country),Context,Displacement,Context,Refugees under UNHCR's mandate originating from the country,people,True,2010,418,UNHCR,UNHCR Refugee Population Statistics,https://www.unhcr.org/refugee-statistics/,2026-09-10T00:36:24+00:00
ARE,United Arab Emirates,displacement_idps,Internally displaced persons,Context,Displacement,Context,Internally displaced persons of concern to UNHCR in the country,people,True,2010,0,UNHCR,UNHCR Refugee Population Statistics,https://www.unhcr.org/refugee-statistics/,2026-09-10T00:36:24+00:00
ARE,United Arab Emirates,displacement_refugees_origin,Refugees (from country),Context,Displacement,Context,Refugees under UNHCR's mandate originating from the country,people,True,2011,484,UNHCR,UNHCR Refugee Population Statistics,https://www.unhcr.org/refugee-statistics/,2026-09-10T00:36:24+00:00
ARE,United Arab Emirates,displacement_idps,Internally displaced persons,Context,Displacement,Context,Internally displaced persons of concern to UNHCR in the country,people,True,2011,0,UNHCR,UNHCR Refugee Population Statistics,https://www.unhcr.org/refugee-statistics/,2026-09-10T00:36:24+00:00
ARE,United Arab Emirates,displacement_refugees_origin,Refugees (from country),Context,Displacement,Context,Refugees under UNHCR's mandate originating from the country,people,True,2012,580,UNHCR,UNHCR Refugee Population Statistics,https://www.unhcr.org/refugee-statistics/,2026-09-10T00:36:24+00:00
ARE,United Arab Emirates,displacement_idps,Internally displaced persons,Context,Displacement,Context,Internally displaced persons of concern to UNHCR in the country,people,True,2012,0,UNHCR,UNHCR Refugee Population Statistics,https://www.unhcr.org/refugee-statistics/,2026-09-10T00:36:24+00:00
ARE,United Arab Emirates,displacement_refugees_origin,Refugees (from country),Context,Displacement,Context,Refugees under UNHCR's mandate originating from the country,people,True,2013,84,UNHCR,UNHCR Refugee Population Statistics,https://www.unhcr.org/refugee-statistics/,2026-09-10T00:36:24+00:00
ARE,United Arab Emirates,displacement_idps,Internally displaced persons,Context,Displacement,Context,Internally displaced persons of concern to UNHCR in the country,people,True,2013,0,UNHCR,UNHCR Refugee Population Statistics,https://www.unhcr.org/refugee-statistics/,2026-09-10T00:36:24+00:00
ARE,United Arab Emirates,displacement_refugees_origin,Refugees (from country),Context,Displacement,Context,Refugees under UNHCR's mandate originating from the country,people,True,2014,84,UNHCR,UNHCR Refugee Population Statistics,https://www.unhcr.org/refugee-statistics/,2026-09-10T00:36:24+00:00
ARE,United Arab Emirates,displacement_idps,Internally displaced persons,Context,Displacement,Context,Internally displaced persons of concern to UNHCR in the country,people,True,2014,0,UNHCR,UNHCR Refugee Population Statistics,https://www.unhcr.org/refugee-statistics/,2026-09-10T00:36:24+00:00
ARE,United Arab Emirates,displacement_refugees_origin,Refugees (from country),Context,Displacement,Context,Refugees under UNHCR's mandate originating from the country,people,True,2015,91,UNHCR,UNHCR Refugee Population Statistics,https://www.unhcr.org/refugee-statistics/,2026-09-10T00:36:24+00:00
ARE,United Arab Emirates,displacement_idps,Internally displaced persons,Context,Displacement,Context,Internally displaced persons of concern to UNHCR in the country,people,True,2015,0,UNHCR,UNHCR Refugee Population Statistics,https://www.unhcr.org/refugee-statistics/,2026-09-10T00:36:24+00:00
ARE,United Arab Emirates,displacement_refugees_origin,Refugees (from country),Context,Displacement,Context,Refugees under UNHCR's mandate originating from the country,people,True,2016,103,UNHCR,UNHCR Refugee Population Statistics,https://www.unhcr.org/refugee-statistics/,2026-09-10T00:36:24+00:00
ARE,United Arab Emirates,displacement_idps,Internally displaced persons,Context,Displacement,Context,Internally displaced persons of concern to UNHCR in the country,people,True,2016,0,UNHCR,UNHCR Refugee Population Statistics,https://www.unhcr.org/refugee-statistics/,2026-09-10T00:36:24+00:00
ARE,United Arab Emirates,displacement_refugees_origin,Refugees (from country),Context,Displacement,Context,Refugees under UNHCR's mandate originating from the country,people,True,2017,137,UNHCR,UNHCR Refugee Population Statistics,https://www.unhcr.org/refugee-statistics/,2026-09-10T00:36:24+00:00
ARE,United Arab Emirates,displacement_idps,Internally displaced persons,Context,Displacement,Context,Internally displaced persons of concern to UNHCR in the country,people,True,2017,0,UNHCR,UNHCR Refugee Population Statistics,https://www.unhcr.org/refugee-statistics/,2026-09-10T00:36:24+00:00
ARE,United Arab Emirates,displacement_refugees_origin,Refugees (from country),Context,Displacement,Context,Refugees under UNHCR's mandate originating from the country,people,True,2018,169,UNHCR,UNHCR Refugee Population Statistics,https://www.unhcr.org/refugee-statistics/,2026-09-10T00:36:24+00:00
ARE,United Arab Emirates,displacement_idps,Internally displaced persons,Context,Displacement,Context,Internally displaced persons of concern to UNHCR in the country,people,True,2018,0,UNHCR,UNHCR Refugee Population Statistics,https://www.unhcr.org/refugee-statistics/,2026-09-10T00:36:24+00:00
ARE,United Arab Emirates,displacement_refugees_origin,Refugees (from country),Context,Displacement,Context,Refugees under UNHCR's mandate originating from the country,people,True,2019,155,UNHCR,UNHCR Refugee Population Statistics,https://www.unhcr.org/refugee-statistics/,2026-09-10T00:36:24+00:00
ARE,United Arab Emirates,displacement_idps,Internally displaced persons,Context,Displacement,Context,Internally displaced persons of concern to UNHCR in the country,people,True,2019,0,UNHCR,UNHCR Refugee Population Statistics,https://www.unhcr.org/refugee-statistics/,2026-09-10T00:36:24+00:00
ARE,United Arab Emirates,displacement_refugees_origin,Refugees (from country),Context,Displacement,Context,Refugees under UNHCR's mandate originating from the country,people,True,2020,181,UNHCR,UNHCR Refugee Population Statistics,https://www.unhcr.org/refugee-statistics/,2026-09-10T00:36:24+00:00
ARE,United Arab Emirates,displacement_idps,Internally displaced persons,Context,Displacement,Context,Internally displaced persons of concern to UNHCR in the country,people,True,2020,0,UNHCR,UNHCR Refugee Population Statistics,https://www.unhcr.org/refugee-statistics/,2026-09-10T00:36:24+00:00
ARE,United Arab Emirates,displacement_refugees_origin,Refugees (from country),Context,Displacement,Context,Refugees under UNHCR's mandate originating from the country,people,True,2021,160,UNHCR,UNHCR Refugee Population Statistics,https://www.unhcr.org/refugee-statistics/,2026-09-10T00:36:24+00:00
ARE,United Arab Emirates,displacement_idps,Internally displaced persons,Context,Displacement,Context,Internally displaced persons of concern to UNHCR in the country,people,True,2021,0,UNHCR,UNHCR Refugee Population Statistics,https://www.unhcr.org/refugee-statistics/,2026-09-10T00:36:24+00:00
ARE,United Arab Emirates,displacement_refugees_origin,Refugees (from country),Context,Displacement,Context,Refugees under UNHCR's mandate originating from the country,people,True,2022,199,UNHCR,UNHCR Refugee Population Statistics,https://www.unhcr.org/refugee-statistics/,2026-09-10T00:36:24+00:00
ARE,United Arab Emirates,displacement_idps,Internally displaced persons,Context,Displacement,Context,Internally displaced persons of concern to UNHCR in the country,people,True,2022,0,UNHCR,UNHCR Refugee Population Statistics,https://www.unhcr.org/refugee-statistics/,2026-09-10T00:36:24+00:00
ARE,United Arab Emirates,displacement_refugees_origin,Refugees (from country),Context,Displacement,Context,Refugees under UNHCR's mandate originating from the country,people,True,2023,229,UNHCR,UNHCR Refugee Population Statistics,https://www.unhcr.org/refugee-statistics/,2026-09-10T00:36:24+00:00
ARE,United Arab Emirates,displacement_idps,Internally displaced persons,Context,Displacement,Context,Internally displaced persons of concern to UNHCR in the country,people,True,2023,0,UNHCR,UNHCR Refugee Population Statistics,https://www.unhcr.org/refugee-statistics/,2026-09-10T00:36:24+00:00
ARE,United Arab Emirates,displacement_refugees_origin,Refugees (from country),Context,Displacement,Context,Refugees under UNHCR's mandate originating from the country,people,True,2024,261,UNHCR,UNHCR Refugee Population Statistics,https://www.unhcr.org/refugee-statistics/,2026-09-10T00:36:24+00:00
ARE,United Arab Emirates,displacement_idps,Internally displaced persons,Context,Displacement,Context,Internally displaced persons of concern to UNHCR in the country,people,True,2024,0,UNHCR,UNHCR Refugee Population Statistics,https://www.unhcr.org/refugee-statistics/,2026-09-10T00:36:24+00:00
ARE,United Arab Emirates,displacement_refugees_hosted,Refugees (hosted),Context,Displacement,Context,Refugees under UNHCR's mandate hosted in the country (by country of asylum),people,True,2000,560,UNHCR,UNHCR Refugee Population Statistics,https://www.unhcr.org/refugee-statistics/,2026-09-10T00:36:24+00:00
ARE,United Arab Emirates,displacement_refugees_hosted,Refugees (hosted),Context,Displacement,Context,Refugees under UNHCR's mandate hosted in the country (by country of asylum),people,True,2001,554,UNHCR,UNHCR Refugee Population Statistics,https://www.unhcr.org/refugee-statistics/,2026-09-10T00:36:24+00:00
ARE,United Arab Emirates,displacement_refugees_hosted,Refugees (hosted),Context,Displacement,Context,Refugees under UNHCR's mandate hosted in the country (by country of asylum),people,True,2002,165,UNHCR,UNHCR Refugee Population Statistics,https://www.unhcr.org/refugee-statistics/,2026-09-10T00:36:24+00:00
ARE,United Arab Emirates,displacement_refugees_hosted,Refugees (hosted),Context,Displacement,Context,Refugees under UNHCR's mandate hosted in the country (by country of asylum),people,True,2003,160,UNHCR,UNHCR Refugee Population Statistics,https://www.unhcr.org/refugee-statistics/,2026-09-10T00:36:24+00:00
ARE,United Arab Emirates,displacement_refugees_hosted,Refugees (hosted),Context,Displacement,Context,Refugees under UNHCR's mandate hosted in the country (by country of asylum),people,True,2004,106,UNHCR,UNHCR Refugee Population Statistics,https://www.unhcr.org/refugee-statistics/,2026-09-10T00:36:24+00:00
ARE,United Arab Emirates,displacement_refugees_hosted,Refugees (hosted),Context,Displacement,Context,Refugees under UNHCR's mandate hosted in the country (by country of asylum),people,True,2005,104,UNHCR,UNHCR Refugee Population Statistics,https://www.unhcr.org/refugee-statistics/,2026-09-10T00:36:24+00:00
ARE,United Arab Emirates,displacement_refugees_hosted,Refugees (hosted),Context,Displacement,Context,Refugees under UNHCR's mandate hosted in the country (by country of asylum),people,True,2006,176,UNHCR,UNHCR Refugee Population Statistics,https://www.unhcr.org/refugee-statistics/,2026-09-10T00:36:24+00:00
ARE,United Arab Emirates,displacement_refugees_hosted,Refugees (hosted),Context,Displacement,Context,Refugees under UNHCR's mandate hosted in the country (by country of asylum),people,True,2007,161,UNHCR,UNHCR Refugee Population Statistics,https://www.unhcr.org/refugee-statistics/,2026-09-10T00:36:24+00:00
ARE,United Arab Emirates,displacement_refugees_hosted,Refugees (hosted),Context,Displacement,Context,Refugees under UNHCR's mandate hosted in the country (by country of asylum),people,True,2008,204,UNHCR,UNHCR Refugee Population Statistics,https://www.unhcr.org/refugee-statistics/,2026-09-10T00:36:24+00:00
ARE,United Arab Emirates,displacement_refugees_hosted,Refugees (hosted),Context,Displacement,Context,Refugees under UNHCR's mandate hosted in the country (by country of asylum),people,True,2009,280,UNHCR,UNHCR Refugee Population Statistics,https://www.unhcr.org/refugee-statistics/,2026-09-10T00:36:24+00:00
ARE,United Arab Emirates,displacement_refugees_hosted,Refugees (hosted),Context,Displacement,Context,Refugees under UNHCR's mandate hosted in the country (by country of asylum),people,True,2010,538,UNHCR,UNHCR Refugee Population Statistics,https://www.unhcr.org/refugee-statistics/,2026-09-10T00:36:24+00:00
ARE,United Arab Emirates,displacement_refugees_hosted,Refugees (hosted),Context,Displacement,Context,Refugees under UNHCR's mandate hosted in the country (by country of asylum),people,True,2011,675,UNHCR,UNHCR Refugee Population Statistics,https://www.unhcr.org/refugee-statistics/,2026-09-10T00:36:24+00:00
ARE,United Arab Emirates,displacement_refugees_hosted,Refugees (hosted),Context,Displacement,Context,Refugees under UNHCR's mandate hosted in the country (by country of asylum),people,True,2012,628,UNHCR,UNHCR Refugee Population Statistics,https://www.unhcr.org/refugee-statistics/,2026-09-10T00:36:24+00:00
ARE,United Arab Emirates,displacement_refugees_hosted,Refugees (hosted),Context,Displacement,Context,Refugees under UNHCR's mandate hosted in the country (by country of asylum),people,True,2013,602,UNHCR,UNHCR Refugee Population Statistics,https://www.unhcr.org/refugee-statistics/,2026-09-10T00:36:24+00:00
ARE,United Arab Emirates,displacement_refugees_hosted,Refugees (hosted),Context,Displacement,Context,Refugees under UNHCR's mandate hosted in the country (by country of asylum),people,True,2014,419,UNHCR,UNHCR Refugee Population Statistics,https://www.unhcr.org/refugee-statistics/,2026-09-10T00:36:24+00:00
ARE,United Arab Emirates,displacement_refugees_hosted,Refugees (hosted),Context,Displacement,Context,Refugees under UNHCR's mandate hosted in the country (by country of asylum),people,True,2015,663,UNHCR,UNHCR Refugee Population Statistics,https://www.unhcr.org/refugee-statistics/,2026-09-10T00:36:24+00:00
ARE,United Arab Emirates,displacement_refugees_hosted,Refugees (hosted),Context,Displacement,Context,Refugees under UNHCR's mandate hosted in the country (by country of asylum),people,True,2016,888,UNHCR,UNHCR Refugee Population Statistics,https://www.unhcr.org/refugee-statistics/,2026-09-10T00:36:24+00:00
ARE,United Arab Emirates,displacement_refugees_hosted,Refugees (hosted),Context,Displacement,Context,Refugees under UNHCR's mandate hosted in the country (by country of asylum),people,True,2017,884,UNHCR,UNHCR Refugee Population Statistics,https://www.unhcr.org/refugee-statistics/,2026-09-10T00:36:24+00:00
ARE,United Arab Emirates,displacement_refugees_hosted,Refugees (hosted),Context,Displacement,Context,Refugees under UNHCR's mandate hosted in the country (by country of asylum),people,True,2018,1167,UNHCR,UNHCR Refugee Population Statistics,https://www.unhcr.org/refugee-statistics/,2026-09-10T00:36:24+00:00
ARE,United Arab Emirates,displacement_refugees_hosted,Refugees (hosted),Context,Displacement,Context,Refugees under UNHCR's mandate hosted in the country (by country of asylum),people,True,2019,1242,UNHCR,UNHCR Refugee Population Statistics,https://www.unhcr.org/refugee-statistics/,2026-09-10T00:36:24+00:00
ARE,United Arab Emirates,displacement_refugees_hosted,Refugees (hosted),Context,Displacement,Context,Refugees under UNHCR's mandate hosted in the country (by country of asylum),people,True,2020,1315,UNHCR,UNHCR Refugee Population Statistics,https://www.unhcr.org/refugee-statistics/,2026-09-10T00:36:24+00:00
ARE,United Arab Emirates,displacement_refugees_hosted,Refugees (hosted),Context,Displacement,Context,Refugees under UNHCR's mandate hosted in the country (by country of asylum),people,True,2021,1355,UNHCR,UNHCR Refugee Population Statistics,https://www.unhcr.org/refugee-statistics/,2026-09-10T00:36:24+00:00
ARE,United Arab Emirates,displacement_refugees_hosted,Refugees (hosted),Context,Displacement,Context,Refugees under UNHCR's mandate hosted in the country (by country of asylum),people,True,2022,1399,UNHCR,UNHCR Refugee Population Statistics,https://www.unhcr.org/refugee-statistics/,2026-09-10T00:36:24+00:00
ARE,United Arab Emirates,displacement_refugees_hosted,Refugees (hosted),Context,Displacement,Context,Refugees under UNHCR's mandate hosted in the country (by country of asylum),people,True,2023,1416,UNHCR,UNHCR Refugee Population Statistics,https://www.unhcr.org/refugee-statistics/,2026-09-10T00:36:24+00:00
ARE,United Arab Emirates,displacement_refugees_hosted,Refugees (hosted),Context,Displacement,Context,Refugees under UNHCR's mandate hosted in the country (by country of asylum),people,True,2024,1377,UNHCR,UNHCR Refugee Population Statistics,https://www.unhcr.org/refugee-statistics/,2026-09-10T00:36:24+00:00
YEM,Yemen,displacement_refugees_origin,Refugees (from country),Context,Displacement,Context,Refugees under UNHCR's mandate originating from the country,people,True,2000,2104,UNHCR,UNHCR Refugee Population Statistics,https://www.unhcr.org/refugee-statistics/,2026-09-10T00:36:24+00:00
YEM,Yemen,displacement_idps,Internally displaced persons,Context,Displacement,Context,Internally displaced persons of concern to UNHCR in the country,people,True,2000,0,UNHCR,UNHCR Refugee Population Statistics,https://www.unhcr.org/refugee-statistics/,2026-09-10T00:36:24+00:00
YEM,Yemen,displacement_refugees_origin,Refugees (from country),Context,Displacement,Context,Refugees under UNHCR's mandate originating from the country,people,True,2001,1976,UNHCR,UNHCR Refugee Population Statistics,https://www.unhcr.org/refugee-statistics/,2026-09-10T00:36:24+00:00
YEM,Yemen,displacement_idps,Internally displaced persons,Context,Displacement,Context,Internally displaced persons of concern to UNHCR in the country,people,True,2001,0,UNHCR,UNHCR Refugee Population Statistics,https://www.unhcr.org/refugee-statistics/,2026-09-10T00:36:24+00:00
YEM,Yemen,displacement_refugees_origin,Refugees (from country),Context,Displacement,Context,Refugees under UNHCR's mandate originating from the country,people,True,2002,1595,UNHCR,UNHCR Refugee Population Statistics,https://www.unhcr.org/refugee-statistics/,2026-09-10T00:36:24+00:00
YEM,Yemen,displacement_idps,Internally displaced persons,Context,Displacement,Context,Internally displaced persons of concern to UNHCR in the country,people,True,2002,0,UNHCR,UNHCR Refugee Population Statistics,https://www.unhcr.org/refugee-statistics/,2026-09-10T00:36:24+00:00
YEM,Yemen,displacement_refugees_origin,Refugees (from country),Context,Displacement,Context,Refugees under UNHCR's mandate originating from the country,people,True,2003,1588,UNHCR,UNHCR Refugee Population Statistics,https://www.unhcr.org/refugee-statistics/,2026-09-10T00:36:24+00:00
YEM,Yemen,displacement_idps,Internally displaced persons,Context,Displacement,Context,Internally displaced persons of concern to UNHCR in the country,people,True,2003,0,UNHCR,UNHCR Refugee Population Statistics,https://www.unhcr.org/refugee-statistics/,2026-09-10T00:36:24+00:00
YEM,Yemen,displacement_refugees_origin,Refugees (from country),Context,Displacement,Context,Refugees under UNHCR's mandate originating from the country,people,True,2004,1599,UNHCR,UNHCR Refugee Population Statistics,https://www.unhcr.org/refugee-statistics/,2026-09-10T00:36:24+00:00
YEM,Yemen,displacement_idps,Internally displaced persons,Context,Displacement,Context,Internally displaced persons of concern to UNHCR in the country,people,True,2004,0,UNHCR,UNHCR Refugee Population Statistics,https://www.unhcr.org/refugee-statistics/,2026-09-10T00:36:24+00:00
YEM,Yemen,displacement_refugees_origin,Refugees (from country),Context,Displacement,Context,Refugees under UNHCR's mandate originating from the country,people,True,2005,1322,UNHCR,UNHCR Refugee Population Statistics,https://www.unhcr.org/refugee-statistics/,2026-09-10T00:36:24+00:00
YEM,Yemen,displacement_idps,Internally displaced persons,Context,Displacement,Context,Internally displaced persons of concern to UNHCR in the country,people,True,2005,0,UNHCR,UNHCR Refugee Population Statistics,https://www.unhcr.org/refugee-statistics/,2026-09-10T00:36:24+00:00
YEM,Yemen,displacement_refugees_origin,Refugees (from country),Context,Displacement,Context,Refugees under UNHCR's mandate originating from the country,people,True,2006,1364,UNHCR,UNHCR Refugee Population Statistics,https://www.unhcr.org/refugee-statistics/,2026-09-10T00:36:24+00:00
YEM,Yemen,displacement_idps,Internally displaced persons,Context,Displacement,Context,Internally displaced persons of concern to UNHCR in the country,people,True,2006,0,UNHCR,UNHCR Refugee Population Statistics,https://www.unhcr.org/refugee-statistics/,2026-09-10T00:36:24+00:00
YEM,Yemen,displacement_refugees_origin,Refugees (from country),Context,Displacement,Context,Refugees under UNHCR's mandate originating from the country,people,True,2007,1621,UNHCR,UNHCR Refugee Population Statistics,https://www.unhcr.org/refugee-statistics/,2026-09-10T00:36:24+00:00
YEM,Yemen,displacement_idps,Internally displaced persons,Context,Displacement,Context,Internally displaced persons of concern to UNHCR in the country,people,True,2007,77000,UNHCR,UNHCR Refugee Population Statistics,https://www.unhcr.org/refugee-statistics/,2026-09-10T00:36:24+00:00
YEM,Yemen,displacement_refugees_origin,Refugees (from country),Context,Displacement,Context,Refugees under UNHCR's mandate originating from the country,people,True,2008,1764,UNHCR,UNHCR Refugee Population Statistics,https://www.unhcr.org/refugee-statistics/,2026-09-10T00:36:24+00:00
YEM,Yemen,displacement_idps,Internally displaced persons,Context,Displacement,Context,Internally displaced persons of concern to UNHCR in the country,people,True,2008,100000,UNHCR,UNHCR Refugee Population Statistics,https://www.unhcr.org/refugee-statistics/,2026-09-10T00:36:24+00:00
YEM,Yemen,displacement_refugees_origin,Refugees (from country),Context,Displacement,Context,Refugees under UNHCR's mandate originating from the country,people,True,2009,1927,UNHCR,UNHCR Refugee Population Statistics,https://www.unhcr.org/refugee-statistics/,2026-09-10T00:36:24+00:00
YEM,Yemen,displacement_idps,Internally displaced persons,Context,Displacement,Context,Internally displaced persons of concern to UNHCR in the country,people,True,2009,250000,UNHCR,UNHCR Refugee Population Statistics,https://www.unhcr.org/refugee-statistics/,2026-09-10T00:36:24+00:00
YEM,Yemen,displacement_refugees_origin,Refugees (from country),Context,Displacement,Context,Refugees under UNHCR's mandate originating from the country,people,True,2010,2070,UNHCR,UNHCR Refugee Population Statistics,https://www.unhcr.org/refugee-statistics/,2026-09-10T00:36:24+00:00
YEM,Yemen,displacement_idps,Internally displaced persons,Context,Displacement,Context,Internally displaced persons of concern to UNHCR in the country,people,True,2010,220994,UNHCR,UNHCR Refugee Population Statistics,https://www.unhcr.org/refugee-statistics/,2026-09-10T00:36:24+00:00
YEM,Yemen,displacement_refugees_origin,Refugees (from country),Context,Displacement,Context,Refugees under UNHCR's mandate originating from the country,people,True,2011,2321,UNHCR,UNHCR Refugee Population Statistics,https://www.unhcr.org/refugee-statistics/,2026-09-10T00:36:24+00:00
YEM,Yemen,displacement_idps,Internally displaced persons,Context,Displacement,Context,Internally displaced persons of concern to UNHCR in the country,people,True,2011,347295,UNHCR,UNHCR Refugee Population Statistics,https://www.unhcr.org/refugee-statistics/,2026-09-10T00:36:24+00:00
YEM,Yemen,displacement_refugees_origin,Refugees (from country),Context,Displacement,Context,Refugees under UNHCR's mandate originating from the country,people,True,2012,2582,UNHCR,UNHCR Refugee Population Statistics,https://www.unhcr.org/refugee-statistics/,2026-09-10T00:36:24+00:00
YEM,Yemen,displacement_idps,Internally displaced persons,Context,Displacement,Context,Internally displaced persons of concern to UNHCR in the country,people,True,2012,385320,UNHCR,UNHCR Refugee Population Statistics,https://www.unhcr.org/refugee-statistics/,2026-09-10T00:36:24+00:00
YEM,Yemen,displacement_refugees_origin,Refugees (from country),Context,Displacement,Context,Refugees under UNHCR's mandate originating from the country,people,True,2013,2413,UNHCR,UNHCR Refugee Population Statistics,https://www.unhcr.org/refugee-statistics/,2026-09-10T00:36:24+00:00
YEM,Yemen,displacement_idps,Internally displaced persons,Context,Displacement,Context,Internally displaced persons of concern to UNHCR in the country,people,True,2013,306614,UNHCR,UNHCR Refugee Population Statistics,https://www.unhcr.org/refugee-statistics/,2026-09-10T00:36:24+00:00
YEM,Yemen,displacement_refugees_origin,Refugees (from country),Context,Displacement,Context,Refugees under UNHCR's mandate originating from the country,people,True,2014,2623,UNHCR,UNHCR Refugee Population Statistics,https://www.unhcr.org/refugee-statistics/,2026-09-10T00:36:24+00:00
YEM,Yemen,displacement_idps,Internally displaced persons,Context,Displacement,Context,Internally displaced persons of concern to UNHCR in the country,people,True,2014,334093,UNHCR,UNHCR Refugee Population Statistics,https://www.unhcr.org/refugee-statistics/,2026-09-10T00:36:24+00:00
YEM,Yemen,displacement_refugees_origin,Refugees (from country),Context,Displacement,Context,Refugees under UNHCR's mandate originating from the country,people,True,2015,15901,UNHCR,UNHCR Refugee Population Statistics,https://www.unhcr.org/refugee-statistics/,2026-09-10T00:36:24+00:00
YEM,Yemen,displacement_idps,Internally displaced persons,Context,Displacement,Context,Internally displaced persons of concern to UNHCR in the country,people,True,2015,2532032,UNHCR,UNHCR Refugee Population Statistics,https://www.unhcr.org/refugee-statistics/,2026-09-10T00:36:24+00:00
YEM,Yemen,displacement_refugees_origin,Refugees (from country),Context,Displacement,Context,Refugees under UNHCR's mandate originating from the country,people,True,2016,18427,UNHCR,UNHCR Refugee Population Statistics,https://www.unhcr.org/refugee-statistics/,2026-09-10T00:36:24+00:00
YEM,Yemen,displacement_idps,Internally displaced persons,Context,Displacement,Context,Internally displaced persons of concern to UNHCR in the country,people,True,2016,2025060,UNHCR,UNHCR Refugee Population Statistics,https://www.unhcr.org/refugee-statistics/,2026-09-10T00:36:24+00:00
YEM,Yemen,displacement_refugees_origin,Refugees (from country),Context,Displacement,Context,Refugees under UNHCR's mandate originating from the country,people,True,2017,23555,UNHCR,UNHCR Refugee Population Statistics,https://www.unhcr.org/refugee-statistics/,2026-09-10T00:36:24+00:00
YEM,Yemen,displacement_idps,Internally displaced persons,Context,Displacement,Context,Internally displaced persons of concern to UNHCR in the country,people,True,2017,2014062,UNHCR,UNHCR Refugee Population Statistics,https://www.unhcr.org/refugee-statistics/,2026-09-10T00:36:24+00:00
YEM,Yemen,displacement_refugees_origin,Refugees (from country),Context,Displacement,Context,Refugees under UNHCR's mandate originating from the country,people,True,2018,31145,UNHCR,UNHCR Refugee Population Statistics,https://www.unhcr.org/refugee-statistics/,2026-09-10T00:36:24+00:00
YEM,Yemen,displacement_idps,Internally displaced persons,Context,Displacement,Context,Internally displaced persons of concern to UNHCR in the country,people,True,2018,2144719,UNHCR,UNHCR Refugee Population Statistics,https://www.unhcr.org/refugee-statistics/,2026-09-10T00:36:24+00:00
YEM,Yemen,displacement_refugees_origin,Refugees (from country),Context,Displacement,Context,Refugees under UNHCR's mandate originating from the country,people,True,2019,36522,UNHCR,UNHCR Refugee Population Statistics,https://www.unhcr.org/refugee-statistics/,2026-09-10T00:36:24+00:00
YEM,Yemen,displacement_idps,Internally displaced persons,Context,Displacement,Context,Internally displaced persons of concern to UNHCR in the country,people,True,2019,3625716,UNHCR,UNHCR Refugee Population Statistics,https://www.unhcr.org/refugee-statistics/,2026-09-10T00:36:24+00:00
YEM,Yemen,displacement_refugees_origin,Refugees (from country),Context,Displacement,Context,Refugees under UNHCR's mandate originating from the country,people,True,2020,32433,UNHCR,UNHCR Refugee Population Statistics,https://www.unhcr.org/refugee-statistics/,2026-09-10T00:36:24+00:00
YEM,Yemen,displacement_idps,Internally displaced persons,Context,Displacement,Context,Internally displaced persons of concern to UNHCR in the country,people,True,2020,4002012,UNHCR,UNHCR Refugee Population Statistics,https://www.unhcr.org/refugee-statistics/,2026-09-10T00:36:24+00:00
YEM,Yemen,displacement_refugees_origin,Refugees (from country),Context,Displacement,Context,Refugees under UNHCR's mandate originating from the country,people,True,2021,37615,UNHCR,UNHCR Refugee Population Statistics,https://www.unhcr.org/refugee-statistics/,2026-09-10T00:36:24+00:00
YEM,Yemen,displacement_idps,Internally displaced persons,Context,Displacement,Context,Internally displaced persons of concern to UNHCR in the country,people,True,2021,4288739,UNHCR,UNHCR Refugee Population Statistics,https://www.unhcr.org/refugee-statistics/,2026-09-10T00:36:24+00:00
YEM,Yemen,displacement_refugees_origin,Refugees (from country),Context,Displacement,Context,Refugees under UNHCR's mandate originating from the country,people,True,2022,40147,UNHCR,UNHCR Refugee Population Statistics,https://www.unhcr.org/refugee-statistics/,2026-09-10T00:36:24+00:00
YEM,Yemen,displacement_idps,Internally displaced persons,Context,Displacement,Context,Internally displaced persons of concern to UNHCR in the country,people,True,2022,4523022,UNHCR,UNHCR Refugee Population Statistics,https://www.unhcr.org/refugee-statistics/,2026-09-10T00:36:24+00:00
YEM,Yemen,displacement_refugees_origin,Refugees (from country),Context,Displacement,Context,Refugees under UNHCR's mandate originating from the country,people,True,2023,48044,UNHCR,UNHCR Refugee Population Statistics,https://www.unhcr.org/refugee-statistics/,2026-09-10T00:36:24+00:00
YEM,Yemen,displacement_idps,Internally displaced persons,Context,Displacement,Context,Internally displaced persons of concern to UNHCR in the country,people,True,2023,4516341,UNHCR,UNHCR Refugee Population Statistics,https://www.unhcr.org/refugee-statistics/,2026-09-10T00:36:24+00:00
YEM,Yemen,displacement_refugees_origin,Refugees (from country),Context,Displacement,Context,Refugees under UNHCR's mandate originating from the country,people,True,2024,51384,UNHCR,UNHCR Refugee Population Statistics,https://www.unhcr.org/refugee-statistics/,2026-09-10T00:36:24+00:00
YEM,Yemen,displacement_idps,Internally displaced persons,Context,Displacement,Context,Internally displaced persons of concern to UNHCR in the country,people,True,2024,4795983,UNHCR,UNHCR Refugee Population Statistics,https://www.unhcr.org/refugee-statistics/,2026-09-10T00:36:24+00:00
YEM,Yemen,displacement_refugees_hosted,Refugees (hosted),Context,Displacement,Context,Refugees under UNHCR's mandate hosted in the country (by country of asylum),people,True,2000,60543,UNHCR,UNHCR Refugee Population Statistics,https://www.unhcr.org/refugee-statistics/,2026-09-10T00:36:24+00:00
YEM,Yemen,displacement_refugees_hosted,Refugees (hosted),Context,Displacement,Context,Refugees under UNHCR's mandate hosted in the country (by country of asylum),people,True,2001,69462,UNHCR,UNHCR Refugee Population Statistics,https://www.unhcr.org/refugee-statistics/,2026-09-10T00:36:24+00:00
YEM,Yemen,displacement_refugees_hosted,Refugees (hosted),Context,Displacement,Context,Refugees under UNHCR's mandate hosted in the country (by country of asylum),people,True,2002,82795,UNHCR,UNHCR Refugee Population Statistics,https://www.unhcr.org/refugee-statistics/,2026-09-10T00:36:24+00:00
YEM,Yemen,displacement_refugees_hosted,Refugees (hosted),Context,Displacement,Context,Refugees under UNHCR's mandate hosted in the country (by country of asylum),people,True,2003,61876,UNHCR,UNHCR Refugee Population Statistics,https://www.unhcr.org/refugee-statistics/,2026-09-10T00:36:24+00:00
YEM,Yemen,displacement_refugees_hosted,Refugees (hosted),Context,Displacement,Context,Refugees under UNHCR's mandate hosted in the country (by country of asylum),people,True,2004,66379,UNHCR,UNHCR Refugee Population Statistics,https://www.unhcr.org/refugee-statistics/,2026-09-10T00:36:24+00:00
YEM,Yemen,displacement_refugees_hosted,Refugees (hosted),Context,Displacement,Context,Refugees under UNHCR's mandate hosted in the country (by country of asylum),people,True,2005,81932,UNHCR,UNHCR Refugee Population Statistics,https://www.unhcr.org/refugee-statistics/,2026-09-10T00:36:24+00:00
YEM,Yemen,displacement_refugees_hosted,Refugees (hosted),Context,Displacement,Context,Refugees under UNHCR's mandate hosted in the country (by country of asylum),people,True,2006,95791,UNHCR,UNHCR Refugee Population Statistics,https://www.unhcr.org/refugee-statistics/,2026-09-10T00:36:24+00:00
YEM,Yemen,displacement_refugees_hosted,Refugees (hosted),Context,Displacement,Context,Refugees under UNHCR's mandate hosted in the country (by country of asylum),people,True,2007,117358,UNHCR,UNHCR Refugee Population Statistics,https://www.unhcr.org/refugee-statistics/,2026-09-10T00:36:24+00:00
YEM,Yemen,displacement_refugees_hosted,Refugees (hosted),Context,Displacement,Context,Refugees under UNHCR's mandate hosted in the country (by country of asylum),people,True,2008,140166,UNHCR,UNHCR Refugee Population Statistics,https://www.unhcr.org/refugee-statistics/,2026-09-10T00:36:24+00:00
YEM,Yemen,displacement_refugees_hosted,Refugees (hosted),Context,Displacement,Context,Refugees under UNHCR's mandate hosted in the country (by country of asylum),people,True,2009,170850,UNHCR,UNHCR Refugee Population Statistics,https://www.unhcr.org/refugee-statistics/,2026-09-10T00:36:24+00:00
YEM,Yemen,displacement_refugees_hosted,Refugees (hosted),Context,Displacement,Context,Refugees under UNHCR's mandate hosted in the country (by country of asylum),people,True,2010,190088,UNHCR,UNHCR Refugee Population Statistics,https://www.unhcr.org/refugee-statistics/,2026-09-10T00:36:24+00:00
YEM,Yemen,displacement_refugees_hosted,Refugees (hosted),Context,Displacement,Context,Refugees under UNHCR's mandate hosted in the country (by country of asylum),people,True,2011,214736,UNHCR,UNHCR Refugee Population Statistics,https://www.unhcr.org/refugee-statistics/,2026-09-10T00:36:24+00:00
YEM,Yemen,displacement_refugees_hosted,Refugees (hosted),Context,Displacement,Context,Refugees under UNHCR's mandate hosted in the country (by country of asylum),people,True,2012,237176,UNHCR,UNHCR Refugee Population Statistics,https://www.unhcr.org/refugee-statistics/,2026-09-10T00:36:24+00:00
YEM,Yemen,displacement_refugees_hosted,Refugees (hosted),Context,Displacement,Context,Refugees under UNHCR's mandate hosted in the country (by country of asylum),people,True,2013,241281,UNHCR,UNHCR Refugee Population Statistics,https://www.unhcr.org/refugee-statistics/,2026-09-10T00:36:24+00:00
YEM,Yemen,displacement_refugees_hosted,Refugees (hosted),Context,Displacement,Context,Refugees under UNHCR's mandate hosted in the country (by country of asylum),people,True,2014,257637,UNHCR,UNHCR Refugee Population Statistics,https://www.unhcr.org/refugee-statistics/,2026-09-10T00:36:24+00:00
YEM,Yemen,displacement_refugees_hosted,Refugees (hosted),Context,Displacement,Context,Refugees under UNHCR's mandate hosted in the country (by country of asylum),people,True,2015,267163,UNHCR,UNHCR Refugee Population Statistics,https://www.unhcr.org/refugee-statistics/,2026-09-10T00:36:24+00:00
YEM,Yemen,displacement_refugees_hosted,Refugees (hosted),Context,Displacement,Context,Refugees under UNHCR's mandate hosted in the country (by country of asylum),people,True,2016,269778,UNHCR,UNHCR Refugee Population Statistics,https://www.unhcr.org/refugee-statistics/,2026-09-10T00:36:24+00:00
YEM,Yemen,displacement_refugees_hosted,Refugees (hosted),Context,Displacement,Context,Refugees under UNHCR's mandate hosted in the country (by country of asylum),people,True,2017,270913,UNHCR,UNHCR Refugee Population Statistics,https://www.unhcr.org/refugee-statistics/,2026-09-10T00:36:24+00:00
YEM,Yemen,displacement_refugees_hosted,Refugees (hosted),Context,Displacement,Context,Refugees under UNHCR's mandate hosted in the country (by country of asylum),people,True,2018,264359,UNHCR,UNHCR Refugee Population Statistics,https://www.unhcr.org/refugee-statistics/,2026-09-10T00:36:24+00:00
YEM,Yemen,displacement_refugees_hosted,Refugees (hosted),Context,Displacement,Context,Refugees under UNHCR's mandate hosted in the country (by country of asylum),people,True,2019,268503,UNHCR,UNHCR Refugee Population Statistics,https://www.unhcr.org/refugee-statistics/,2026-09-10T00:36:24+00:00
YEM,Yemen,displacement_refugees_hosted,Refugees (hosted),Context,Displacement,Context,Refugees under UNHCR's mandate hosted in the country (by country of asylum),people,True,2020,166906,UNHCR,UNHCR Refugee Population Statistics,https://www.unhcr.org/refugee-statistics/,2026-09-10T00:36:24+00:00
YEM,Yemen,displacement_refugees_hosted,Refugees (hosted),Context,Displacement,Context,Refugees under UNHCR's mandate hosted in the country (by country of asylum),people,True,2021,89467,UNHCR,UNHCR Refugee Population Statistics,https://www.unhcr.org/refugee-statistics/,2026-09-10T00:36:24+00:00
YEM,Yemen,displacement_refugees_hosted,Refugees (hosted),Context,Displacement,Context,Refugees under UNHCR's mandate hosted in the country (by country of asylum),people,True,2022,77458,UNHCR,UNHCR Refugee Population Statistics,https://www.unhcr.org/refugee-statistics/,2026-09-10T00:36:24+00:00
YEM,Yemen,displacement_refugees_hosted,Refugees (hosted),Context,Displacement,Context,Refugees under UNHCR's mandate hosted in the country (by country of asylum),people,True,2023,55568,UNHCR,UNHCR Refugee Population Statistics,https://www.unhcr.org/refugee-statistics/,2026-09-10T00:36:24+00:00
YEM,Yemen,displacement_refugees_hosted,Refugees (hosted),Context,Displacement,Context,Refugees under UNHCR's mandate hosted in the country (by country of asylum),people,True,2024,46827,UNHCR,UNHCR Refugee Population Statistics,https://www.unhcr.org/refugee-statistics/,2026-09-10T00:36:24+00:00
